FSA County,Program Year,Scenario,Records,Disbursement Amount,Minimum Payment Ratio,Maximum Payment Ratio,Minimum Additional Disbursement,Maximum Additional Disbursement
01001,2011,Payment Months (Type 3),2,273530.68,1.5,3,136765.34,547061.36
01001,2011,All Issues (Census),2,273530.68,1.5,3,136765.34,547061.36
01003,2011,Payment Months (Type 3),2,82497,1.5,3,41248.5,164994
01003,2011,All Issues (Census),2,82497,1.5,3,41248.5,164994
01005,2011,Payment Months (Type 3),2,415735,3,3,831470,831470
01005,2011,All Issues (Census),2,415735,3,3,831470,831470
01007,2011,Payment Months (Type 3),2,64566,1.5,3,32283,129132
01007,2011,All Issues (Census),2,64566,1.5,3,32283,129132
01011,2011,Payment Months (Type 3),2,131257,3,3,262514,262514
01011,2011,All Issues (Census),2,131257,3,3,262514,262514
01013,2011,Payment Months (Type 3),2,259792,1.5,2,129896,259792
01013,2011,All Issues (Census),2,259792,1.5,2,129896,259792
01015,2012,Threshold (Type 2),2,598381,1.3333333333333333,1.3333333333333333,199460.33,199460.33
01015,2016,Payment Months (Type 3),1,857256,1.3333333333333333,1.3333333333333333,285752,285752
01015,2016,All Issues (Census),1,857256,1.3333333333333333,1.3333333333333333,285752,285752
01017,2011,Payment Months (Type 3),2,332291,1.5,3,166145.5,664582
01017,2011,All Issues (Census),2,332291,1.5,3,166145.5,664582
01019,2016,Payment Months (Type 3),1,885313,1.3333333333333333,1.3333333333333333,295104.33,295104.33
01019,2016,All Issues (Census),1,885313,1.3333333333333333,1.3333333333333333,295104.33,295104.33
01021,2011,Payment Months (Type 3),2,153896,1.5,3,76948,307792
01021,2011,All Issues (Census),2,153896,1.5,3,76948,307792
01025,2011,Payment Months (Type 3),2,23537,1.5,1.5,11768.5,11768.5
01025,2011,All Issues (Census),2,23537,1.5,1.5,11768.5,11768.5
01027,2011,Payment Months (Type 3),2,697053,1.5,1.5,348526.5,348526.5
01027,2011,All Issues (Census),2,697053,1.5,1.5,348526.5,348526.5
01027,2012,Payment Months (Type 3),1,1196839,1.3333333333333333,1.3333333333333333,398946.33,398946.33
01027,2012,All Issues (Census),1,1196839,1.3333333333333333,1.3333333333333333,398946.33,398946.33
01029,2011,Payment Months (Type 3),1,452660,1.5,1.5,226330,226330
01029,2011,All Issues (Census),1,452660,1.5,1.5,226330,226330
01029,2012,Payment Months (Type 3),1,794258,1.3333333333333333,1.3333333333333333,264752.67,264752.67
01029,2012,All Issues (Census),1,794258,1.3333333333333333,1.3333333333333333,264752.67,264752.67
01029,2016,Payment Months (Type 3),1,691865,1.3333333333333333,1.3333333333333333,230621.67,230621.67
01029,2016,All Issues (Census),1,691865,1.3333333333333333,1.3333333333333333,230621.67,230621.67
01031,2011,Payment Months (Type 3),2,550898,3,3,1101796,1101796
01031,2011,All Issues (Census),2,550898,3,3,1101796,1101796
01035,2011,Payment Months (Type 3),3,220108,1.5,3,110054,440216
01035,2011,All Issues (Census),3,220108,1.5,3,110054,440216
01037,2011,Payment Months (Type 3),2,116705,1.5,3,58352.5,233410
01037,2011,All Issues (Census),2,116705,1.5,3,58352.5,233410
01039,2011,Payment Months (Type 3),2,415585,1.5,3,207792.5,831170
01039,2011,All Issues (Census),2,415585,1.5,3,207792.5,831170
01039,2012,Threshold (Type 2),1,1705328,1.25,1.25,426332,426332
01041,2011,Payment Months (Type 3),3,232322,2,3,232322,464644
01041,2011,All Issues (Census),3,232322,2,3,232322,464644
01045,2011,Payment Months (Type 3),2,476786,3,3,953572,953572
01045,2011,All Issues (Census),2,476786,3,3,953572,953572
01047,2011,Payment Months (Type 3),2,1151426,1.5,3,575713,2302852
01047,2011,All Issues (Census),2,1151426,1.5,3,575713,2302852
01049,2016,Payment Months (Type 3),1,3410349,1.3333333333333333,1.3333333333333333,1136783,1136783
01049,2016,All Issues (Census),1,3410349,1.3333333333333333,1.3333333333333333,1136783,1136783
01051,2011,Payment Months (Type 3),2,422065,1.5,3,211032.5,844130
01051,2011,All Issues (Census),2,422065,1.5,3,211032.5,844130
01053,2011,Payment Months (Type 3),2,77263,1.5,3,38631.5,154526
01053,2011,All Issues (Census),2,77263,1.5,3,38631.5,154526
01055,2016,Payment Months (Type 3),1,1060546,1.3333333333333333,1.3333333333333333,353515.33,353515.33
01055,2016,All Issues (Census),1,1060546,1.3333333333333333,1.3333333333333333,353515.33,353515.33
01061,2011,Payment Months (Type 3),2,1020607,3,3,2041214,2041214
01061,2011,All Issues (Census),2,1020607,3,3,2041214,2041214
01067,2011,Payment Months (Type 3),2,734851,3,3,1469702,1469702
01067,2011,All Issues (Census),2,734851,3,3,1469702,1469702
01069,2011,Payment Months (Type 3),2,716992,3,3,1433984,1433984
01069,2011,All Issues (Census),2,716992,3,3,1433984,1433984
01071,2016,Payment Months (Type 3),1,1894714,1.3333333333333333,1.3333333333333333,631571.33,631571.33
01071,2016,All Issues (Census),1,1894714,1.3333333333333333,1.3333333333333333,631571.33,631571.33
01081,2011,Payment Months (Type 3),2,226734,1.5,3,113367,453468
01081,2011,All Issues (Census),2,226734,1.5,3,113367,453468
01083,2016,Payment Months (Type 3),1,941922,1.3333333333333333,1.3333333333333333,313974,313974
01083,2016,All Issues (Census),1,941922,1.3333333333333333,1.3333333333333333,313974,313974
01085,2011,Payment Months (Type 3),2,1289744.89,2,3,1289744.89,2579489.78
01085,2011,All Issues (Census),2,1289744.89,2,3,1289744.89,2579489.78
01087,2011,Payment Months (Type 3),2,192723,1.5,3,96361.5,385446
01087,2011,All Issues (Census),2,192723,1.5,3,96361.5,385446
01089,2016,Payment Months (Type 3),1,547925,1.3333333333333333,1.3333333333333333,182641.67,182641.67
01089,2016,All Issues (Census),1,547925,1.3333333333333333,1.3333333333333333,182641.67,182641.67
01097,2011,Payment Months (Type 3),2,109381,1.5,3,54690.5,218762
01097,2011,All Issues (Census),2,109381,1.5,3,54690.5,218762
01099,2011,Payment Months (Type 3),2,314058,1.5,1.5,157029,157029
01099,2011,All Issues (Census),2,314058,1.5,1.5,157029,157029
01101,2011,Payment Months (Type 3),2,1501138,3,3,3002276,3002276
01101,2011,All Issues (Census),2,1501138,3,3,3002276,3002276
01105,2011,Payment Months (Type 3),2,751992,1.5,3,375996,1503984
01105,2011,All Issues (Census),2,751992,1.5,3,375996,1503984
01109,2011,Payment Months (Type 3),2,58224,1.5,3,29112,116448
01109,2011,All Issues (Census),2,58224,1.5,3,29112,116448
01111,2011,Payment Months (Type 3),2,1059266,1.5,3,529633,2118532
01111,2011,All Issues (Census),2,1059266,1.5,3,529633,2118532
01111,2012,Payment Months (Type 3),1,2390043,1.3333333333333333,1.3333333333333333,796681,796681
01111,2012,All Issues (Census),1,2390043,1.3333333333333333,1.3333333333333333,796681,796681
01113,2011,Payment Months (Type 3),2,221974,1.5,3,110987,443948
01113,2011,All Issues (Census),2,221974,1.5,3,110987,443948
01113,2012,Boundary (Type 1),2,454362,1.25,1.25,113590.5,113590.5
01113,2012,All Issues (Census),2,454362,1.25,1.25,113590.5,113590.5
01113,2016,Boundary (Type 1),1,373642,1.3333333333333333,1.3333333333333333,124547.33,124547.33
01113,2016,All Issues (Census),1,373642,1.3333333333333333,1.3333333333333333,124547.33,124547.33
01117,2011,Payment Months (Type 3),1,72639,1.5,1.5,36319.5,36319.5
01117,2011,All Issues (Census),1,72639,1.5,1.5,36319.5,36319.5
01121,2011,Payment Months (Type 3),1,403683,1.5,1.5,201841.5,201841.5
01121,2011,All Issues (Census),1,403683,1.5,1.5,201841.5,201841.5
01121,2012,Payment Months (Type 3),1,866235,1.3333333333333333,1.3333333333333333,288745,288745
01121,2012,All Issues (Census),1,866235,1.3333333333333333,1.3333333333333333,288745,288745
01121,2016,Payment Months (Type 3),1,801140,1.3333333333333333,1.3333333333333333,267046.67,267046.67
01121,2016,All Issues (Census),1,801140,1.3333333333333333,1.3333333333333333,267046.67,267046.67
01123,2011,Payment Months (Type 3),2,147935,1.5,3,73967.5,295870
01123,2011,All Issues (Census),2,147935,1.5,3,73967.5,295870
01129,2011,Payment Months (Type 3),2,34833,1.5,1.5,17416.5,17416.5
01129,2011,All Issues (Census),2,34833,1.5,1.5,17416.5,17416.5
01131,2011,Payment Months (Type 3),1,190958,2,2,190958,190958
01131,2011,All Issues (Census),1,190958,2,2,190958,190958
04001,2011,Payment Months (Type 3),1,918675.2,3,3,1837350.4,1837350.4
04001,2011,All Issues (Census),1,918675.2,3,3,1837350.4,1837350.4
04005,2011,Payment Months (Type 3),1,2379867.16,1.5,1.5,1189933.58,1189933.58
04005,2011,All Issues (Census),1,2379867.16,1.5,1.5,1189933.58,1189933.58
04013,2011,Payment Months (Type 3),1,179866,3,3,359732,359732
04013,2011,All Issues (Census),1,179866,3,3,359732,359732
04017,2011,Payment Months (Type 3),1,1116589.73,1.5,1.5,558294.86,558294.86
04017,2011,All Issues (Census),1,1116589.73,1.5,1.5,558294.86,558294.86
04019,2015,Threshold (Type 2),1,118832,3,3,237664,237664
04019,2015,All Issues (Census),1,118832,3,3,237664,237664
04021,2011,Payment Months (Type 3),1,548016,1.5,1.5,274008,274008
04021,2011,All Issues (Census),1,548016,1.5,1.5,274008,274008
05003,2011,Payment Months (Type 3),3,38386,1.5,3,19193,76772
05003,2011,All Issues (Census),3,38386,1.5,3,19193,76772
05005,2012,Payment Months (Type 3),1,1650945,1.25,1.25,412736.25,412736.25
05005,2012,All Issues (Census),1,1650945,1.25,1.25,412736.25,412736.25
05007,2012,Payment Months (Type 3),1,7318036,1.25,1.25,1829509,1829509
05007,2012,All Issues (Census),1,7318036,1.25,1.25,1829509,1829509
05009,2012,Payment Months (Type 3),1,7444706.87,1.25,1.25,1861176.72,1861176.72
05009,2012,All Issues (Census),1,7444706.87,1.25,1.25,1861176.72,1861176.72
05011,2011,Payment Months (Type 3),3,13377,1.5,1.5,6688.5,6688.5
05011,2011,All Issues (Census),3,13377,1.5,1.5,6688.5,6688.5
05013,2011,Payment Months (Type 3),3,47277,3,3,94554,94554
05013,2011,All Issues (Census),3,47277,3,3,94554,94554
05015,2012,Payment Months (Type 3),1,6725735,1.25,1.25,1681433.75,1681433.75
05015,2012,All Issues (Census),1,6725735,1.25,1.25,1681433.75,1681433.75
05017,2011,Payment Months (Type 3),3,116190,1.5,3,58095,232380
05017,2011,All Issues (Census),3,116190,1.5,3,58095,232380
05019,2011,Payment Months (Type 3),3,371240.53,1.5,3,185620.27,742481.06
05019,2011,All Issues (Census),3,371240.53,1.5,3,185620.27,742481.06
05019,2012,Payment Months (Type 3),1,1566983,1.25,1.25,391745.75,391745.75
05019,2012,All Issues (Census),1,1566983,1.25,1.25,391745.75,391745.75
05021,2012,Payment Months (Type 3),1,681761,1.25,1.25,170440.25,170440.25
05021,2012,All Issues (Census),1,681761,1.25,1.25,170440.25,170440.25
05023,2012,Payment Months (Type 3),1,2238049,1.25,1.25,559512.25,559512.25
05023,2012,All Issues (Census),1,2238049,1.25,1.25,559512.25,559512.25
05025,2011,Payment Months (Type 3),1,18752,1.5,1.5,9376,9376
05025,2011,All Issues (Census),1,18752,1.5,1.5,9376,9376
05027,2011,Payment Months (Type 3),3,177202,1.5,3,88601,354404
05027,2011,All Issues (Census),3,177202,1.5,3,88601,354404
05029,2012,Payment Months (Type 3),1,2656970.2,1.25,1.25,664242.55,664242.55
05029,2012,All Issues (Census),1,2656970.2,1.25,1.25,664242.55,664242.55
05031,2012,Payment Months (Type 3),1,368817,1.25,1.25,92204.25,92204.25
05031,2012,All Issues (Census),1,368817,1.25,1.25,92204.25,92204.25
05033,2012,Payment Months (Type 3),1,1573270,1.25,1.25,393317.5,393317.5
05033,2012,All Issues (Census),1,1573270,1.25,1.25,393317.5,393317.5
05037,2012,Payment Months (Type 3),1,198845,1.25,1.25,49711.25,49711.25
05037,2012,All Issues (Census),1,198845,1.25,1.25,49711.25,49711.25
05039,2011,Payment Months (Type 3),3,35599,1.5,3,17799.5,71198
05039,2011,All Issues (Census),3,35599,1.5,3,17799.5,71198
05041,2011,Payment Months (Type 3),4,,1.5,2,,
05041,2011,All Issues (Census),4,,1.5,2,,
05041,2024,Payment Months (Type 3),1,5109,1.25,1.25,1277.25,1277.25
05041,2024,All Issues (Census),1,5109,1.25,1.25,1277.25,1277.25
05043,2011,Payment Months (Type 3),3,114668,1.5,2,57334,114668
05043,2011,All Issues (Census),3,114668,1.5,2,57334,114668
05045,2012,Payment Months (Type 3),1,3417961.52,1.25,1.25,854490.38,854490.38
05045,2012,All Issues (Census),1,3417961.52,1.25,1.25,854490.38,854490.38
05047,2012,Payment Months (Type 3),1,4118783,1.25,1.25,1029695.75,1029695.75
05047,2012,All Issues (Census),1,4118783,1.25,1.25,1029695.75,1029695.75
05049,2012,Payment Months (Type 3),1,4867261,1.25,1.25,1216815.25,1216815.25
05049,2012,All Issues (Census),1,4867261,1.25,1.25,1216815.25,1216815.25
05051,2011,Payment Months (Type 3),3,93079,1.5,3,46539.5,186158
05051,2011,All Issues (Census),3,93079,1.5,3,46539.5,186158
05051,2012,Payment Months (Type 3),1,518187,1.25,1.25,129546.75,129546.75
05051,2012,All Issues (Census),1,518187,1.25,1.25,129546.75,129546.75
05053,2012,Payment Months (Type 3),1,420542,1.25,1.25,105135.5,105135.5
05053,2012,All Issues (Census),1,420542,1.25,1.25,105135.5,105135.5
05055,2012,Payment Months (Type 3),1,597023,1.25,1.25,149255.75,149255.75
05055,2012,All Issues (Census),1,597023,1.25,1.25,149255.75,149255.75
05057,2011,Payment Months (Type 3),3,1861996.11,1.5,3,930998.06,3723992.22
05057,2011,All Issues (Census),3,1861996.11,1.5,3,930998.06,3723992.22
05057,2012,Payment Months (Type 3),1,5346536,1.25,1.25,1336634,1336634
05057,2012,All Issues (Census),1,5346536,1.25,1.25,1336634,1336634
05059,2011,Payment Months (Type 3),3,492309,1.5,3,246154.5,984618
05059,2011,All Issues (Census),3,492309,1.5,3,246154.5,984618
05059,2012,Payment Months (Type 3),1,1593682,1.25,1.25,398420.5,398420.5
05059,2012,All Issues (Census),1,1593682,1.25,1.25,398420.5,398420.5
05061,2011,Payment Months (Type 3),4,772069,1.5,3,386034.5,1544138
05061,2011,All Issues (Census),4,772069,1.5,3,386034.5,1544138
05061,2012,Payment Months (Type 3),1,3657656,1.25,1.25,914414,914414
05061,2012,All Issues (Census),1,3657656,1.25,1.25,914414,914414
05063,2012,Payment Months (Type 3),1,3948783,1.25,1.25,987195.75,987195.75
05063,2012,All Issues (Census),1,3948783,1.25,1.25,987195.75,987195.75
05065,2012,Payment Months (Type 3),1,3006693.74,1.25,1.25,751673.44,751673.44
05065,2012,All Issues (Census),1,3006693.74,1.25,1.25,751673.44,751673.44
05067,2012,Payment Months (Type 3),1,257778,1.25,1.25,64444.5,64444.5
05067,2012,All Issues (Census),1,257778,1.25,1.25,64444.5,64444.5
05071,2012,Payment Months (Type 3),1,1865874,1.25,1.25,466468.5,466468.5
05071,2012,All Issues (Census),1,1865874,1.25,1.25,466468.5,466468.5
05073,2011,Payment Months (Type 3),3,1023633.12,1.5,3,511816.56,2047266.24
05073,2011,All Issues (Census),3,1023633.12,1.5,3,511816.56,2047266.24
05075,2012,Payment Months (Type 3),1,1792605,1.25,1.25,448151.25,448151.25
05075,2012,All Issues (Census),1,1792605,1.25,1.25,448151.25,448151.25
05079,2011,Payment Months (Type 3),1,12405,1.5,1.5,6202.5,6202.5
05079,2011,All Issues (Census),1,12405,1.5,1.5,6202.5,6202.5
05081,2011,Payment Months (Type 3),3,961935,1.5,3,480967.5,1923870
05081,2011,All Issues (Census),3,961935,1.5,3,480967.5,1923870
05083,2012,Payment Months (Type 3),1,4781593,1.25,1.25,1195398.25,1195398.25
05083,2012,All Issues (Census),1,4781593,1.25,1.25,1195398.25,1195398.25
05085,2012,Payment Months (Type 3),1,823630,1.25,1.25,205907.5,205907.5
05085,2012,All Issues (Census),1,823630,1.25,1.25,205907.5,205907.5
05087,2012,Payment Months (Type 3),1,6567730,1.25,1.25,1641932.5,1641932.5
05087,2012,All Issues (Census),1,6567730,1.25,1.25,1641932.5,1641932.5
05089,2012,Payment Months (Type 3),1,2740118,1.25,1.25,685029.5,685029.5
05089,2012,All Issues (Census),1,2740118,1.25,1.25,685029.5,685029.5
05091,2011,Payment Months (Type 3),3,926844,1.5,3,463422,1853688
05091,2011,All Issues (Census),3,926844,1.5,3,463422,1853688
05093,2012,Payment Months (Type 3),1,7565,1.25,1.25,1891.25,1891.25
05093,2012,All Issues (Census),1,7565,1.25,1.25,1891.25,1891.25
05095,2012,Payment Months (Type 3),1,52713,1.25,1.25,13178.25,13178.25
05095,2012,All Issues (Census),1,52713,1.25,1.25,13178.25,13178.25
05097,2011,Payment Months (Type 3),3,576047,1.5,3,288023.5,1152094
05097,2011,All Issues (Census),3,576047,1.5,3,288023.5,1152094
05097,2012,Payment Months (Type 3),1,1720327,1.25,1.25,430081.75,430081.75
05097,2012,All Issues (Census),1,1720327,1.25,1.25,430081.75,430081.75
05099,2011,Payment Months (Type 3),3,647854,1.5,3,323927,1295708
05099,2011,All Issues (Census),3,647854,1.5,3,323927,1295708
05101,2012,Payment Months (Type 3),1,2330717,1.25,1.25,582679.25,582679.25
05101,2012,All Issues (Census),1,2330717,1.25,1.25,582679.25,582679.25
05103,2011,Payment Months (Type 3),2,135467,3,3,270934,270934
05103,2011,All Issues (Census),2,135467,3,3,270934,270934
05105,2012,Payment Months (Type 3),1,992432,1.25,1.25,248108,248108
05105,2012,All Issues (Census),1,992432,1.25,1.25,248108,248108
05107,2024,Payment Months (Type 3),1,19380,1.25,1.25,4845,4845
05107,2024,All Issues (Census),1,19380,1.25,1.25,4845,4845
05109,2011,Payment Months (Type 3),3,490346,1.5,3,245173,980692
05109,2011,All Issues (Census),3,490346,1.5,3,245173,980692
05109,2012,Payment Months (Type 3),1,1965501,1.25,1.25,491375.25,491375.25
05109,2012,All Issues (Census),1,1965501,1.25,1.25,491375.25,491375.25
05111,2011,Payment Months (Type 3),1,,3,3,,
05111,2011,All Issues (Census),1,,3,3,,
05111,2012,Payment Months (Type 3),1,316452,1.25,1.25,79113,79113
05111,2012,All Issues (Census),1,316452,1.25,1.25,79113,79113
05113,2011,Payment Months (Type 3),3,958139,1.5,3,479069.5,1916278
05113,2011,All Issues (Census),3,958139,1.5,3,479069.5,1916278
05113,2012,Payment Months (Type 3),1,3278223,1.25,1.25,819555.75,819555.75
05113,2012,All Issues (Census),1,3278223,1.25,1.25,819555.75,819555.75
05115,2012,Payment Months (Type 3),1,2463134,1.25,1.25,615783.5,615783.5
05115,2012,All Issues (Census),1,2463134,1.25,1.25,615783.5,615783.5
05117,2012,Payment Months (Type 3),1,378711,1.25,1.25,94677.75,94677.75
05117,2012,All Issues (Census),1,378711,1.25,1.25,94677.75,94677.75
05119,2012,Payment Months (Type 3),1,229800,1.25,1.25,57450,57450
05119,2012,All Issues (Census),1,229800,1.25,1.25,57450,57450
05121,2012,Payment Months (Type 3),1,4003042.4,1.25,1.25,1000760.6,1000760.6
05121,2012,All Issues (Census),1,4003042.4,1.25,1.25,1000760.6,1000760.6
05125,2012,Payment Months (Type 3),1,401014,1.25,1.25,100253.5,100253.5
05125,2012,All Issues (Census),1,401014,1.25,1.25,100253.5,100253.5
05127,2011,Payment Months (Type 3),2,546013,3,3,1092026,1092026
05127,2011,All Issues (Census),2,546013,3,3,1092026,1092026
05127,2012,Payment Months (Type 3),1,2103341,1.25,1.25,525835.25,525835.25
05127,2012,All Issues (Census),1,2103341,1.25,1.25,525835.25,525835.25
05129,2012,Payment Months (Type 3),1,3779838,1.25,1.25,944959.5,944959.5
05129,2012,All Issues (Census),1,3779838,1.25,1.25,944959.5,944959.5
05131,2011,Payment Months (Type 3),2,441883,3,3,883766,883766
05131,2011,All Issues (Census),2,441883,3,3,883766,883766
05133,2011,Payment Months (Type 3),3,885968,1.5,3,442984,1771936
05133,2011,All Issues (Census),3,885968,1.5,3,442984,1771936
05133,2012,Payment Months (Type 3),1,2725705,1.25,1.25,681426.25,681426.25
05133,2012,All Issues (Census),1,2725705,1.25,1.25,681426.25,681426.25
05135,2012,Payment Months (Type 3),1,3827466,1.25,1.25,956866.5,956866.5
05135,2012,All Issues (Census),1,3827466,1.25,1.25,956866.5,956866.5
05137,2012,Payment Months (Type 3),1,2685637,1.25,1.25,671409.25,671409.25
05137,2012,All Issues (Census),1,2685637,1.25,1.25,671409.25,671409.25
05139,2011,Payment Months (Type 3),3,121461,1.5,3,60730.5,242922
05139,2011,All Issues (Census),3,121461,1.5,3,60730.5,242922
05141,2012,Payment Months (Type 3),1,2091796,1.25,1.25,522949,522949
05141,2012,All Issues (Census),1,2091796,1.25,1.25,522949,522949
05143,2012,Payment Months (Type 3),1,6727628,1.25,1.25,1681907,1681907
05143,2012,All Issues (Census),1,6727628,1.25,1.25,1681907,1681907
05145,2012,Payment Months (Type 3),1,3296606,1.25,1.25,824151.5,824151.5
05145,2012,All Issues (Census),1,3296606,1.25,1.25,824151.5,824151.5
05147,2012,Payment Months (Type 3),1,85979,1.25,1.25,21494.75,21494.75
05147,2012,All Issues (Census),1,85979,1.25,1.25,21494.75,21494.75
05149,2011,Payment Months (Type 3),3,621583,1.5,3,310791.5,1243166
05149,2011,All Issues (Census),3,621583,1.5,3,310791.5,1243166
05149,2012,Payment Months (Type 3),1,3343766,1.25,1.25,835941.5,835941.5
05149,2012,All Issues (Census),1,3343766,1.25,1.25,835941.5,835941.5
06001,2014,Payment Months (Type 3),1,1961467,1.6666666666666667,1.6666666666666667,1307644.67,1307644.67
06001,2014,All Issues (Census),1,1961467,1.6666666666666667,1.6666666666666667,1307644.67,1307644.67
06001,2015,Payment Months (Type 3),1,1191918,1.6666666666666667,1.6666666666666667,794612,794612
06001,2015,All Issues (Census),1,1191918,1.6666666666666667,1.6666666666666667,794612,794612
06001,2016,Payment Months (Type 3),1,867760,1.3333333333333333,1.3333333333333333,289253.33,289253.33
06001,2016,All Issues (Census),1,867760,1.3333333333333333,1.3333333333333333,289253.33,289253.33
06001,2021,Payment Months (Type 3),1,1083183,1.6666666666666667,1.6666666666666667,722122,722122
06001,2021,All Issues (Census),1,1083183,1.6666666666666667,1.6666666666666667,722122,722122
06003,2014,Payment Months (Type 3),1,,1.3333333333333333,1.3333333333333333,,
06003,2014,All Issues (Census),1,,1.3333333333333333,1.3333333333333333,,
06003,2015,Payment Months (Type 3),1,,1.6666666666666667,1.6666666666666667,,
06003,2015,All Issues (Census),1,,1.6666666666666667,1.6666666666666667,,
06003,2016,Payment Months (Type 3),1,,1.3333333333333333,1.3333333333333333,,
06003,2016,All Issues (Census),1,,1.3333333333333333,1.3333333333333333,,
06003,2021,Payment Months (Type 3),1,,1.3333333333333333,1.3333333333333333,,
06003,2021,All Issues (Census),1,,1.3333333333333333,1.3333333333333333,,
06005,2014,Payment Months (Type 3),1,825574.44,1.3333333333333333,1.3333333333333333,275191.48,275191.48
06005,2014,All Issues (Census),1,825574.44,1.3333333333333333,1.3333333333333333,275191.48,275191.48
06005,2015,Payment Months (Type 3),1,635094,1.6666666666666667,1.6666666666666667,423396,423396
06005,2015,All Issues (Census),1,635094,1.6666666666666667,1.6666666666666667,423396,423396
06005,2016,Payment Months (Type 3),1,522797,1.3333333333333333,1.3333333333333333,174265.67,174265.67
06005,2016,All Issues (Census),1,522797,1.3333333333333333,1.3333333333333333,174265.67,174265.67
06005,2021,Payment Months (Type 3),1,260996,1.6666666666666667,1.6666666666666667,173997.33,173997.33
06005,2021,All Issues (Census),1,260996,1.6666666666666667,1.6666666666666667,173997.33,173997.33
06005,2022,Payment Months (Type 3),1,406348,1.3333333333333333,1.3333333333333333,135449.33,135449.33
06005,2022,All Issues (Census),1,406348,1.3333333333333333,1.3333333333333333,135449.33,135449.33
06007,2014,Payment Months (Type 3),1,1111830,1.3333333333333333,1.3333333333333333,370610,370610
06007,2014,All Issues (Census),1,1111830,1.3333333333333333,1.3333333333333333,370610,370610
06007,2015,Payment Months (Type 3),1,799701,1.6666666666666667,1.6666666666666667,533134,533134
06007,2015,All Issues (Census),1,799701,1.6666666666666667,1.6666666666666667,533134,533134
06007,2016,Payment Months (Type 3),1,564188,1.3333333333333333,1.3333333333333333,188062.67,188062.67
06007,2016,All Issues (Census),1,564188,1.3333333333333333,1.3333333333333333,188062.67,188062.67
06007,2021,Payment Months (Type 3),1,733077,1.6666666666666667,1.6666666666666667,488718,488718
06007,2021,All Issues (Census),1,733077,1.6666666666666667,1.6666666666666667,488718,488718
06007,2022,Payment Months (Type 3),1,1049694,1.3333333333333333,1.3333333333333333,349898,349898
06007,2022,All Issues (Census),1,1049694,1.3333333333333333,1.3333333333333333,349898,349898
06009,2014,Payment Months (Type 3),1,1243389,1.3333333333333333,1.3333333333333333,414463,414463
06009,2014,All Issues (Census),1,1243389,1.3333333333333333,1.3333333333333333,414463,414463
06009,2015,Payment Months (Type 3),1,937335,1.6666666666666667,1.6666666666666667,624890,624890
06009,2015,All Issues (Census),1,937335,1.6666666666666667,1.6666666666666667,624890,624890
06009,2016,Payment Months (Type 3),1,671543,1.3333333333333333,1.3333333333333333,223847.67,223847.67
06009,2016,All Issues (Census),1,671543,1.3333333333333333,1.3333333333333333,223847.67,223847.67
06009,2021,Payment Months (Type 3),1,495262,1.6666666666666667,1.6666666666666667,330174.67,330174.67
06009,2021,All Issues (Census),1,495262,1.6666666666666667,1.6666666666666667,330174.67,330174.67
06009,2022,Payment Months (Type 3),1,911530,1.6666666666666667,1.6666666666666667,607686.67,607686.67
06009,2022,All Issues (Census),1,911530,1.6666666666666667,1.6666666666666667,607686.67,607686.67
06011,2014,Payment Months (Type 3),1,1967988,1.3333333333333333,1.3333333333333333,655996,655996
06011,2014,All Issues (Census),1,1967988,1.3333333333333333,1.3333333333333333,655996,655996
06011,2015,Payment Months (Type 3),1,1022108,1.6666666666666667,1.6666666666666667,681405.33,681405.33
06011,2015,All Issues (Census),1,1022108,1.6666666666666667,1.6666666666666667,681405.33,681405.33
06011,2016,Payment Months (Type 3),1,900853,1.3333333333333333,1.3333333333333333,300284.33,300284.33
06011,2016,All Issues (Census),1,900853,1.3333333333333333,1.3333333333333333,300284.33,300284.33
06011,2021,Payment Months (Type 3),1,1575816,1.6666666666666667,1.6666666666666667,1050544,1050544
06011,2021,All Issues (Census),1,1575816,1.6666666666666667,1.6666666666666667,1050544,1050544
06011,2022,Payment Months (Type 3),1,1398926,1.3333333333333333,1.3333333333333333,466308.67,466308.67
06011,2022,All Issues (Census),1,1398926,1.3333333333333333,1.3333333333333333,466308.67,466308.67
06013,2014,Payment Months (Type 3),1,1320747,1.6666666666666667,1.6666666666666667,880498,880498
06013,2014,All Issues (Census),1,1320747,1.6666666666666667,1.6666666666666667,880498,880498
06013,2015,Payment Months (Type 3),1,908439,1.6666666666666667,1.6666666666666667,605626,605626
06013,2015,All Issues (Census),1,908439,1.6666666666666667,1.6666666666666667,605626,605626
06013,2016,Payment Months (Type 3),1,735442,1.3333333333333333,1.3333333333333333,245147.33,245147.33
06013,2016,All Issues (Census),1,735442,1.3333333333333333,1.3333333333333333,245147.33,245147.33
06013,2021,Payment Months (Type 3),1,787049,1.6666666666666667,1.6666666666666667,524699.33,524699.33
06013,2021,All Issues (Census),1,787049,1.6666666666666667,1.6666666666666667,524699.33,524699.33
06013,2022,Payment Months (Type 3),1,920940,1.3333333333333333,1.3333333333333333,306980,306980
06013,2022,All Issues (Census),1,920940,1.3333333333333333,1.3333333333333333,306980,306980
06015,2020,Payment Months (Type 3),1,21838,1.3333333333333333,1.3333333333333333,7279.33,7279.33
06015,2020,All Issues (Census),1,21838,1.3333333333333333,1.3333333333333333,7279.33,7279.33
06017,2014,Payment Months (Type 3),1,309280,1.3333333333333333,1.3333333333333333,103093.33,103093.33
06017,2014,All Issues (Census),1,309280,1.3333333333333333,1.3333333333333333,103093.33,103093.33
06017,2015,Payment Months (Type 3),1,231513,1.6666666666666667,1.6666666666666667,154342,154342
06017,2015,All Issues (Census),1,231513,1.6666666666666667,1.6666666666666667,154342,154342
06017,2016,Payment Months (Type 3),1,201497,1.3333333333333333,1.3333333333333333,67165.67,67165.67
06017,2016,All Issues (Census),1,201497,1.3333333333333333,1.3333333333333333,67165.67,67165.67
06017,2021,Payment Months (Type 3),1,128982,1.6666666666666667,1.6666666666666667,85988,85988
06017,2021,All Issues (Census),1,128982,1.6666666666666667,1.6666666666666667,85988,85988
06017,2022,Payment Months (Type 3),1,174461,1.3333333333333333,1.3333333333333333,58153.67,58153.67
06017,2022,All Issues (Census),1,174461,1.3333333333333333,1.3333333333333333,58153.67,58153.67
06019,2014,Payment Months (Type 3),1,2591436,1.6666666666666667,1.6666666666666667,1727624,1727624
06019,2014,All Issues (Census),1,2591436,1.6666666666666667,1.6666666666666667,1727624,1727624
06019,2015,Payment Months (Type 3),1,1668179,1.6666666666666667,1.6666666666666667,1112119.33,1112119.33
06019,2015,All Issues (Census),1,1668179,1.6666666666666667,1.6666666666666667,1112119.33,1112119.33
06019,2016,Payment Months (Type 3),1,1259337,1.6666666666666667,1.6666666666666667,839558,839558
06019,2016,All Issues (Census),1,1259337,1.6666666666666667,1.6666666666666667,839558,839558
06019,2021,Payment Months (Type 3),1,1661283,1.6666666666666667,1.6666666666666667,1107522,1107522
06019,2021,All Issues (Census),1,1661283,1.6666666666666667,1.6666666666666667,1107522,1107522
06019,2022,Payment Months (Type 3),1,1542739,1.6666666666666667,1.6666666666666667,1028492.67,1028492.67
06019,2022,All Issues (Census),1,1542739,1.6666666666666667,1.6666666666666667,1028492.67,1028492.67
06021,2014,Payment Months (Type 3),1,2431347,1.3333333333333333,1.3333333333333333,810449,810449
06021,2014,All Issues (Census),1,2431347,1.3333333333333333,1.3333333333333333,810449,810449
06021,2015,Payment Months (Type 3),1,1449746,1.6666666666666667,1.6666666666666667,966497.33,966497.33
06021,2015,All Issues (Census),1,1449746,1.6666666666666667,1.6666666666666667,966497.33,966497.33
06021,2016,Payment Months (Type 3),1,1181857,1.3333333333333333,1.3333333333333333,393952.33,393952.33
06021,2016,All Issues (Census),1,1181857,1.3333333333333333,1.3333333333333333,393952.33,393952.33
06021,2021,Payment Months (Type 3),1,1059793,1.6666666666666667,1.6666666666666667,706528.67,706528.67
06021,2021,All Issues (Census),1,1059793,1.6666666666666667,1.6666666666666667,706528.67,706528.67
06021,2022,Payment Months (Type 3),1,1339732.66,1.3333333333333333,1.3333333333333333,446577.55,446577.55
06021,2022,All Issues (Census),1,1339732.66,1.3333333333333333,1.3333333333333333,446577.55,446577.55
06023,2009,Threshold (Type 2),2,492918.33,2,2,492918.33,492918.33
06023,2009,All Issues (Census),2,492918.33,2,2,492918.33,492918.33
06023,2014,Payment Months (Type 3),1,3437473,1.3333333333333333,1.3333333333333333,1145824.33,1145824.33
06023,2014,All Issues (Census),1,3437473,1.3333333333333333,1.3333333333333333,1145824.33,1145824.33
06023,2020,Payment Months (Type 3),1,1407534,1.3333333333333333,1.3333333333333333,469178,469178
06023,2020,All Issues (Census),1,1407534,1.3333333333333333,1.3333333333333333,469178,469178
06023,2022,Payment Months (Type 3),1,2049383,1.3333333333333333,1.3333333333333333,683127.67,683127.67
06023,2022,All Issues (Census),1,2049383,1.3333333333333333,1.3333333333333333,683127.67,683127.67
06025,2018,Payment Months (Type 3),1,,1.3333333333333333,1.3333333333333333,,
06025,2018,All Issues (Census),1,,1.3333333333333333,1.3333333333333333,,
06025,2022,Payment Months (Type 3),1,,1.3333333333333333,1.3333333333333333,,
06025,2022,All Issues (Census),1,,1.3333333333333333,1.3333333333333333,,
06025,2025,Payment Months (Type 3),1,,1.6666666666666667,1.6666666666666667,,
06025,2025,All Issues (Census),1,,1.6666666666666667,1.6666666666666667,,
06027,2014,Payment Months (Type 3),1,583099,1.6666666666666667,1.6666666666666667,388732.67,388732.67
06027,2014,All Issues (Census),1,583099,1.6666666666666667,1.6666666666666667,388732.67,388732.67
06027,2015,Payment Months (Type 3),1,484007,1.6666666666666667,1.6666666666666667,322671.33,322671.33
06027,2015,All Issues (Census),1,484007,1.6666666666666667,1.6666666666666667,322671.33,322671.33
06027,2016,Payment Months (Type 3),1,532043,1.6666666666666667,1.6666666666666667,354695.33,354695.33
06027,2016,All Issues (Census),1,532043,1.6666666666666667,1.6666666666666667,354695.33,354695.33
06027,2021,Payment Months (Type 3),1,528874,1.6666666666666667,1.6666666666666667,352582.67,352582.67
06027,2021,All Issues (Census),1,528874,1.6666666666666667,1.6666666666666667,352582.67,352582.67
06027,2022,Payment Months (Type 3),1,692880,1.6666666666666667,1.6666666666666667,461920,461920
06027,2022,All Issues (Census),1,692880,1.6666666666666667,1.6666666666666667,461920,461920
06027,2025,Payment Months (Type 3),1,,1.3333333333333333,1.3333333333333333,,
06027,2025,All Issues (Census),1,,1.3333333333333333,1.3333333333333333,,
06029,2014,Payment Months (Type 3),1,3967707,1.6666666666666667,1.6666666666666667,2645138,2645138
06029,2014,All Issues (Census),1,3967707,1.6666666666666667,1.6666666666666667,2645138,2645138
06029,2015,Payment Months (Type 3),1,2755703.28,1.6666666666666667,1.6666666666666667,1837135.52,1837135.52
06029,2015,All Issues (Census),1,2755703.28,1.6666666666666667,1.6666666666666667,1837135.52,1837135.52
06029,2016,Payment Months (Type 3),1,2559095,1.6666666666666667,1.6666666666666667,1706063.33,1706063.33
06029,2016,All Issues (Census),1,2559095,1.6666666666666667,1.6666666666666667,1706063.33,1706063.33
06029,2021,Payment Months (Type 3),1,2977943.06,1.6666666666666667,1.6666666666666667,1985295.37,1985295.37
06029,2021,All Issues (Census),1,2977943.06,1.6666666666666667,1.6666666666666667,1985295.37,1985295.37
06029,2022,Payment Months (Type 3),1,2285901,1.6666666666666667,1.6666666666666667,1523934,1523934
06029,2022,All Issues (Census),1,2285901,1.6666666666666667,1.6666666666666667,1523934,1523934
06031,2014,Payment Months (Type 3),1,466225,1.6666666666666667,1.6666666666666667,310816.67,310816.67
06031,2014,All Issues (Census),1,466225,1.6666666666666667,1.6666666666666667,310816.67,310816.67
06031,2015,Payment Months (Type 3),1,346891,1.6666666666666667,1.6666666666666667,231260.67,231260.67
06031,2015,All Issues (Census),1,346891,1.6666666666666667,1.6666666666666667,231260.67,231260.67
06031,2016,Payment Months (Type 3),1,286335,1.6666666666666667,1.6666666666666667,190890,190890
06031,2016,All Issues (Census),1,286335,1.6666666666666667,1.6666666666666667,190890,190890
06031,2021,Payment Months (Type 3),1,275906,1.3333333333333333,1.3333333333333333,91968.67,91968.67
06031,2021,All Issues (Census),1,275906,1.3333333333333333,1.3333333333333333,91968.67,91968.67
06031,2022,Payment Months (Type 3),1,377998,1.6666666666666667,1.6666666666666667,251998.67,251998.67
06031,2022,All Issues (Census),1,377998,1.6666666666666667,1.6666666666666667,251998.67,251998.67
06033,2014,Payment Months (Type 3),1,282862,1.3333333333333333,1.3333333333333333,94287.33,94287.33
06033,2014,All Issues (Census),1,282862,1.3333333333333333,1.3333333333333333,94287.33,94287.33
06033,2015,Payment Months (Type 3),1,185337,1.3333333333333333,1.3333333333333333,61779,61779
06033,2015,All Issues (Census),1,185337,1.3333333333333333,1.3333333333333333,61779,61779
06033,2016,Payment Months (Type 3),1,151650,1.3333333333333333,1.3333333333333333,50550,50550
06033,2016,All Issues (Census),1,151650,1.3333333333333333,1.3333333333333333,50550,50550
06033,2021,Payment Months (Type 3),1,153667,1.6666666666666667,1.6666666666666667,102444.67,102444.67
06033,2021,All Issues (Census),1,153667,1.6666666666666667,1.6666666666666667,102444.67,102444.67
06033,2022,Payment Months (Type 3),1,194488.84,1.3333333333333333,1.3333333333333333,64829.61,64829.61
06033,2022,All Issues (Census),1,194488.84,1.3333333333333333,1.3333333333333333,64829.61,64829.61
06035,2014,Payment Months (Type 3),1,3475585,1.3333333333333333,1.3333333333333333,1158528.33,1158528.33
06035,2014,All Issues (Census),1,3475585,1.3333333333333333,1.3333333333333333,1158528.33,1158528.33
06035,2015,Payment Months (Type 3),1,2427664,1.6666666666666667,1.6666666666666667,1618442.67,1618442.67
06035,2015,All Issues (Census),1,2427664,1.6666666666666667,1.6666666666666667,1618442.67,1618442.67
06035,2016,Payment Months (Type 3),1,1925419,1.3333333333333333,1.3333333333333333,641806.33,641806.33
06035,2016,All Issues (Census),1,1925419,1.3333333333333333,1.3333333333333333,641806.33,641806.33
06035,2021,Payment Months (Type 3),1,2914376,1.3333333333333333,1.3333333333333333,971458.67,971458.67
06035,2021,All Issues (Census),1,2914376,1.3333333333333333,1.3333333333333333,971458.67,971458.67
06037,2014,Payment Months (Type 3),1,56946,1.6666666666666667,1.6666666666666667,37964,37964
06037,2014,All Issues (Census),1,56946,1.6666666666666667,1.6666666666666667,37964,37964
06037,2015,Payment Months (Type 3),1,37294,1.6666666666666667,1.6666666666666667,24862.67,24862.67
06037,2015,All Issues (Census),1,37294,1.6666666666666667,1.6666666666666667,24862.67,24862.67
06037,2016,Payment Months (Type 3),1,62792,1.6666666666666667,1.6666666666666667,41861.33,41861.33
06037,2016,All Issues (Census),1,62792,1.6666666666666667,1.6666666666666667,41861.33,41861.33
06037,2021,Payment Months (Type 3),1,170743,1.3333333333333333,1.3333333333333333,56914.33,56914.33
06037,2021,All Issues (Census),1,170743,1.3333333333333333,1.3333333333333333,56914.33,56914.33
06037,2022,Payment Months (Type 3),1,77634,1.6666666666666667,1.6666666666666667,51756,51756
06037,2022,All Issues (Census),1,77634,1.6666666666666667,1.6666666666666667,51756,51756
06039,2014,Payment Months (Type 3),1,1498543,1.6666666666666667,1.6666666666666667,999028.67,999028.67
06039,2014,All Issues (Census),1,1498543,1.6666666666666667,1.6666666666666667,999028.67,999028.67
06039,2015,Payment Months (Type 3),1,891922,1.6666666666666667,1.6666666666666667,594614.67,594614.67
06039,2015,All Issues (Census),1,891922,1.6666666666666667,1.6666666666666667,594614.67,594614.67
06039,2016,Payment Months (Type 3),1,692616,1.6666666666666667,1.6666666666666667,461744,461744
06039,2016,All Issues (Census),1,692616,1.6666666666666667,1.6666666666666667,461744,461744
06039,2021,Payment Months (Type 3),1,1124010.3,1.3333333333333333,1.3333333333333333,374670.1,374670.1
06039,2021,All Issues (Census),1,1124010.3,1.3333333333333333,1.3333333333333333,374670.1,374670.1
06039,2022,Payment Months (Type 3),1,1544048.95,1.6666666666666667,1.6666666666666667,1029365.97,1029365.97
06039,2022,All Issues (Census),1,1544048.95,1.6666666666666667,1.6666666666666667,1029365.97,1029365.97
06041,2014,Payment Months (Type 3),1,1038985.76,1.6666666666666667,1.6666666666666667,692657.17,692657.17
06041,2014,All Issues (Census),1,1038985.76,1.6666666666666667,1.6666666666666667,692657.17,692657.17
06041,2021,Payment Months (Type 3),1,1453964.64,1.6666666666666667,1.6666666666666667,969309.76,969309.76
06041,2021,All Issues (Census),1,1453964.64,1.6666666666666667,1.6666666666666667,969309.76,969309.76
06043,2014,Payment Months (Type 3),1,1850782,1.6666666666666667,1.6666666666666667,1233854.67,1233854.67
06043,2014,All Issues (Census),1,1850782,1.6666666666666667,1.6666666666666667,1233854.67,1233854.67
06043,2015,Payment Months (Type 3),1,1412616,1.6666666666666667,1.6666666666666667,941744,941744
06043,2015,All Issues (Census),1,1412616,1.6666666666666667,1.6666666666666667,941744,941744
06043,2016,Payment Months (Type 3),1,946507,1.6666666666666667,1.6666666666666667,631004.67,631004.67
06043,2016,All Issues (Census),1,946507,1.6666666666666667,1.6666666666666667,631004.67,631004.67
06043,2021,Payment Months (Type 3),1,1161772,1.3333333333333333,1.3333333333333333,387257.33,387257.33
06043,2021,All Issues (Census),1,1161772,1.3333333333333333,1.3333333333333333,387257.33,387257.33
06043,2022,Payment Months (Type 3),1,1835306,1.6666666666666667,1.6666666666666667,1223537.33,1223537.33
06043,2022,All Issues (Census),1,1835306,1.6666666666666667,1.6666666666666667,1223537.33,1223537.33
06045,2008,Threshold (Type 2),2,158346.21,2,2,158346.21,158346.21
06045,2008,All Issues (Census),2,158346.21,2,2,158346.21,158346.21
06045,2014,Payment Months (Type 3),1,1616634,1.3333333333333333,1.3333333333333333,538878,538878
06045,2014,All Issues (Census),1,1616634,1.3333333333333333,1.3333333333333333,538878,538878
06045,2021,Payment Months (Type 3),1,676946,1.6666666666666667,1.6666666666666667,451297.33,451297.33
06045,2021,All Issues (Census),1,676946,1.6666666666666667,1.6666666666666667,451297.33,451297.33
06045,2022,Payment Months (Type 3),1,762462.94,1.3333333333333333,1.3333333333333333,254154.31,254154.31
06045,2022,All Issues (Census),1,762462.94,1.3333333333333333,1.3333333333333333,254154.31,254154.31
06047,2014,Payment Months (Type 3),1,2682026,1.6666666666666667,1.6666666666666667,1788017.33,1788017.33
06047,2014,All Issues (Census),1,2682026,1.6666666666666667,1.6666666666666667,1788017.33,1788017.33
06047,2015,Payment Months (Type 3),1,1970938,1.6666666666666667,1.6666666666666667,1313958.67,1313958.67
06047,2015,All Issues (Census),1,1970938,1.6666666666666667,1.6666666666666667,1313958.67,1313958.67
06047,2016,Payment Months (Type 3),1,1732180,1.3333333333333333,1.3333333333333333,577393.33,577393.33
06047,2016,All Issues (Census),1,1732180,1.3333333333333333,1.3333333333333333,577393.33,577393.33
06047,2021,Payment Months (Type 3),1,1817563,1.3333333333333333,1.3333333333333333,605854.33,605854.33
06047,2021,All Issues (Census),1,1817563,1.3333333333333333,1.3333333333333333,605854.33,605854.33
06047,2022,Payment Months (Type 3),1,2262320.27,1.6666666666666667,1.6666666666666667,1508213.51,1508213.51
06047,2022,All Issues (Census),1,2262320.27,1.6666666666666667,1.6666666666666667,1508213.51,1508213.51
06049,2014,Payment Months (Type 3),1,3708491,1.3333333333333333,1.3333333333333333,1236163.67,1236163.67
06049,2014,All Issues (Census),1,3708491,1.3333333333333333,1.3333333333333333,1236163.67,1236163.67
06049,2015,Payment Months (Type 3),1,3437521,1.6666666666666667,1.6666666666666667,2291680.67,2291680.67
06049,2015,All Issues (Census),1,3437521,1.6666666666666667,1.6666666666666667,2291680.67,2291680.67
06049,2021,Payment Months (Type 3),1,3305694.6,1.3333333333333333,1.3333333333333333,1101898.2,1101898.2
06049,2021,All Issues (Census),1,3305694.6,1.3333333333333333,1.3333333333333333,1101898.2,1101898.2
06049,2022,Payment Months (Type 3),1,3788487,1.3333333333333333,1.3333333333333333,1262829,1262829
06049,2022,All Issues (Census),1,3788487,1.3333333333333333,1.3333333333333333,1262829,1262829
06051,2014,Payment Months (Type 3),1,908206,1.6666666666666667,1.6666666666666667,605470.67,605470.67
06051,2014,All Issues (Census),1,908206,1.6666666666666667,1.6666666666666667,605470.67,605470.67
06051,2015,Payment Months (Type 3),1,797167,1.6666666666666667,1.6666666666666667,531444.67,531444.67
06051,2015,All Issues (Census),1,797167,1.6666666666666667,1.6666666666666667,531444.67,531444.67
06051,2016,Payment Months (Type 3),1,688733,1.6666666666666667,1.6666666666666667,459155.33,459155.33
06051,2016,All Issues (Census),1,688733,1.6666666666666667,1.6666666666666667,459155.33,459155.33
06051,2021,Payment Months (Type 3),1,913919,1.6666666666666667,1.6666666666666667,609279.33,609279.33
06051,2021,All Issues (Census),1,913919,1.6666666666666667,1.6666666666666667,609279.33,609279.33
06051,2022,Payment Months (Type 3),1,1054707,1.3333333333333333,1.3333333333333333,351569,351569
06051,2022,All Issues (Census),1,1054707,1.3333333333333333,1.3333333333333333,351569,351569
06053,2014,Payment Months (Type 3),1,1996310,1.6666666666666667,1.6666666666666667,1330873.33,1330873.33
06053,2014,All Issues (Census),1,1996310,1.6666666666666667,1.6666666666666667,1330873.33,1330873.33
06053,2015,Payment Months (Type 3),1,1218737,1.6666666666666667,1.6666666666666667,812491.33,812491.33
06053,2015,All Issues (Census),1,1218737,1.6666666666666667,1.6666666666666667,812491.33,812491.33
06053,2016,Payment Months (Type 3),1,844795,1.6666666666666667,1.6666666666666667,563196.67,563196.67
06053,2016,All Issues (Census),1,844795,1.6666666666666667,1.6666666666666667,563196.67,563196.67
06053,2021,Payment Months (Type 3),1,1275411.25,1.3333333333333333,1.3333333333333333,425137.08,425137.08
06053,2021,All Issues (Census),1,1275411.25,1.3333333333333333,1.3333333333333333,425137.08,425137.08
06053,2022,Payment Months (Type 3),1,1858764,1.6666666666666667,1.6666666666666667,1239176,1239176
06053,2022,All Issues (Census),1,1858764,1.6666666666666667,1.6666666666666667,1239176,1239176
06055,2014,Payment Months (Type 3),1,435492,1.3333333333333333,1.3333333333333333,145164,145164
06055,2014,All Issues (Census),1,435492,1.3333333333333333,1.3333333333333333,145164,145164
06055,2015,Payment Months (Type 3),1,329938,1.6666666666666667,1.6666666666666667,219958.67,219958.67
06055,2015,All Issues (Census),1,329938,1.6666666666666667,1.6666666666666667,219958.67,219958.67
06055,2021,Payment Months (Type 3),1,115285,1.6666666666666667,1.6666666666666667,76856.67,76856.67
06055,2021,All Issues (Census),1,115285,1.6666666666666667,1.6666666666666667,76856.67,76856.67
06055,2022,Payment Months (Type 3),1,178248,1.3333333333333333,1.3333333333333333,59416,59416
06055,2022,All Issues (Census),1,178248,1.3333333333333333,1.3333333333333333,59416,59416
06057,2014,Payment Months (Type 3),1,130858,1.3333333333333333,1.3333333333333333,43619.33,43619.33
06057,2014,All Issues (Census),1,130858,1.3333333333333333,1.3333333333333333,43619.33,43619.33
06057,2015,Payment Months (Type 3),1,57525,1.6666666666666667,1.6666666666666667,38350,38350
06057,2015,All Issues (Census),1,57525,1.6666666666666667,1.6666666666666667,38350,38350
06057,2016,Payment Months (Type 3),1,69364,1.3333333333333333,1.3333333333333333,23121.33,23121.33
06057,2016,All Issues (Census),1,69364,1.3333333333333333,1.3333333333333333,23121.33,23121.33
06057,2021,Payment Months (Type 3),1,80770,1.6666666666666667,1.6666666666666667,53846.67,53846.67
06057,2021,All Issues (Census),1,80770,1.6666666666666667,1.6666666666666667,53846.67,53846.67
06057,2022,Payment Months (Type 3),1,115581,1.3333333333333333,1.3333333333333333,38527,38527
06057,2022,All Issues (Census),1,115581,1.3333333333333333,1.3333333333333333,38527,38527
06059,2014,Payment Months (Type 3),1,,1.3333333333333333,1.3333333333333333,,
06059,2014,All Issues (Census),1,,1.3333333333333333,1.3333333333333333,,
06059,2015,Payment Months (Type 3),1,,1.6666666666666667,1.6666666666666667,,
06059,2015,All Issues (Census),1,,1.6666666666666667,1.6666666666666667,,
06059,2016,Payment Months (Type 3),1,,1.6666666666666667,1.6666666666666667,,
06059,2016,All Issues (Census),1,,1.6666666666666667,1.6666666666666667,,
06061,2014,Payment Months (Type 3),1,286781,1.3333333333333333,1.3333333333333333,95593.67,95593.67
06061,2014,All Issues (Census),1,286781,1.3333333333333333,1.3333333333333333,95593.67,95593.67
06061,2015,Payment Months (Type 3),1,217512,1.6666666666666667,1.6666666666666667,145008,145008
06061,2015,All Issues (Census),1,217512,1.6666666666666667,1.6666666666666667,145008,145008
06061,2016,Payment Months (Type 3),1,189145,1.3333333333333333,1.3333333333333333,63048.33,63048.33
06061,2016,All Issues (Census),1,189145,1.3333333333333333,1.3333333333333333,63048.33,63048.33
06061,2021,Payment Months (Type 3),1,71744,1.6666666666666667,1.6666666666666667,47829.33,47829.33
06061,2021,All Issues (Census),1,71744,1.6666666666666667,1.6666666666666667,47829.33,47829.33
06061,2022,Payment Months (Type 3),1,158160,1.3333333333333333,1.3333333333333333,52720,52720
06061,2022,All Issues (Census),1,158160,1.3333333333333333,1.3333333333333333,52720,52720
06063,2014,Payment Months (Type 3),1,686039,1.3333333333333333,1.3333333333333333,228679.67,228679.67
06063,2014,All Issues (Census),1,686039,1.3333333333333333,1.3333333333333333,228679.67,228679.67
06063,2015,Payment Months (Type 3),1,377908,1.6666666666666667,1.6666666666666667,251938.67,251938.67
06063,2015,All Issues (Census),1,377908,1.6666666666666667,1.6666666666666667,251938.67,251938.67
06063,2016,Payment Months (Type 3),1,332027,1.3333333333333333,1.3333333333333333,110675.67,110675.67
06063,2016,All Issues (Census),1,332027,1.3333333333333333,1.3333333333333333,110675.67,110675.67
06063,2021,Payment Months (Type 3),1,597762.69,1.6666666666666667,1.6666666666666667,398508.46,398508.46
06063,2021,All Issues (Census),1,597762.69,1.6666666666666667,1.6666666666666667,398508.46,398508.46
06065,2014,Payment Months (Type 3),1,112886,1.3333333333333333,1.3333333333333333,37628.67,37628.67
06065,2014,All Issues (Census),1,112886,1.3333333333333333,1.3333333333333333,37628.67,37628.67
06065,2015,Payment Months (Type 3),1,55370,1.6666666666666667,1.6666666666666667,36913.33,36913.33
06065,2015,All Issues (Census),1,55370,1.6666666666666667,1.6666666666666667,36913.33,36913.33
06065,2016,Payment Months (Type 3),1,26487,1.6666666666666667,1.6666666666666667,17658,17658
06065,2016,All Issues (Census),1,26487,1.6666666666666667,1.6666666666666667,17658,17658
06065,2018,Payment Months (Type 3),1,13293,1.3333333333333333,1.3333333333333333,4431,4431
06065,2018,All Issues (Census),1,13293,1.3333333333333333,1.3333333333333333,4431,4431
06065,2021,Payment Months (Type 3),1,324329.08,1.6666666666666667,1.6666666666666667,216219.39,216219.39
06065,2021,All Issues (Census),1,324329.08,1.6666666666666667,1.6666666666666667,216219.39,216219.39
06065,2022,Payment Months (Type 3),1,,1.3333333333333333,1.3333333333333333,,
06065,2022,All Issues (Census),1,,1.3333333333333333,1.3333333333333333,,
06065,2025,Payment Months (Type 3),1,,1.6666666666666667,1.6666666666666667,,
06065,2025,All Issues (Census),1,,1.6666666666666667,1.6666666666666667,,
06067,2014,Payment Months (Type 3),1,763363,1.6666666666666667,1.6666666666666667,508908.67,508908.67
06067,2014,All Issues (Census),1,763363,1.6666666666666667,1.6666666666666667,508908.67,508908.67
06067,2015,Payment Months (Type 3),1,523509.32,1.6666666666666667,1.6666666666666667,349006.21,349006.21
06067,2015,All Issues (Census),1,523509.32,1.6666666666666667,1.6666666666666667,349006.21,349006.21
06067,2016,Payment Months (Type 3),1,467243,1.3333333333333333,1.3333333333333333,155747.67,155747.67
06067,2016,All Issues (Census),1,467243,1.3333333333333333,1.3333333333333333,155747.67,155747.67
06067,2021,Payment Months (Type 3),1,314790,1.6666666666666667,1.6666666666666667,209860,209860
06067,2021,All Issues (Census),1,314790,1.6666666666666667,1.6666666666666667,209860,209860
06067,2022,Payment Months (Type 3),1,399058,1.3333333333333333,1.3333333333333333,133019.33,133019.33
06067,2022,All Issues (Census),1,399058,1.3333333333333333,1.3333333333333333,133019.33,133019.33
06069,2014,Payment Months (Type 3),1,1577467,1.6666666666666667,1.6666666666666667,1051644.67,1051644.67
06069,2014,All Issues (Census),1,1577467,1.6666666666666667,1.6666666666666667,1051644.67,1051644.67
06069,2015,Payment Months (Type 3),1,955676,1.6666666666666667,1.6666666666666667,637117.33,637117.33
06069,2015,All Issues (Census),1,955676,1.6666666666666667,1.6666666666666667,637117.33,637117.33
06069,2016,Payment Months (Type 3),1,767287,1.6666666666666667,1.6666666666666667,511524.67,511524.67
06069,2016,All Issues (Census),1,767287,1.6666666666666667,1.6666666666666667,511524.67,511524.67
06069,2021,Payment Months (Type 3),1,897324,1.3333333333333333,1.3333333333333333,299108,299108
06069,2021,All Issues (Census),1,897324,1.3333333333333333,1.3333333333333333,299108,299108
06069,2022,Payment Months (Type 3),1,1045673,1.6666666666666667,1.6666666666666667,697115.33,697115.33
06069,2022,All Issues (Census),1,1045673,1.6666666666666667,1.6666666666666667,697115.33,697115.33
06071,2014,Payment Months (Type 3),1,244903,1.3333333333333333,1.3333333333333333,81634.33,81634.33
06071,2014,All Issues (Census),1,244903,1.3333333333333333,1.3333333333333333,81634.33,81634.33
06071,2015,Payment Months (Type 3),1,191110,1.6666666666666667,1.6666666666666667,127406.67,127406.67
06071,2015,All Issues (Census),1,191110,1.6666666666666667,1.6666666666666667,127406.67,127406.67
06071,2016,Payment Months (Type 3),1,172414,1.6666666666666667,1.6666666666666667,114942.67,114942.67
06071,2016,All Issues (Census),1,172414,1.6666666666666667,1.6666666666666667,114942.67,114942.67
06071,2018,Payment Months (Type 3),1,134118,1.3333333333333333,1.3333333333333333,44706,44706
06071,2018,All Issues (Census),1,134118,1.3333333333333333,1.3333333333333333,44706,44706
06071,2021,Payment Months (Type 3),1,594614,1.6666666666666667,1.6666666666666667,396409.33,396409.33
06071,2021,All Issues (Census),1,594614,1.6666666666666667,1.6666666666666667,396409.33,396409.33
06071,2022,Payment Months (Type 3),1,122854,1.6666666666666667,1.6666666666666667,81902.67,81902.67
06071,2022,All Issues (Census),1,122854,1.6666666666666667,1.6666666666666667,81902.67,81902.67
06071,2025,Payment Months (Type 3),1,,1.6666666666666667,1.6666666666666667,,
06071,2025,All Issues (Census),1,,1.6666666666666667,1.6666666666666667,,
06073,2014,Payment Months (Type 3),1,49526,1.3333333333333333,1.3333333333333333,16508.67,16508.67
06073,2014,All Issues (Census),1,49526,1.3333333333333333,1.3333333333333333,16508.67,16508.67
06073,2015,Payment Months (Type 3),1,23629,1.3333333333333333,1.3333333333333333,7876.33,7876.33
06073,2015,All Issues (Census),1,23629,1.3333333333333333,1.3333333333333333,7876.33,7876.33
06073,2016,Payment Months (Type 3),1,18268,1.3333333333333333,1.3333333333333333,6089.33,6089.33
06073,2016,All Issues (Census),1,18268,1.3333333333333333,1.3333333333333333,6089.33,6089.33
06073,2025,Payment Months (Type 3),1,,1.3333333333333333,1.3333333333333333,,
06073,2025,All Issues (Census),1,,1.3333333333333333,1.3333333333333333,,
06077,2014,Payment Months (Type 3),1,1070765,1.6666666666666667,1.6666666666666667,713843.33,713843.33
06077,2014,All Issues (Census),1,1070765,1.6666666666666667,1.6666666666666667,713843.33,713843.33
06077,2015,Payment Months (Type 3),1,791192,1.6666666666666667,1.6666666666666667,527461.33,527461.33
06077,2015,All Issues (Census),1,791192,1.6666666666666667,1.6666666666666667,527461.33,527461.33
06077,2016,Payment Months (Type 3),1,679799,1.3333333333333333,1.3333333333333333,226599.67,226599.67
06077,2016,All Issues (Census),1,679799,1.3333333333333333,1.3333333333333333,226599.67,226599.67
06077,2021,Payment Months (Type 3),1,557489,1.6666666666666667,1.6666666666666667,371659.33,371659.33
06077,2021,All Issues (Census),1,557489,1.6666666666666667,1.6666666666666667,371659.33,371659.33
06077,2022,Payment Months (Type 3),1,615562.86,1.3333333333333333,1.3333333333333333,205187.62,205187.62
06077,2022,All Issues (Census),1,615562.86,1.3333333333333333,1.3333333333333333,205187.62,205187.62
06079,2014,Payment Months (Type 3),1,3770194,1.6666666666666667,1.6666666666666667,2513462.67,2513462.67
06079,2014,All Issues (Census),1,3770194,1.6666666666666667,1.6666666666666667,2513462.67,2513462.67
06079,2015,Payment Months (Type 3),1,2274621,1.6666666666666667,1.6666666666666667,1516414,1516414
06079,2015,All Issues (Census),1,2274621,1.6666666666666667,1.6666666666666667,1516414,1516414
06079,2016,Payment Months (Type 3),1,1700087,1.6666666666666667,1.6666666666666667,1133391.33,1133391.33
06079,2016,All Issues (Census),1,1700087,1.6666666666666667,1.6666666666666667,1133391.33,1133391.33
06079,2021,Payment Months (Type 3),1,3164420.65,1.3333333333333333,1.3333333333333333,1054806.88,1054806.88
06079,2021,All Issues (Census),1,3164420.65,1.3333333333333333,1.3333333333333333,1054806.88,1054806.88
06079,2022,Payment Months (Type 3),1,3469935.26,1.6666666666666667,1.6666666666666667,2313290.17,2313290.17
06079,2022,All Issues (Census),1,3469935.26,1.6666666666666667,1.6666666666666667,2313290.17,2313290.17
06081,2014,Payment Months (Type 3),1,124025,1.6666666666666667,1.6666666666666667,82683.33,82683.33
06081,2014,All Issues (Census),1,124025,1.6666666666666667,1.6666666666666667,82683.33,82683.33
06081,2015,Payment Months (Type 3),1,76543,1.3333333333333333,1.3333333333333333,25514.33,25514.33
06081,2015,All Issues (Census),1,76543,1.3333333333333333,1.3333333333333333,25514.33,25514.33
06081,2021,Payment Months (Type 3),1,58144,1.3333333333333333,1.3333333333333333,19381.33,19381.33
06081,2021,All Issues (Census),1,58144,1.3333333333333333,1.3333333333333333,19381.33,19381.33
06083,2014,Payment Months (Type 3),1,1707386,1.6666666666666667,1.6666666666666667,1138257.33,1138257.33
06083,2014,All Issues (Census),1,1707386,1.6666666666666667,1.6666666666666667,1138257.33,1138257.33
06083,2015,Payment Months (Type 3),1,1343430.79,1.6666666666666667,1.6666666666666667,895620.53,895620.53
06083,2015,All Issues (Census),1,1343430.79,1.6666666666666667,1.6666666666666667,895620.53,895620.53
06083,2016,Payment Months (Type 3),1,939655,1.6666666666666667,1.6666666666666667,626436.67,626436.67
06083,2016,All Issues (Census),1,939655,1.6666666666666667,1.6666666666666667,626436.67,626436.67
06083,2021,Payment Months (Type 3),1,662858,1.3333333333333333,1.3333333333333333,220952.67,220952.67
06083,2021,All Issues (Census),1,662858,1.3333333333333333,1.3333333333333333,220952.67,220952.67
06083,2022,Payment Months (Type 3),1,777327,1.3333333333333333,1.3333333333333333,259109,259109
06083,2022,All Issues (Census),1,777327,1.3333333333333333,1.3333333333333333,259109,259109
06085,2014,Payment Months (Type 3),1,835771,1.6666666666666667,1.6666666666666667,557180.67,557180.67
06085,2014,All Issues (Census),1,835771,1.6666666666666667,1.6666666666666667,557180.67,557180.67
06085,2015,Payment Months (Type 3),1,657349,1.6666666666666667,1.6666666666666667,438232.67,438232.67
06085,2015,All Issues (Census),1,657349,1.6666666666666667,1.6666666666666667,438232.67,438232.67
06085,2016,Payment Months (Type 3),1,474301,1.3333333333333333,1.3333333333333333,158100.33,158100.33
06085,2016,All Issues (Census),1,474301,1.3333333333333333,1.3333333333333333,158100.33,158100.33
06085,2021,Payment Months (Type 3),1,751132,1.3333333333333333,1.3333333333333333,250377.33,250377.33
06085,2021,All Issues (Census),1,751132,1.3333333333333333,1.3333333333333333,250377.33,250377.33
06087,2014,Payment Months (Type 3),1,80084,1.6666666666666667,1.6666666666666667,53389.33,53389.33
06087,2014,All Issues (Census),1,80084,1.6666666666666667,1.6666666666666667,53389.33,53389.33
06087,2015,Payment Months (Type 3),1,47409,1.3333333333333333,1.3333333333333333,15803,15803
06087,2015,All Issues (Census),1,47409,1.3333333333333333,1.3333333333333333,15803,15803
06087,2021,Payment Months (Type 3),1,26325,1.3333333333333333,1.3333333333333333,8775,8775
06087,2021,All Issues (Census),1,26325,1.3333333333333333,1.3333333333333333,8775,8775
06089,2014,Payment Months (Type 3),1,1220807,1.3333333333333333,1.3333333333333333,406935.67,406935.67
06089,2014,All Issues (Census),1,1220807,1.3333333333333333,1.3333333333333333,406935.67,406935.67
06089,2015,Payment Months (Type 3),1,1007964,1.6666666666666667,1.6666666666666667,671976,671976
06089,2015,All Issues (Census),1,1007964,1.6666666666666667,1.6666666666666667,671976,671976
06089,2020,Payment Months (Type 3),1,519900.47,1.3333333333333333,1.3333333333333333,173300.16,173300.16
06089,2020,All Issues (Census),1,519900.47,1.3333333333333333,1.3333333333333333,173300.16,173300.16
06089,2021,Payment Months (Type 3),1,767822,1.6666666666666667,1.6666666666666667,511881.33,511881.33
06089,2021,All Issues (Census),1,767822,1.6666666666666667,1.6666666666666667,511881.33,511881.33
06089,2022,Payment Months (Type 3),1,1214352,1.3333333333333333,1.3333333333333333,404784,404784
06089,2022,All Issues (Census),1,1214352,1.3333333333333333,1.3333333333333333,404784,404784
06091,2014,Payment Months (Type 3),1,678521,1.3333333333333333,1.3333333333333333,226173.67,226173.67
06091,2014,All Issues (Census),1,678521,1.3333333333333333,1.3333333333333333,226173.67,226173.67
06091,2015,Payment Months (Type 3),1,465531,1.6666666666666667,1.6666666666666667,310354,310354
06091,2015,All Issues (Census),1,465531,1.6666666666666667,1.6666666666666667,310354,310354
06091,2016,Payment Months (Type 3),1,277972,1.3333333333333333,1.3333333333333333,92657.33,92657.33
06091,2016,All Issues (Census),1,277972,1.3333333333333333,1.3333333333333333,92657.33,92657.33
06091,2021,Payment Months (Type 3),1,387676,1.3333333333333333,1.3333333333333333,129225.33,129225.33
06091,2021,All Issues (Census),1,387676,1.3333333333333333,1.3333333333333333,129225.33,129225.33
06093,2014,Payment Months (Type 3),1,2947912,1.3333333333333333,1.3333333333333333,982637.33,982637.33
06093,2014,All Issues (Census),1,2947912,1.3333333333333333,1.3333333333333333,982637.33,982637.33
06093,2015,Payment Months (Type 3),1,2212796.52,1.6666666666666667,1.6666666666666667,1475197.68,1475197.68
06093,2015,All Issues (Census),1,2212796.52,1.6666666666666667,1.6666666666666667,1475197.68,1475197.68
06093,2020,Payment Months (Type 3),1,1406524,1.3333333333333333,1.3333333333333333,468841.33,468841.33
06093,2020,All Issues (Census),1,1406524,1.3333333333333333,1.3333333333333333,468841.33,468841.33
06093,2021,Payment Months (Type 3),1,2446405.56,1.3333333333333333,1.3333333333333333,815468.52,815468.52
06093,2021,All Issues (Census),1,2446405.56,1.3333333333333333,1.3333333333333333,815468.52,815468.52
06093,2022,Payment Months (Type 3),1,2719440,1.3333333333333333,1.3333333333333333,906480,906480
06093,2022,All Issues (Census),1,2719440,1.3333333333333333,1.3333333333333333,906480,906480
06095,2014,Payment Months (Type 3),1,2099310,1.6666666666666667,1.6666666666666667,1399540,1399540
06095,2014,All Issues (Census),1,2099310,1.6666666666666667,1.6666666666666667,1399540,1399540
06095,2015,Payment Months (Type 3),1,1416594,1.6666666666666667,1.6666666666666667,944396,944396
06095,2015,All Issues (Census),1,1416594,1.6666666666666667,1.6666666666666667,944396,944396
06095,2016,Payment Months (Type 3),1,1212051,1.3333333333333333,1.3333333333333333,404017,404017
06095,2016,All Issues (Census),1,1212051,1.3333333333333333,1.3333333333333333,404017,404017
06095,2021,Payment Months (Type 3),1,946756.36,1.6666666666666667,1.6666666666666667,631170.91,631170.91
06095,2021,All Issues (Census),1,946756.36,1.6666666666666667,1.6666666666666667,631170.91,631170.91
06095,2022,Payment Months (Type 3),1,1384075,1.3333333333333333,1.3333333333333333,461358.33,461358.33
06095,2022,All Issues (Census),1,1384075,1.3333333333333333,1.3333333333333333,461358.33,461358.33
06097,2014,Payment Months (Type 3),1,1337867,1.3333333333333333,1.3333333333333333,445955.67,445955.67
06097,2014,All Issues (Census),1,1337867,1.3333333333333333,1.3333333333333333,445955.67,445955.67
06097,2015,Payment Months (Type 3),1,616545,1.3333333333333333,1.3333333333333333,205515,205515
06097,2015,All Issues (Census),1,616545,1.3333333333333333,1.3333333333333333,205515,205515
06097,2021,Payment Months (Type 3),1,2231621,1.6666666666666667,1.6666666666666667,1487747.33,1487747.33
06097,2021,All Issues (Census),1,2231621,1.6666666666666667,1.6666666666666667,1487747.33,1487747.33
06099,2014,Payment Months (Type 3),1,1878766.71,1.6666666666666667,1.6666666666666667,1252511.14,1252511.14
06099,2014,All Issues (Census),1,1878766.71,1.6666666666666667,1.6666666666666667,1252511.14,1252511.14
06099,2015,Payment Months (Type 3),1,1339211,1.6666666666666667,1.6666666666666667,892807.33,892807.33
06099,2015,All Issues (Census),1,1339211,1.6666666666666667,1.6666666666666667,892807.33,892807.33
06099,2016,Payment Months (Type 3),1,1188648,1.3333333333333333,1.3333333333333333,396216,396216
06099,2016,All Issues (Census),1,1188648,1.3333333333333333,1.3333333333333333,396216,396216
06099,2021,Payment Months (Type 3),1,706377,1.6666666666666667,1.6666666666666667,470918,470918
06099,2021,All Issues (Census),1,706377,1.6666666666666667,1.6666666666666667,470918,470918
06099,2022,Payment Months (Type 3),1,1216827,1.3333333333333333,1.3333333333333333,405609,405609
06099,2022,All Issues (Census),1,1216827,1.3333333333333333,1.3333333333333333,405609,405609
06101,2014,Payment Months (Type 3),1,310523,1.3333333333333333,1.3333333333333333,103507.67,103507.67
06101,2014,All Issues (Census),1,310523,1.3333333333333333,1.3333333333333333,103507.67,103507.67
06101,2015,Payment Months (Type 3),1,203462,1.6666666666666667,1.6666666666666667,135641.33,135641.33
06101,2015,All Issues (Census),1,203462,1.6666666666666667,1.6666666666666667,135641.33,135641.33
06101,2016,Payment Months (Type 3),1,150931,1.3333333333333333,1.3333333333333333,50310.33,50310.33
06101,2016,All Issues (Census),1,150931,1.3333333333333333,1.3333333333333333,50310.33,50310.33
06101,2021,Payment Months (Type 3),1,129218,1.6666666666666667,1.6666666666666667,86145.33,86145.33
06101,2021,All Issues (Census),1,129218,1.6666666666666667,1.6666666666666667,86145.33,86145.33
06101,2022,Payment Months (Type 3),1,176018,1.3333333333333333,1.3333333333333333,58672.67,58672.67
06101,2022,All Issues (Census),1,176018,1.3333333333333333,1.3333333333333333,58672.67,58672.67
06103,2014,Payment Months (Type 3),1,3348614,1.3333333333333333,1.3333333333333333,1116204.67,1116204.67
06103,2014,All Issues (Census),1,3348614,1.3333333333333333,1.3333333333333333,1116204.67,1116204.67
06103,2015,Payment Months (Type 3),1,2468717,1.6666666666666667,1.6666666666666667,1645811.33,1645811.33
06103,2015,All Issues (Census),1,2468717,1.6666666666666667,1.6666666666666667,1645811.33,1645811.33
06103,2021,Payment Months (Type 3),1,1673950.32,1.6666666666666667,1.6666666666666667,1115966.88,1115966.88
06103,2021,All Issues (Census),1,1673950.32,1.6666666666666667,1.6666666666666667,1115966.88,1115966.88
06103,2022,Payment Months (Type 3),1,2558778,1.3333333333333333,1.3333333333333333,852926,852926
06103,2022,All Issues (Census),1,2558778,1.3333333333333333,1.3333333333333333,852926,852926
06105,2014,Payment Months (Type 3),1,89674,1.3333333333333333,1.3333333333333333,29891.33,29891.33
06105,2014,All Issues (Census),1,89674,1.3333333333333333,1.3333333333333333,29891.33,29891.33
06105,2020,Payment Months (Type 3),1,54875,1.3333333333333333,1.3333333333333333,18291.67,18291.67
06105,2020,All Issues (Census),1,54875,1.3333333333333333,1.3333333333333333,18291.67,18291.67
06105,2021,Payment Months (Type 3),1,133830,1.3333333333333333,1.3333333333333333,44610,44610
06105,2021,All Issues (Census),1,133830,1.3333333333333333,1.3333333333333333,44610,44610
06105,2022,Payment Months (Type 3),1,81570,1.3333333333333333,1.3333333333333333,27190,27190
06105,2022,All Issues (Census),1,81570,1.3333333333333333,1.3333333333333333,27190,27190
06107,2014,Payment Months (Type 3),1,3060983,1.6666666666666667,1.6666666666666667,2040655.33,2040655.33
06107,2014,All Issues (Census),1,3060983,1.6666666666666667,1.6666666666666667,2040655.33,2040655.33
06107,2015,Payment Months (Type 3),1,1889025,1.6666666666666667,1.6666666666666667,1259350,1259350
06107,2015,All Issues (Census),1,1889025,1.6666666666666667,1.6666666666666667,1259350,1259350
06107,2016,Payment Months (Type 3),1,1212720,1.6666666666666667,1.6666666666666667,808480,808480
06107,2016,All Issues (Census),1,1212720,1.6666666666666667,1.6666666666666667,808480,808480
06107,2021,Payment Months (Type 3),1,1238053,1.6666666666666667,1.6666666666666667,825368.67,825368.67
06107,2021,All Issues (Census),1,1238053,1.6666666666666667,1.6666666666666667,825368.67,825368.67
06107,2022,Payment Months (Type 3),1,1454211,1.6666666666666667,1.6666666666666667,969474,969474
06107,2022,All Issues (Census),1,1454211,1.6666666666666667,1.6666666666666667,969474,969474
06109,2014,Payment Months (Type 3),1,726870,1.3333333333333333,1.3333333333333333,242290,242290
06109,2014,All Issues (Census),1,726870,1.3333333333333333,1.3333333333333333,242290,242290
06109,2015,Payment Months (Type 3),1,591199,1.6666666666666667,1.6666666666666667,394132.67,394132.67
06109,2015,All Issues (Census),1,591199,1.6666666666666667,1.6666666666666667,394132.67,394132.67
06109,2016,Payment Months (Type 3),1,458588,1.6666666666666667,1.6666666666666667,305725.33,305725.33
06109,2016,All Issues (Census),1,458588,1.6666666666666667,1.6666666666666667,305725.33,305725.33
06109,2021,Payment Months (Type 3),1,341357,1.3333333333333333,1.3333333333333333,113785.67,113785.67
06109,2021,All Issues (Census),1,341357,1.3333333333333333,1.3333333333333333,113785.67,113785.67
06109,2022,Payment Months (Type 3),1,639813,1.6666666666666667,1.6666666666666667,426542,426542
06109,2022,All Issues (Census),1,639813,1.6666666666666667,1.6666666666666667,426542,426542
06111,2014,Payment Months (Type 3),1,366696,1.6666666666666667,1.6666666666666667,244464,244464
06111,2014,All Issues (Census),1,366696,1.6666666666666667,1.6666666666666667,244464,244464
06111,2015,Payment Months (Type 3),1,272071,1.6666666666666667,1.6666666666666667,181380.67,181380.67
06111,2015,All Issues (Census),1,272071,1.6666666666666667,1.6666666666666667,181380.67,181380.67
06111,2016,Payment Months (Type 3),1,256614,1.6666666666666667,1.6666666666666667,171076,171076
06111,2016,All Issues (Census),1,256614,1.6666666666666667,1.6666666666666667,171076,171076
06111,2021,Payment Months (Type 3),1,395037,1.3333333333333333,1.3333333333333333,131679,131679
06111,2021,All Issues (Census),1,395037,1.3333333333333333,1.3333333333333333,131679,131679
06111,2022,All Issues (Census),1,178395,1.6666666666666667,1.6666666666666667,118930,118930
06111,2023,Threshold (Type 2),2,81751,1.25,1.25,20437.75,20437.75
06111,2023,All Issues (Census),2,81751,1.25,1.25,20437.75,20437.75
06113,2014,Payment Months (Type 3),1,1232604.29,1.3333333333333333,1.3333333333333333,410868.1,410868.1
06113,2014,All Issues (Census),1,1232604.29,1.3333333333333333,1.3333333333333333,410868.1,410868.1
06113,2015,Payment Months (Type 3),1,824635,1.6666666666666667,1.6666666666666667,549756.67,549756.67
06113,2015,All Issues (Census),1,824635,1.6666666666666667,1.6666666666666667,549756.67,549756.67
06113,2016,Payment Months (Type 3),1,486173,1.3333333333333333,1.3333333333333333,162057.67,162057.67
06113,2016,All Issues (Census),1,486173,1.3333333333333333,1.3333333333333333,162057.67,162057.67
06113,2021,Payment Months (Type 3),1,1039197,1.6666666666666667,1.6666666666666667,692798,692798
06113,2021,All Issues (Census),1,1039197,1.6666666666666667,1.6666666666666667,692798,692798
06113,2022,Payment Months (Type 3),1,721991,1.3333333333333333,1.3333333333333333,240663.67,240663.67
06113,2022,All Issues (Census),1,721991,1.3333333333333333,1.3333333333333333,240663.67,240663.67
06115,2014,Payment Months (Type 3),1,665353,1.3333333333333333,1.3333333333333333,221784.33,221784.33
06115,2014,All Issues (Census),1,665353,1.3333333333333333,1.3333333333333333,221784.33,221784.33
06115,2015,Payment Months (Type 3),1,403028,1.6666666666666667,1.6666666666666667,268685.33,268685.33
06115,2015,All Issues (Census),1,403028,1.6666666666666667,1.6666666666666667,268685.33,268685.33
06115,2016,Payment Months (Type 3),1,276084,1.3333333333333333,1.3333333333333333,92028,92028
06115,2016,All Issues (Census),1,276084,1.3333333333333333,1.3333333333333333,92028,92028
06115,2021,Payment Months (Type 3),1,361149,1.6666666666666667,1.6666666666666667,240766,240766
06115,2021,All Issues (Census),1,361149,1.6666666666666667,1.6666666666666667,240766,240766
06115,2022,Payment Months (Type 3),1,518869,1.3333333333333333,1.3333333333333333,172956.33,172956.33
06115,2022,All Issues (Census),1,518869,1.3333333333333333,1.3333333333333333,172956.33,172956.33
08001,2012,Payment Months (Type 3),1,376189,1.3333333333333333,1.3333333333333333,125396.33,125396.33
08001,2012,All Issues (Census),1,376189,1.3333333333333333,1.3333333333333333,125396.33,125396.33
08001,2020,Payment Months (Type 3),1,173036,1.3333333333333333,1.3333333333333333,57678.67,57678.67
08001,2020,All Issues (Census),1,173036,1.3333333333333333,1.3333333333333333,57678.67,57678.67
08003,2011,Payment Months (Type 3),2,27932,3,3,55864,55864
08003,2011,All Issues (Census),2,27932,3,3,55864,55864
08003,2018,Payment Months (Type 3),3,108747,1.25,2.5,27186.75,163120.5
08003,2018,All Issues (Census),3,108747,1.25,2.5,27186.75,163120.5
08003,2019,Payment Months (Type 3),1,46217,1.25,1.25,11554.25,11554.25
08003,2019,All Issues (Census),1,46217,1.25,1.25,11554.25,11554.25
08003,2020,Payment Months (Type 3),1,178843,1.5,1.5,89421.5,89421.5
08003,2020,All Issues (Census),1,178843,1.5,1.5,89421.5,89421.5
08005,2012,Payment Months (Type 3),1,814215,1.3333333333333333,1.3333333333333333,271405,271405
08005,2012,All Issues (Census),1,814215,1.3333333333333333,1.3333333333333333,271405,271405
08005,2020,Payment Months (Type 3),1,850145.64,1.3333333333333333,1.3333333333333333,283381.88,283381.88
08005,2020,All Issues (Census),1,850145.64,1.3333333333333333,1.3333333333333333,283381.88,283381.88
08005,2021,Payment Months (Type 3),1,926380,1.25,1.25,231595,231595
08005,2021,All Issues (Census),1,926380,1.25,1.25,231595,231595
08007,2013,Payment Months (Type 3),1,226082,1.3333333333333333,1.3333333333333333,75360.67,75360.67
08007,2013,All Issues (Census),1,226082,1.3333333333333333,1.3333333333333333,75360.67,75360.67
08007,2018,Payment Months (Type 3),3,230624,1.25,2.5,57656,345936
08007,2018,All Issues (Census),3,230624,1.25,2.5,57656,345936
08007,2019,Payment Months (Type 3),1,,1.25,1.25,,
08007,2019,All Issues (Census),1,,1.25,1.25,,
08007,2020,Payment Months (Type 3),1,251649,2,2,251649,251649
08007,2020,All Issues (Census),1,251649,2,2,251649,251649
08007,2021,Payment Months (Type 3),3,259895,1.25,2,64973.75,259895
08007,2021,All Issues (Census),3,259895,1.25,2,64973.75,259895
08007,2025,Payment Months (Type 3),2,,2,2,,
08007,2025,All Issues (Census),2,,2,2,,
08009,2011,Payment Months (Type 3),2,1725435,3,3,3450870,3450870
08009,2011,All Issues (Census),2,1725435,3,3,3450870,3450870
08009,2012,Payment Months (Type 3),2,2928480,1.25,1.6666666666666667,732120,1952320
08009,2012,All Issues (Census),2,2928480,1.25,1.6666666666666667,732120,1952320
08009,2013,Payment Months (Type 3),2,3374970,1.25,1.6666666666666667,843742.5,2249980
08009,2013,All Issues (Census),2,3374970,1.25,1.6666666666666667,843742.5,2249980
08009,2014,Payment Months (Type 3),1,2834618.96,1.3333333333333333,1.3333333333333333,944872.99,944872.99
08009,2014,All Issues (Census),1,2834618.96,1.3333333333333333,1.3333333333333333,944872.99,944872.99
08009,2022,Payment Months (Type 3),2,3127841,1.25,1.3333333333333333,781960.25,1042613.67
08009,2022,All Issues (Census),2,3127841,1.25,1.3333333333333333,781960.25,1042613.67
08009,2023,Payment Months (Type 3),1,4257031.18,1.25,1.25,1064257.79,1064257.79
08009,2023,All Issues (Census),1,4257031.18,1.25,1.25,1064257.79,1064257.79
08011,2011,Payment Months (Type 3),3,998948,1.5,1.5,499474,499474
08011,2011,All Issues (Census),3,998948,1.5,1.5,499474,499474
08011,2012,Payment Months (Type 3),1,2386225,1.6666666666666667,1.6666666666666667,1590816.67,1590816.67
08011,2012,All Issues (Census),1,2386225,1.6666666666666667,1.6666666666666667,1590816.67,1590816.67
08011,2013,Payment Months (Type 3),2,2693679,1.25,1.6666666666666667,673419.75,1795786
08011,2013,All Issues (Census),2,2693679,1.25,1.6666666666666667,673419.75,1795786
08011,2014,Payment Months (Type 3),2,2522516,1.25,1.6666666666666667,630629,1681677.33
08011,2014,All Issues (Census),2,2522516,1.25,1.6666666666666667,630629,1681677.33
08011,2018,Payment Months (Type 3),1,1302919.67,1.3333333333333333,1.3333333333333333,434306.56,434306.56
08011,2018,All Issues (Census),1,1302919.67,1.3333333333333333,1.3333333333333333,434306.56,434306.56
08011,2020,Payment Months (Type 3),1,1142071,1.3333333333333333,1.3333333333333333,380690.33,380690.33
08011,2020,All Issues (Census),1,1142071,1.3333333333333333,1.3333333333333333,380690.33,380690.33
08013,2012,Payment Months (Type 3),1,,1.3333333333333333,1.3333333333333333,,
08013,2012,All Issues (Census),1,,1.3333333333333333,1.3333333333333333,,
08014,2012,Payment Months (Type 3),1,,1.3333333333333333,1.3333333333333333,,
08014,2012,All Issues (Census),1,,1.3333333333333333,1.3333333333333333,,
08014,2020,Payment Months (Type 3),1,,1.3333333333333333,1.3333333333333333,,
08014,2020,All Issues (Census),1,,1.3333333333333333,1.3333333333333333,,
08015,2012,Payment Months (Type 3),1,310385,1.3333333333333333,1.3333333333333333,103461.67,103461.67
08015,2012,All Issues (Census),1,310385,1.3333333333333333,1.3333333333333333,103461.67,103461.67
08015,2018,Payment Months (Type 3),1,154649,2,2,154649,154649
08015,2018,All Issues (Census),1,154649,2,2,154649,154649
08015,2020,Payment Months (Type 3),1,79115,2,2,79115,79115
08015,2020,All Issues (Census),1,79115,2,2,79115,79115
08015,2025,Payment Months (Type 3),2,,1.5,2,,
08015,2025,All Issues (Census),2,,1.5,2,,
08017,2012,Payment Months (Type 3),1,2273960,1.6666666666666667,1.6666666666666667,1515973.33,1515973.33
08017,2012,All Issues (Census),1,2273960,1.6666666666666667,1.6666666666666667,1515973.33,1515973.33
08017,2013,Payment Months (Type 3),2,2326746,1.25,1.3333333333333333,581686.5,775582
08017,2013,All Issues (Census),2,2326746,1.25,1.3333333333333333,581686.5,775582
08017,2020,Payment Months (Type 3),1,1230680,1.3333333333333333,1.3333333333333333,410226.67,410226.67
08017,2020,All Issues (Census),1,1230680,1.3333333333333333,1.3333333333333333,410226.67,410226.67
08019,2021,Payment Months (Type 3),1,,1.25,1.25,,
08019,2021,All Issues (Census),1,,1.25,1.25,,
08021,2011,Payment Months (Type 3),2,1103640,3,3,2207280,2207280
08021,2011,All Issues (Census),2,1103640,3,3,2207280,2207280
08021,2013,Payment Months (Type 3),1,2090011,1.3333333333333333,1.3333333333333333,696670.33,696670.33
08021,2013,All Issues (Census),1,2090011,1.3333333333333333,1.3333333333333333,696670.33,696670.33
08021,2018,Payment Months (Type 3),3,940612,1.25,2,235153,940612
08021,2018,All Issues (Census),3,940612,1.25,2,235153,940612
08021,2019,Payment Months (Type 3),1,430767,1.25,1.25,107691.75,107691.75
08021,2019,All Issues (Census),1,430767,1.25,1.25,107691.75,107691.75
08021,2020,Payment Months (Type 3),1,1551741,2,2,1551741,1551741
08021,2020,All Issues (Census),1,1551741,2,2,1551741,1551741
08021,2025,Payment Months (Type 3),2,,2,2,,
08021,2025,All Issues (Census),2,,2,2,,
08023,2011,Payment Months (Type 3),2,128724,3,3,257448,257448
08023,2011,All Issues (Census),2,128724,3,3,257448,257448
08023,2018,Payment Months (Type 3),1,119396,2.5,2.5,179094,179094
08023,2018,All Issues (Census),1,119396,2.5,2.5,179094,179094
08023,2019,Payment Months (Type 3),1,9857,1.25,1.25,2464.25,2464.25
08023,2019,All Issues (Census),1,9857,1.25,1.25,2464.25,2464.25
08023,2020,Payment Months (Type 3),1,103198,2,2,103198,103198
08023,2020,All Issues (Census),1,103198,2,2,103198,103198
08025,2011,Payment Months (Type 3),3,1436412,1.5,3,718206,2872824
08025,2011,All Issues (Census),3,1436412,1.5,3,718206,2872824
08025,2012,Payment Months (Type 3),1,2774792,1.6666666666666667,1.6666666666666667,1849861.33,1849861.33
08025,2012,All Issues (Census),1,2774792,1.6666666666666667,1.6666666666666667,1849861.33,1849861.33
08025,2013,Payment Months (Type 3),2,2720172,1.25,1.6666666666666667,680043,1813448
08025,2013,All Issues (Census),2,2720172,1.25,1.6666666666666667,680043,1813448
08025,2014,Payment Months (Type 3),2,2445512,1.25,1.6666666666666667,611378,1630341.33
08025,2014,All Issues (Census),2,2445512,1.25,1.6666666666666667,611378,1630341.33
08025,2018,Payment Months (Type 3),1,987617,1.3333333333333333,1.3333333333333333,329205.67,329205.67
08025,2018,All Issues (Census),1,987617,1.3333333333333333,1.3333333333333333,329205.67,329205.67
08027,2011,Payment Months (Type 3),3,329344,1.5,3,164672,658688
08027,2011,All Issues (Census),3,329344,1.5,3,164672,658688
08027,2012,Payment Months (Type 3),1,428417,1.3333333333333333,1.3333333333333333,142805.67,142805.67
08027,2012,All Issues (Census),1,428417,1.3333333333333333,1.3333333333333333,142805.67,142805.67
08027,2018,Payment Months (Type 3),1,283671,2.5,2.5,425506.5,425506.5
08027,2018,All Issues (Census),1,283671,2.5,2.5,425506.5,425506.5
08027,2019,Payment Months (Type 3),1,,1.25,1.25,,
08027,2019,All Issues (Census),1,,1.25,1.25,,
08027,2020,Payment Months (Type 3),1,222992,1.5,1.5,111496,111496
08027,2020,All Issues (Census),1,222992,1.5,1.5,111496,111496
08029,2012,Payment Months (Type 3),1,602525,1.3333333333333333,1.3333333333333333,200841.67,200841.67
08029,2012,All Issues (Census),1,602525,1.3333333333333333,1.3333333333333333,200841.67,200841.67
08029,2018,Payment Months (Type 3),1,520261,1.6666666666666667,1.6666666666666667,346840.67,346840.67
08029,2018,All Issues (Census),1,520261,1.6666666666666667,1.6666666666666667,346840.67,346840.67
08029,2019,Payment Months (Type 3),1,,1.25,1.25,,
08029,2019,All Issues (Census),1,,1.25,1.25,,
08029,2020,Payment Months (Type 3),1,719845,1.3333333333333333,1.3333333333333333,239948.33,239948.33
08029,2020,All Issues (Census),1,719845,1.3333333333333333,1.3333333333333333,239948.33,239948.33
08029,2021,Payment Months (Type 3),2,1059710,1.25,1.6666666666666667,264927.5,706473.33
08029,2021,All Issues (Census),2,1059710,1.25,1.6666666666666667,264927.5,706473.33
08029,2025,Payment Months (Type 3),2,,1.3333333333333333,2,,
08029,2025,All Issues (Census),2,,1.3333333333333333,2,,
08031,2012,Payment Months (Type 3),1,,1.3333333333333333,1.3333333333333333,,
08031,2012,All Issues (Census),1,,1.3333333333333333,1.3333333333333333,,
08031,2020,Payment Months (Type 3),1,,1.3333333333333333,1.3333333333333333,,
08031,2020,All Issues (Census),1,,1.3333333333333333,1.3333333333333333,,
08031,2021,Payment Months (Type 3),1,,1.25,1.25,,
08031,2021,All Issues (Census),1,,1.25,1.25,,
08033,2012,Payment Months (Type 3),1,157418,1.3333333333333333,1.3333333333333333,52472.67,52472.67
08033,2012,All Issues (Census),1,157418,1.3333333333333333,1.3333333333333333,52472.67,52472.67
08033,2013,Payment Months (Type 3),1,171571,1.3333333333333333,1.3333333333333333,57190.33,57190.33
08033,2013,All Issues (Census),1,171571,1.3333333333333333,1.3333333333333333,57190.33,57190.33
08033,2018,Payment Months (Type 3),1,75463,1.6666666666666667,1.6666666666666667,50308.67,50308.67
08033,2018,All Issues (Census),1,75463,1.6666666666666667,1.6666666666666667,50308.67,50308.67
08033,2019,Payment Months (Type 3),1,,1.25,1.25,,
08033,2019,All Issues (Census),1,,1.25,1.25,,
08033,2020,Payment Months (Type 3),1,102836,1.3333333333333333,1.3333333333333333,34278.67,34278.67
08033,2020,All Issues (Census),1,102836,1.3333333333333333,1.3333333333333333,34278.67,34278.67
08033,2021,Payment Months (Type 3),2,92866,1.25,1.3333333333333333,23216.5,30955.33
08033,2021,All Issues (Census),2,92866,1.25,1.3333333333333333,23216.5,30955.33
08033,2022,Payment Months (Type 3),1,138456,1.3333333333333333,1.3333333333333333,46152,46152
08033,2022,All Issues (Census),1,138456,1.3333333333333333,1.3333333333333333,46152,46152
08033,2025,Payment Months (Type 3),1,,1.3333333333333333,1.3333333333333333,,
08033,2025,All Issues (Census),1,,1.3333333333333333,1.3333333333333333,,
08035,2012,Payment Months (Type 3),1,234153,1.3333333333333333,1.3333333333333333,78051,78051
08035,2012,All Issues (Census),1,234153,1.3333333333333333,1.3333333333333333,78051,78051
08035,2020,Payment Months (Type 3),1,136639,1.3333333333333333,1.3333333333333333,45546.33,45546.33
08035,2020,All Issues (Census),1,136639,1.3333333333333333,1.3333333333333333,45546.33,45546.33
08035,2021,Payment Months (Type 3),1,69828,1.25,1.25,17457,17457
08035,2021,All Issues (Census),1,69828,1.25,1.25,17457,17457
08037,2012,Payment Months (Type 3),1,598903,1.3333333333333333,1.3333333333333333,199634.33,199634.33
08037,2012,All Issues (Census),1,598903,1.3333333333333333,1.3333333333333333,199634.33,199634.33
08037,2018,Payment Months (Type 3),1,469259,2,2,469259,469259
08037,2018,All Issues (Census),1,469259,2,2,469259,469259
08037,2020,Payment Months (Type 3),1,824024,2,2,824024,824024
08037,2020,All Issues (Census),1,824024,2,2,824024,824024
08037,2021,Payment Months (Type 3),3,842794,1.25,2,210698.5,842794
08037,2021,All Issues (Census),3,842794,1.25,2,210698.5,842794
08037,2025,Payment Months (Type 3),2,,2,2,,
08037,2025,All Issues (Census),2,,2,2,,
08039,2012,Payment Months (Type 3),1,2757015,1.3333333333333333,1.3333333333333333,919005,919005
08039,2012,All Issues (Census),1,2757015,1.3333333333333333,1.3333333333333333,919005,919005
08039,2013,Payment Months (Type 3),2,3645990,1.25,1.3333333333333333,911497.5,1215330
08039,2013,All Issues (Census),2,3645990,1.25,1.3333333333333333,911497.5,1215330
08039,2020,Payment Months (Type 3),1,1299098.6,1.3333333333333333,1.3333333333333333,433032.87,433032.87
08039,2020,All Issues (Census),1,1299098.6,1.3333333333333333,1.3333333333333333,433032.87,433032.87
08039,2021,Payment Months (Type 3),1,1550059,1.25,1.25,387514.75,387514.75
08039,2021,All Issues (Census),1,1550059,1.25,1.25,387514.75,387514.75
08041,2011,Payment Months (Type 3),3,589727,1.5,1.5,294863.5,294863.5
08041,2011,All Issues (Census),3,589727,1.5,1.5,294863.5,294863.5
08041,2012,Payment Months (Type 3),1,1551033,1.6666666666666667,1.6666666666666667,1034022,1034022
08041,2012,All Issues (Census),1,1551033,1.6666666666666667,1.6666666666666667,1034022,1034022
08041,2013,Payment Months (Type 3),1,1610879,1.25,1.25,402719.75,402719.75
08041,2013,All Issues (Census),2,1610879,1.25,1.3333333333333333,402719.75,536959.67
08041,2021,Payment Months (Type 3),1,709201,1.25,1.25,177300.25,177300.25
08041,2021,All Issues (Census),1,709201,1.25,1.25,177300.25,177300.25
08043,2011,Payment Months (Type 3),3,175096,1.5,3,87548,350192
08043,2011,All Issues (Census),3,175096,1.5,3,87548,350192
08043,2012,Payment Months (Type 3),1,361708,1.3333333333333333,1.3333333333333333,120569.33,120569.33
08043,2012,All Issues (Census),1,361708,1.3333333333333333,1.3333333333333333,120569.33,120569.33
08043,2013,Payment Months (Type 3),2,399145,1.25,1.3333333333333333,99786.25,133048.33
08043,2013,All Issues (Census),2,399145,1.25,1.3333333333333333,99786.25,133048.33
08043,2018,Payment Months (Type 3),1,200566,1.3333333333333333,1.3333333333333333,66855.33,66855.33
08043,2018,All Issues (Census),1,200566,1.3333333333333333,1.3333333333333333,66855.33,66855.33
08045,2012,Payment Months (Type 3),1,1379999,1.3333333333333333,1.3333333333333333,459999.67,459999.67
08045,2012,All Issues (Census),1,1379999,1.3333333333333333,1.3333333333333333,459999.67,459999.67
08045,2018,Payment Months (Type 3),1,794359,1.3333333333333333,1.3333333333333333,264786.33,264786.33
08045,2018,All Issues (Census),1,794359,1.3333333333333333,1.3333333333333333,264786.33,264786.33
08045,2020,Payment Months (Type 3),1,1271749,1.3333333333333333,1.3333333333333333,423916.33,423916.33
08045,2020,All Issues (Census),1,1271749,1.3333333333333333,1.3333333333333333,423916.33,423916.33
08045,2021,Payment Months (Type 3),2,1583534,1.25,1.6666666666666667,395883.5,1055689.33
08045,2021,All Issues (Census),2,1583534,1.25,1.6666666666666667,395883.5,1055689.33
08045,2025,Payment Months (Type 3),2,,1.3333333333333333,2,,
08045,2025,All Issues (Census),2,,1.3333333333333333,2,,
08049,2012,Payment Months (Type 3),1,597718,1.3333333333333333,1.3333333333333333,199239.33,199239.33
08049,2012,All Issues (Census),1,597718,1.3333333333333333,1.3333333333333333,199239.33,199239.33
08049,2018,Payment Months (Type 3),1,270719,2,2,270719,270719
08049,2018,All Issues (Census),1,270719,2,2,270719,270719
08049,2020,Payment Months (Type 3),1,693304.26,2,2,693304.26,693304.26
08049,2020,All Issues (Census),1,693304.26,2,2,693304.26,693304.26
08049,2021,Payment Months (Type 3),3,672513,1.25,2,168128.25,672513
08049,2021,All Issues (Census),3,672513,1.25,2,168128.25,672513
08049,2025,Payment Months (Type 3),1,,2,2,,
08049,2025,All Issues (Census),1,,2,2,,
08051,2012,Payment Months (Type 3),1,766344,1.3333333333333333,1.3333333333333333,255448,255448
08051,2012,All Issues (Census),1,766344,1.3333333333333333,1.3333333333333333,255448,255448
08051,2018,Payment Months (Type 3),1,518436,2,2,518436,518436
08051,2018,All Issues (Census),1,518436,2,2,518436,518436
08051,2019,Payment Months (Type 3),1,,1.25,1.25,,
08051,2019,All Issues (Census),1,,1.25,1.25,,
08051,2020,Payment Months (Type 3),1,517871,2,2,517871,517871
08051,2020,All Issues (Census),1,517871,2,2,517871,517871
08051,2021,Payment Months (Type 3),2,476234,1.25,2,119058.5,476234
08051,2021,All Issues (Census),2,476234,1.25,2,119058.5,476234
08051,2025,Payment Months (Type 3),2,,2,2,,
08051,2025,All Issues (Census),2,,2,2,,
08053,2013,Payment Months (Type 3),1,2856,1.3333333333333333,1.3333333333333333,952,952
08053,2013,All Issues (Census),1,2856,1.3333333333333333,1.3333333333333333,952,952
08053,2018,Payment Months (Type 3),3,1298,1.25,2.5,324.5,1947
08053,2018,All Issues (Census),3,1298,1.25,2.5,324.5,1947
08053,2019,Payment Months (Type 3),1,,1.25,1.25,,
08053,2019,All Issues (Census),1,,1.25,1.25,,
08053,2020,Payment Months (Type 3),1,2310,2,2,2310,2310
08053,2020,All Issues (Census),1,2310,2,2,2310,2310
08053,2021,Payment Months (Type 3),2,2254,1.25,1.5,563.5,1127
08053,2021,All Issues (Census),2,2254,1.25,1.5,563.5,1127
08053,2025,Payment Months (Type 3),1,,2,2,,
08053,2025,All Issues (Census),1,,2,2,,
08055,2011,Payment Months (Type 3),2,490586,3,3,981172,981172
08055,2011,All Issues (Census),2,490586,3,3,981172,981172
08055,2012,Payment Months (Type 3),1,895209.88,1.6666666666666667,1.6666666666666667,596806.59,596806.59
08055,2012,All Issues (Census),1,895209.88,1.6666666666666667,1.6666666666666667,596806.59,596806.59
08055,2013,Payment Months (Type 3),2,920124,1.25,1.3333333333333333,230031,306708
08055,2013,All Issues (Census),2,920124,1.25,1.6666666666666667,230031,613416
08055,2018,Payment Months (Type 3),1,593337,1.6666666666666667,1.6666666666666667,395558,395558
08055,2018,All Issues (Census),1,593337,1.6666666666666667,1.6666666666666667,395558,395558
08055,2019,Payment Months (Type 3),1,,1.25,1.25,,
08055,2019,All Issues (Census),1,,1.25,1.25,,
08055,2020,Payment Months (Type 3),1,675139,1.3333333333333333,1.3333333333333333,225046.33,225046.33
08055,2020,All Issues (Census),1,675139,1.3333333333333333,1.3333333333333333,225046.33,225046.33
08057,2012,Payment Months (Type 3),1,592084,1.3333333333333333,1.3333333333333333,197361.33,197361.33
08057,2012,All Issues (Census),1,592084,1.3333333333333333,1.3333333333333333,197361.33,197361.33
08057,2018,Payment Months (Type 3),1,153330,2,2,153330,153330
08057,2018,All Issues (Census),1,153330,2,2,153330,153330
08057,2020,Payment Months (Type 3),1,654373,2,2,654373,654373
08057,2020,All Issues (Census),1,654373,2,2,654373,654373
08057,2021,Payment Months (Type 3),3,696545,1.25,2,174136.25,696545
08057,2021,All Issues (Census),3,696545,1.25,2,174136.25,696545
08057,2025,Payment Months (Type 3),1,,2,2,,
08057,2025,All Issues (Census),1,,2,2,,
08059,2012,Payment Months (Type 3),1,,1.3333333333333333,1.3333333333333333,,
08059,2012,All Issues (Census),1,,1.3333333333333333,1.3333333333333333,,
08059,2020,Payment Months (Type 3),1,,1.3333333333333333,1.3333333333333333,,
08059,2020,All Issues (Census),1,,1.3333333333333333,1.3333333333333333,,
08059,2021,Payment Months (Type 3),1,,1.25,1.25,,
08059,2021,All Issues (Census),1,,1.25,1.25,,
08061,2011,Payment Months (Type 3),3,655016.81,1.5,1.5,327508.41,327508.41
08061,2011,All Issues (Census),3,655016.81,1.5,1.5,327508.41,327508.41
08061,2012,Payment Months (Type 3),1,2034472,1.6666666666666667,1.6666666666666667,1356314.67,1356314.67
08061,2012,All Issues (Census),1,2034472,1.6666666666666667,1.6666666666666667,1356314.67,1356314.67
08061,2013,Payment Months (Type 3),2,2187403,1.25,1.6666666666666667,546850.75,1458268.67
08061,2013,All Issues (Census),2,2187403,1.25,1.6666666666666667,546850.75,1458268.67
08061,2014,Payment Months (Type 3),2,1858612,1.25,1.6666666666666667,464653,1239074.67
08061,2014,All Issues (Census),2,1858612,1.25,1.6666666666666667,464653,1239074.67
08061,2018,Payment Months (Type 3),1,987454,1.3333333333333333,1.3333333333333333,329151.33,329151.33
08061,2018,All Issues (Census),1,987454,1.3333333333333333,1.3333333333333333,329151.33,329151.33
08061,2020,Payment Months (Type 3),1,1166170,1.6666666666666667,1.6666666666666667,777446.67,777446.67
08061,2020,All Issues (Census),1,1166170,1.6666666666666667,1.6666666666666667,777446.67,777446.67
08061,2021,Payment Months (Type 3),1,1112250,1.25,1.25,278062.5,278062.5
08061,2021,All Issues (Census),1,1112250,1.25,1.25,278062.5,278062.5
08063,2012,Payment Months (Type 3),1,3760661,1.6666666666666667,1.6666666666666667,2507107.33,2507107.33
08063,2012,All Issues (Census),1,3760661,1.6666666666666667,1.6666666666666667,2507107.33,2507107.33
08063,2013,Payment Months (Type 3),2,3420219,1.25,1.3333333333333333,855054.75,1140073
08063,2013,All Issues (Census),2,3420219,1.25,1.3333333333333333,855054.75,1140073
08063,2014,Threshold (Type 2),1,145152,4,4,435456,435456
08063,2020,Payment Months (Type 3),1,1832238,1.3333333333333333,1.3333333333333333,610746,610746
08063,2020,All Issues (Census),1,1832238,1.3333333333333333,1.3333333333333333,610746,610746
08065,2012,Payment Months (Type 3),1,15936,1.3333333333333333,1.3333333333333333,5312,5312
08065,2012,All Issues (Census),1,15936,1.3333333333333333,1.3333333333333333,5312,5312
08065,2018,Payment Months (Type 3),3,13497,1.3333333333333333,2,4499,13497
08065,2018,All Issues (Census),3,13497,1.3333333333333333,2,4499,13497
08065,2020,Payment Months (Type 3),1,15228,2,2,15228,15228
08065,2020,All Issues (Census),1,15228,2,2,15228,15228
08065,2025,Payment Months (Type 3),1,,2,2,,
08065,2025,All Issues (Census),1,,2,2,,
08067,2013,Payment Months (Type 3),1,384225,1.3333333333333333,1.3333333333333333,128075,128075
08067,2013,All Issues (Census),1,384225,1.3333333333333333,1.3333333333333333,128075,128075
08067,2014,Payment Months (Type 3),1,352930,1.3333333333333333,1.3333333333333333,117643.33,117643.33
08067,2014,All Issues (Census),1,352930,1.3333333333333333,1.3333333333333333,117643.33,117643.33
08067,2018,Payment Months (Type 3),1,363739,1.6666666666666667,1.6666666666666667,242492.67,242492.67
08067,2018,All Issues (Census),1,363739,1.6666666666666667,1.6666666666666667,242492.67,242492.67
08067,2019,Payment Months (Type 3),1,58255,1.25,1.25,14563.75,14563.75
08067,2019,All Issues (Census),1,58255,1.25,1.25,14563.75,14563.75
08067,2020,Payment Months (Type 3),1,365198,1.3333333333333333,1.3333333333333333,121732.67,121732.67
08067,2020,All Issues (Census),1,365198,1.3333333333333333,1.3333333333333333,121732.67,121732.67
08067,2021,Payment Months (Type 3),2,553434.59,1.25,1.6666666666666667,138358.65,368956.39
08067,2021,All Issues (Census),2,553434.59,1.25,1.6666666666666667,138358.65,368956.39
08067,2025,Payment Months (Type 3),1,,1.3333333333333333,1.3333333333333333,,
08067,2025,All Issues (Census),1,,1.3333333333333333,1.3333333333333333,,
08069,2012,Payment Months (Type 3),1,456532,1.3333333333333333,1.3333333333333333,152177.33,152177.33
08069,2012,All Issues (Census),1,456532,1.3333333333333333,1.3333333333333333,152177.33,152177.33
08071,2011,Payment Months (Type 3),3,1782192.02,1.5,3,891096.01,3564384.04
08071,2011,All Issues (Census),3,1782192.02,1.5,3,891096.01,3564384.04
08071,2012,Threshold (Type 2),1,3541990.63,3,3,7083981.26,7083981.26
08071,2012,Payment Months (Type 3),1,3541990.63,1.6666666666666667,1.6666666666666667,2361327.09,2361327.09
08071,2012,All Issues (Census),2,3541990.63,1.6666666666666667,3,2361327.09,7083981.26
08071,2013,Payment Months (Type 3),2,3732610,1.25,1.6666666666666667,933152.5,2488406.67
08071,2013,All Issues (Census),2,3732610,1.25,1.6666666666666667,933152.5,2488406.67
08071,2014,Payment Months (Type 3),1,3232845,1.25,1.25,808211.25,808211.25
08071,2014,All Issues (Census),1,3232845,1.25,1.25,808211.25,808211.25
08071,2018,Payment Months (Type 3),1,1944704.88,1.6666666666666667,1.6666666666666667,1296469.92,1296469.92
08071,2018,All Issues (Census),1,1944704.88,1.6666666666666667,1.6666666666666667,1296469.92,1296469.92
08071,2019,Payment Months (Type 3),1,,1.25,1.25,,
08071,2019,All Issues (Census),1,,1.25,1.25,,
08071,2020,Payment Months (Type 3),1,2160492,1.3333333333333333,1.3333333333333333,720164,720164
08071,2020,All Issues (Census),1,2160492,1.3333333333333333,1.3333333333333333,720164,720164
08073,2011,Payment Months (Type 3),3,1223203,1.5,3,611601.5,2446406
08073,2011,All Issues (Census),3,1223203,1.5,3,611601.5,2446406
08073,2012,Payment Months (Type 3),1,4603664,1.6666666666666667,1.6666666666666667,3069109.33,3069109.33
08073,2012,All Issues (Census),1,4603664,1.6666666666666667,1.6666666666666667,3069109.33,3069109.33
08073,2013,Payment Months (Type 3),2,4846570,1.25,1.6666666666666667,1211642.5,3231046.67
08073,2013,All Issues (Census),2,4846570,1.25,1.6666666666666667,1211642.5,3231046.67
08073,2014,Payment Months (Type 3),1,3642398,1.3333333333333333,1.3333333333333333,1214132.67,1214132.67
08073,2014,All Issues (Census),1,3642398,1.3333333333333333,1.3333333333333333,1214132.67,1214132.67
08073,2020,Payment Months (Type 3),1,2073986.18,1.3333333333333333,1.3333333333333333,691328.73,691328.73
08073,2020,All Issues (Census),1,2073986.18,1.3333333333333333,1.3333333333333333,691328.73,691328.73
08075,2012,Payment Months (Type 3),1,3595921,1.6666666666666667,1.6666666666666667,2397280.67,2397280.67
08075,2012,All Issues (Census),1,3595921,1.6666666666666667,1.6666666666666667,2397280.67,2397280.67
08075,2013,Payment Months (Type 3),1,3142707,1.25,1.25,785676.75,785676.75
08075,2013,All Issues (Census),1,3142707,1.25,1.25,785676.75,785676.75
08075,2022,Payment Months (Type 3),1,2349226,1.3333333333333333,1.3333333333333333,783075.33,783075.33
08075,2022,All Issues (Census),1,2349226,1.3333333333333333,1.3333333333333333,783075.33,783075.33
08077,2012,Payment Months (Type 3),1,1507395,1.3333333333333333,1.3333333333333333,502465,502465
08077,2012,All Issues (Census),1,1507395,1.3333333333333333,1.3333333333333333,502465,502465
08077,2018,Payment Months (Type 3),1,1261832,1.6666666666666667,1.6666666666666667,841221.33,841221.33
08077,2018,All Issues (Census),1,1261832,1.6666666666666667,1.6666666666666667,841221.33,841221.33
08077,2019,Payment Months (Type 3),1,,1.25,1.25,,
08077,2019,All Issues (Census),1,,1.25,1.25,,
08077,2020,Payment Months (Type 3),1,1137582,1.3333333333333333,1.3333333333333333,379194,379194
08077,2020,All Issues (Census),1,1137582,1.3333333333333333,1.3333333333333333,379194,379194
08077,2021,Payment Months (Type 3),2,1558129,1.25,1.6666666666666667,389532.25,1038752.67
08077,2021,All Issues (Census),2,1558129,1.25,1.6666666666666667,389532.25,1038752.67
08077,2025,Payment Months (Type 3),2,,1.3333333333333333,2,,
08077,2025,All Issues (Census),2,,1.3333333333333333,2,,
08079,2013,Payment Months (Type 3),1,46598,1.3333333333333333,1.3333333333333333,15532.67,15532.67
08079,2013,All Issues (Census),1,46598,1.3333333333333333,1.3333333333333333,15532.67,15532.67
08079,2018,Payment Months (Type 3),1,1002,2,2,1002,1002
08079,2018,All Issues (Census),1,1002,2,2,1002,1002
08079,2019,Payment Months (Type 3),1,,1.25,1.25,,
08079,2019,All Issues (Census),1,,1.25,1.25,,
08079,2020,Payment Months (Type 3),1,7506,2,2,7506,7506
08079,2020,All Issues (Census),1,7506,2,2,7506,7506
08079,2021,Payment Months (Type 3),1,5163,1.25,1.25,1290.75,1290.75
08079,2021,All Issues (Census),1,5163,1.25,1.25,1290.75,1290.75
08079,2025,Payment Months (Type 3),2,,2,2,,
08079,2025,All Issues (Census),2,,2,2,,
08081,2012,Payment Months (Type 3),1,2340276.12,1.3333333333333333,1.3333333333333333,780092.04,780092.04
08081,2012,All Issues (Census),1,2340276.12,1.3333333333333333,1.3333333333333333,780092.04,780092.04
08081,2018,Payment Months (Type 3),1,1389964,1.3333333333333333,1.3333333333333333,463321.33,463321.33
08081,2018,All Issues (Census),1,1389964,1.3333333333333333,1.3333333333333333,463321.33,463321.33
08081,2020,Payment Months (Type 3),1,1546003,1.3333333333333333,1.3333333333333333,515334.33,515334.33
08081,2020,All Issues (Census),1,1546003,1.3333333333333333,1.3333333333333333,515334.33,515334.33
08081,2021,Payment Months (Type 3),2,2542066.16,1.25,1.6666666666666667,635516.54,1694710.77
08081,2021,All Issues (Census),2,2542066.16,1.25,1.6666666666666667,635516.54,1694710.77
08081,2025,Payment Months (Type 3),2,,1.3333333333333333,2,,
08081,2025,All Issues (Census),2,,1.3333333333333333,2,,
08083,2012,Payment Months (Type 3),1,1399060,1.3333333333333333,1.3333333333333333,466353.33,466353.33
08083,2012,All Issues (Census),1,1399060,1.3333333333333333,1.3333333333333333,466353.33,466353.33
08083,2013,Payment Months (Type 3),1,1438544,1.3333333333333333,1.3333333333333333,479514.67,479514.67
08083,2013,All Issues (Census),1,1438544,1.3333333333333333,1.3333333333333333,479514.67,479514.67
08083,2014,Payment Months (Type 3),1,1189686,1.3333333333333333,1.3333333333333333,396562,396562
08083,2014,All Issues (Census),1,1189686,1.3333333333333333,1.3333333333333333,396562,396562
08083,2018,Payment Months (Type 3),1,859790.04,1.6666666666666667,1.6666666666666667,573193.36,573193.36
08083,2018,All Issues (Census),1,859790.04,1.6666666666666667,1.6666666666666667,573193.36,573193.36
08083,2019,Payment Months (Type 3),1,,1.25,1.25,,
08083,2019,All Issues (Census),1,,1.25,1.25,,
08083,2020,Payment Months (Type 3),1,752292,1.3333333333333333,1.3333333333333333,250764,250764
08083,2020,All Issues (Census),1,752292,1.3333333333333333,1.3333333333333333,250764,250764
08083,2021,Payment Months (Type 3),2,943879,1.25,1.6666666666666667,235969.75,629252.67
08083,2021,All Issues (Census),2,943879,1.25,1.6666666666666667,235969.75,629252.67
08083,2022,Payment Months (Type 3),1,1134526.12,1.3333333333333333,1.3333333333333333,378175.37,378175.37
08083,2022,All Issues (Census),1,1134526.12,1.3333333333333333,1.3333333333333333,378175.37,378175.37
08083,2025,Payment Months (Type 3),1,,1.3333333333333333,1.3333333333333333,,
08083,2025,All Issues (Census),1,,1.3333333333333333,1.3333333333333333,,
08085,2012,Payment Months (Type 3),1,1664416,1.3333333333333333,1.3333333333333333,554805.33,554805.33
08085,2012,All Issues (Census),1,1664416,1.3333333333333333,1.3333333333333333,554805.33,554805.33
08085,2018,Payment Months (Type 3),1,1273272,1.6666666666666667,1.6666666666666667,848848,848848
08085,2018,All Issues (Census),1,1273272,1.6666666666666667,1.6666666666666667,848848,848848
08085,2019,Payment Months (Type 3),1,,1.25,1.25,,
08085,2019,All Issues (Census),1,,1.25,1.25,,
08085,2020,Payment Months (Type 3),1,1254698,1.3333333333333333,1.3333333333333333,418232.67,418232.67
08085,2020,All Issues (Census),1,1254698,1.3333333333333333,1.3333333333333333,418232.67,418232.67
08085,2021,Payment Months (Type 3),2,1314706,1.25,1.6666666666666667,328676.5,876470.67
08085,2021,All Issues (Census),2,1314706,1.25,1.6666666666666667,328676.5,876470.67
08085,2025,Payment Months (Type 3),1,,1.3333333333333333,1.3333333333333333,,
08085,2025,All Issues (Census),1,,1.3333333333333333,1.3333333333333333,,
08087,2012,Payment Months (Type 3),1,2458531,1.6666666666666667,1.6666666666666667,1639020.67,1639020.67
08087,2012,All Issues (Census),1,2458531,1.6666666666666667,1.6666666666666667,1639020.67,1639020.67
08089,2011,Payment Months (Type 3),3,1976490,1.5,3,988245,3952980
08089,2011,All Issues (Census),3,1976490,1.5,3,988245,3952980
08089,2012,Payment Months (Type 3),1,3540037,1.6666666666666667,1.6666666666666667,2360024.67,2360024.67
08089,2012,All Issues (Census),1,3540037,1.6666666666666667,1.6666666666666667,2360024.67,2360024.67
08089,2013,Payment Months (Type 3),2,3614546,1.25,1.6666666666666667,903636.5,2409697.33
08089,2013,All Issues (Census),2,3614546,1.25,1.6666666666666667,903636.5,2409697.33
08089,2014,Payment Months (Type 3),2,3267961,1.25,1.6666666666666667,816990.25,2178640.67
08089,2014,All Issues (Census),2,3267961,1.25,1.6666666666666667,816990.25,2178640.67
08089,2018,Payment Months (Type 3),1,1790529,1.3333333333333333,1.3333333333333333,596843,596843
08089,2018,All Issues (Census),1,1790529,1.3333333333333333,1.3333333333333333,596843,596843
08091,2012,Payment Months (Type 3),1,180700,1.3333333333333333,1.3333333333333333,60233.33,60233.33
08091,2012,All Issues (Census),1,180700,1.3333333333333333,1.3333333333333333,60233.33,60233.33
08091,2018,Payment Months (Type 3),1,122823,1.6666666666666667,1.6666666666666667,81882,81882
08091,2018,All Issues (Census),1,122823,1.6666666666666667,1.6666666666666667,81882,81882
08091,2019,Payment Months (Type 3),1,,1.25,1.25,,
08091,2019,All Issues (Census),1,,1.25,1.25,,
08091,2020,Payment Months (Type 3),1,96715,1.3333333333333333,1.3333333333333333,32238.33,32238.33
08091,2020,All Issues (Census),1,96715,1.3333333333333333,1.3333333333333333,32238.33,32238.33
08091,2021,Payment Months (Type 3),1,88389,1.25,1.25,22097.25,22097.25
08091,2021,All Issues (Census),1,88389,1.25,1.25,22097.25,22097.25
08091,2025,Payment Months (Type 3),1,,1.3333333333333333,1.3333333333333333,,
08091,2025,All Issues (Census),1,,1.3333333333333333,1.3333333333333333,,
08093,2012,Payment Months (Type 3),1,491640,1.3333333333333333,1.3333333333333333,163880,163880
08093,2012,All Issues (Census),1,491640,1.3333333333333333,1.3333333333333333,163880,163880
08093,2018,Payment Months (Type 3),1,184330,2,2,184330,184330
08093,2018,All Issues (Census),1,184330,2,2,184330,184330
08093,2020,Payment Months (Type 3),1,373213,1.5,1.5,186606.5,186606.5
08093,2020,All Issues (Census),1,373213,1.5,1.5,186606.5,186606.5
08093,2021,Payment Months (Type 3),1,207803,1.25,1.25,51950.75,51950.75
08093,2021,All Issues (Census),1,207803,1.25,1.25,51950.75,51950.75
08093,2025,Payment Months (Type 3),1,,2,2,,
08093,2025,All Issues (Census),1,,2,2,,
08095,2012,Payment Months (Type 3),1,555578,1.6666666666666667,1.6666666666666667,370385.33,370385.33
08095,2012,All Issues (Census),1,555578,1.6666666666666667,1.6666666666666667,370385.33,370385.33
08095,2013,Payment Months (Type 3),1,490229,1.25,1.25,122557.25,122557.25
08095,2013,All Issues (Census),1,490229,1.25,1.25,122557.25,122557.25
08095,2022,Payment Months (Type 3),1,579028,1.6666666666666667,1.6666666666666667,386018.67,386018.67
08095,2022,All Issues (Census),1,579028,1.6666666666666667,1.6666666666666667,386018.67,386018.67
08095,2023,Payment Months (Type 3),1,57280,1.25,1.25,14320,14320
08095,2023,All Issues (Census),1,57280,1.25,1.25,14320,14320
08097,2012,Payment Months (Type 3),1,37369,1.3333333333333333,1.3333333333333333,12456.33,12456.33
08097,2012,All Issues (Census),1,37369,1.3333333333333333,1.3333333333333333,12456.33,12456.33
08097,2018,Payment Months (Type 3),1,18304,2,2,18304,18304
08097,2018,All Issues (Census),1,18304,2,2,18304,18304
08097,2020,Payment Months (Type 3),1,61244,2,2,61244,61244
08097,2020,All Issues (Census),1,61244,2,2,61244,61244
08097,2021,Payment Months (Type 3),2,47154,1.25,2,11788.5,47154
08097,2021,All Issues (Census),2,47154,1.25,2,11788.5,47154
08097,2025,Payment Months (Type 3),2,,2,2,,
08097,2025,All Issues (Census),2,,2,2,,
08099,2011,Payment Months (Type 3),3,932645.77,1.5,3,466322.88,1865291.54
08099,2011,All Issues (Census),3,932645.77,1.5,3,466322.88,1865291.54
08099,2012,Payment Months (Type 3),1,2376457,1.6666666666666667,1.6666666666666667,1584304.67,1584304.67
08099,2012,All Issues (Census),1,2376457,1.6666666666666667,1.6666666666666667,1584304.67,1584304.67
08099,2013,Payment Months (Type 3),2,2634774,1.25,1.6666666666666667,658693.5,1756516
08099,2013,All Issues (Census),2,2634774,1.25,1.6666666666666667,658693.5,1756516
08099,2014,Payment Months (Type 3),1,2091023,1.3333333333333333,1.3333333333333333,697007.67,697007.67
08099,2014,All Issues (Census),1,2091023,1.3333333333333333,1.3333333333333333,697007.67,697007.67
08099,2020,Payment Months (Type 3),1,1196986,1.3333333333333333,1.3333333333333333,398995.33,398995.33
08099,2020,All Issues (Census),1,1196986,1.3333333333333333,1.3333333333333333,398995.33,398995.33
08099,2022,Boundary (Type 1),1,1347748,1.3333333333333333,1.3333333333333333,449249.33,449249.33
08099,2022,All Issues (Census),1,1347748,1.3333333333333333,1.3333333333333333,449249.33,449249.33
08099,2023,Payment Months (Type 3),1,1944983.22,1.25,1.25,486245.8,486245.8
08099,2023,All Issues (Census),1,1944983.22,1.25,1.25,486245.8,486245.8
08101,2011,Payment Months (Type 3),3,1187022,1.5,3,593511,2374044
08101,2011,All Issues (Census),3,1187022,1.5,3,593511,2374044
08101,2012,Payment Months (Type 3),1,2137284,1.6666666666666667,1.6666666666666667,1424856,1424856
08101,2012,All Issues (Census),1,2137284,1.6666666666666667,1.6666666666666667,1424856,1424856
08101,2013,Payment Months (Type 3),2,2087417,1.25,1.6666666666666667,521854.25,1391611.33
08101,2013,All Issues (Census),2,2087417,1.25,1.6666666666666667,521854.25,1391611.33
08101,2014,Threshold (Type 2),3,399154,3,4,798308,1197462
08101,2014,All Issues (Census),3,399154,3,4,798308,1197462
08101,2018,Payment Months (Type 3),1,1190892,1.3333333333333333,1.3333333333333333,396964,396964
08101,2018,All Issues (Census),1,1190892,1.3333333333333333,1.3333333333333333,396964,396964
08103,2012,Payment Months (Type 3),1,1676447.8,1.3333333333333333,1.3333333333333333,558815.93,558815.93
08103,2012,All Issues (Census),1,1676447.8,1.3333333333333333,1.3333333333333333,558815.93,558815.93
08103,2018,Payment Months (Type 3),1,1090731,1.3333333333333333,1.3333333333333333,363577,363577
08103,2018,All Issues (Census),1,1090731,1.3333333333333333,1.3333333333333333,363577,363577
08103,2020,Payment Months (Type 3),1,1321554.87,1.3333333333333333,1.3333333333333333,440518.29,440518.29
08103,2020,All Issues (Census),1,1321554.87,1.3333333333333333,1.3333333333333333,440518.29,440518.29
08103,2021,Payment Months (Type 3),2,1782264,1.25,1.6666666666666667,445566,1188176
08103,2021,All Issues (Census),2,1782264,1.25,1.6666666666666667,445566,1188176
08103,2025,Payment Months (Type 3),2,,1.3333333333333333,2,,
08103,2025,All Issues (Census),2,,1.3333333333333333,2,,
08105,2011,Payment Months (Type 3),2,200651,3,3,401302,401302
08105,2011,All Issues (Census),2,200651,3,3,401302,401302
08105,2018,Payment Months (Type 3),1,322586,2,2,322586,322586
08105,2018,All Issues (Census),1,322586,2,2,322586,322586
08105,2019,Payment Months (Type 3),1,,1.25,1.25,,
08105,2019,All Issues (Census),1,,1.25,1.25,,
08105,2020,Payment Months (Type 3),1,469877,2,2,469877,469877
08105,2020,All Issues (Census),1,469877,2,2,469877,469877
08105,2021,Payment Months (Type 3),1,421930.98,1.25,1.25,105482.74,105482.74
08105,2021,All Issues (Census),1,421930.98,1.25,1.25,105482.74,105482.74
08105,2025,Payment Months (Type 3),2,,2,2,,
08105,2025,All Issues (Census),2,,2,2,,
08107,2012,Payment Months (Type 3),1,1047953,1.3333333333333333,1.3333333333333333,349317.67,349317.67
08107,2012,All Issues (Census),1,1047953,1.3333333333333333,1.3333333333333333,349317.67,349317.67
08107,2018,Payment Months (Type 3),1,943165,2,2,943165,943165
08107,2018,All Issues (Census),1,943165,2,2,943165,943165
08107,2020,Payment Months (Type 3),1,1506985,2,2,1506985,1506985
08107,2020,All Issues (Census),1,1506985,2,2,1506985,1506985
08107,2021,Payment Months (Type 3),3,1702085.91,1.25,2.5,425521.48,2553128.86
08107,2021,All Issues (Census),3,1702085.91,1.25,2.5,425521.48,2553128.86
08107,2025,Payment Months (Type 3),2,,2,2,,
08107,2025,All Issues (Census),2,,2,2,,
08109,2011,Payment Months (Type 3),3,723555,1.5,3,361777.5,1447110
08109,2011,All Issues (Census),3,723555,1.5,3,361777.5,1447110
08109,2012,Payment Months (Type 3),1,1398258,1.3333333333333333,1.3333333333333333,466086,466086
08109,2012,All Issues (Census),1,1398258,1.3333333333333333,1.3333333333333333,466086,466086
08109,2018,Payment Months (Type 3),1,899700,2.5,2.5,1349550,1349550
08109,2018,All Issues (Census),1,899700,2.5,2.5,1349550,1349550
08109,2019,Payment Months (Type 3),1,,1.25,1.25,,
08109,2019,All Issues (Census),1,,1.25,1.25,,
08109,2020,Payment Months (Type 3),1,775903,2,2,775903,775903
08109,2020,All Issues (Census),1,775903,2,2,775903,775903
08111,2018,Payment Months (Type 3),1,,1.25,1.25,,
08111,2018,All Issues (Census),1,,1.25,1.25,,
08111,2019,Payment Months (Type 3),1,,1.25,1.25,,
08111,2019,All Issues (Census),1,,1.25,1.25,,
08111,2021,Payment Months (Type 3),1,,1.25,1.25,,
08111,2021,All Issues (Census),1,,1.25,1.25,,
08113,2012,Payment Months (Type 3),1,263664,1.3333333333333333,1.3333333333333333,87888,87888
08113,2012,All Issues (Census),1,263664,1.3333333333333333,1.3333333333333333,87888,87888
08113,2013,Payment Months (Type 3),1,281881,1.3333333333333333,1.3333333333333333,93960.33,93960.33
08113,2013,All Issues (Census),1,281881,1.3333333333333333,1.3333333333333333,93960.33,93960.33
08113,2018,Payment Months (Type 3),1,267338,1.6666666666666667,1.6666666666666667,178225.33,178225.33
08113,2018,All Issues (Census),1,267338,1.6666666666666667,1.6666666666666667,178225.33,178225.33
08113,2019,Payment Months (Type 3),1,,1.25,1.25,,
08113,2019,All Issues (Census),1,,1.25,1.25,,
08113,2020,Payment Months (Type 3),1,234455,1.3333333333333333,1.3333333333333333,78151.67,78151.67
08113,2020,All Issues (Census),1,234455,1.3333333333333333,1.3333333333333333,78151.67,78151.67
08113,2021,Payment Months (Type 3),2,359224,1.25,1.3333333333333333,89806,119741.33
08113,2021,All Issues (Census),2,359224,1.25,1.3333333333333333,89806,119741.33
08113,2022,Payment Months (Type 3),1,332349.7,1.3333333333333333,1.3333333333333333,110783.23,110783.23
08113,2022,All Issues (Census),1,332349.7,1.3333333333333333,1.3333333333333333,110783.23,110783.23
08113,2025,Payment Months (Type 3),1,,2,2,,
08113,2025,All Issues (Census),1,,2,2,,
08115,2012,Payment Months (Type 3),1,1107053,1.6666666666666667,1.6666666666666667,738035.33,738035.33
08115,2012,All Issues (Census),1,1107053,1.6666666666666667,1.6666666666666667,738035.33,738035.33
08115,2013,Payment Months (Type 3),1,1188341,1.25,1.25,297085.25,297085.25
08115,2013,All Issues (Census),1,1188341,1.25,1.25,297085.25,297085.25
08115,2022,Payment Months (Type 3),1,1032856,1.6666666666666667,1.6666666666666667,688570.67,688570.67
08115,2022,All Issues (Census),1,1032856,1.6666666666666667,1.6666666666666667,688570.67,688570.67
08115,2023,Payment Months (Type 3),1,29096,1.25,1.25,7274,7274
08115,2023,All Issues (Census),1,29096,1.25,1.25,7274,7274
08117,2012,Payment Months (Type 3),1,,1.3333333333333333,1.3333333333333333,,
08117,2012,All Issues (Census),1,,1.3333333333333333,1.3333333333333333,,
08117,2018,Payment Months (Type 3),1,,2,2,,
08117,2018,All Issues (Census),1,,2,2,,
08117,2020,Payment Months (Type 3),1,,2,2,,
08117,2020,All Issues (Census),1,,2,2,,
08117,2021,Threshold (Type 2),1,,1.25,1.25,,
08117,2021,Payment Months (Type 3),2,,1.25,2,,
08117,2021,All Issues (Census),3,,1.25,2,,
08117,2025,Payment Months (Type 3),1,,2,2,,
08117,2025,All Issues (Census),1,,2,2,,
08119,2011,Payment Months (Type 3),3,4572,1.5,1.5,2286,2286
08119,2011,All Issues (Census),3,4572,1.5,1.5,2286,2286
08119,2012,Payment Months (Type 3),1,8788,1.3333333333333333,1.3333333333333333,2929.33,2929.33
08119,2012,All Issues (Census),1,8788,1.3333333333333333,1.3333333333333333,2929.33,2929.33
08119,2021,Payment Months (Type 3),1,2084,1.25,1.25,521,521
08119,2021,All Issues (Census),1,2084,1.25,1.25,521,521
08121,2012,Payment Months (Type 3),1,4233320.5,1.6666666666666667,1.6666666666666667,2822213.67,2822213.67
08121,2012,All Issues (Census),1,4233320.5,1.6666666666666667,1.6666666666666667,2822213.67,2822213.67
08121,2013,Payment Months (Type 3),2,3623114,1.25,1.3333333333333333,905778.5,1207704.67
08121,2013,All Issues (Census),2,3623114,1.25,1.3333333333333333,905778.5,1207704.67
08121,2020,Payment Months (Type 3),1,1601288,1.3333333333333333,1.3333333333333333,533762.67,533762.67
08121,2020,All Issues (Census),1,1601288,1.3333333333333333,1.3333333333333333,533762.67,533762.67
08121,2022,Payment Months (Type 3),1,2472658.67,1.3333333333333333,1.3333333333333333,824219.56,824219.56
08121,2022,All Issues (Census),1,2472658.67,1.3333333333333333,1.3333333333333333,824219.56,824219.56
08123,2012,Payment Months (Type 3),1,3372186,1.6666666666666667,1.6666666666666667,2248124,2248124
08123,2012,All Issues (Census),1,3372186,1.6666666666666667,1.6666666666666667,2248124,2248124
08123,2013,Payment Months (Type 3),1,814961,1.25,1.25,203740.25,203740.25
08123,2013,All Issues (Census),1,814961,1.25,1.25,203740.25,203740.25
08123,2022,Payment Months (Type 3),1,1775099.69,1.3333333333333333,1.3333333333333333,591699.9,591699.9
08123,2022,All Issues (Census),1,1775099.69,1.3333333333333333,1.3333333333333333,591699.9,591699.9
08125,2012,Payment Months (Type 3),1,6205716,1.6666666666666667,1.6666666666666667,4137144,4137144
08125,2012,All Issues (Census),1,6205716,1.6666666666666667,1.6666666666666667,4137144,4137144
08125,2013,Payment Months (Type 3),2,5327817,1.25,1.3333333333333333,1331954.25,1775939
08125,2013,All Issues (Census),2,5327817,1.25,1.3333333333333333,1331954.25,1775939
08125,2020,Payment Months (Type 3),1,2497626,1.3333333333333333,1.3333333333333333,832542,832542
08125,2020,All Issues (Census),1,2497626,1.3333333333333333,1.3333333333333333,832542,832542
08125,2022,Payment Months (Type 3),1,3820933,1.3333333333333333,1.3333333333333333,1273644.33,1273644.33
08125,2022,All Issues (Census),1,3820933,1.3333333333333333,1.3333333333333333,1273644.33,1273644.33
12001,2012,Payment Months (Type 3),1,2010523.8,1.3333333333333333,1.3333333333333333,670174.6,670174.6
12001,2012,All Issues (Census),1,2010523.8,1.3333333333333333,1.3333333333333333,670174.6,670174.6
12003,2011,Payment Months (Type 3),3,1734,1.5,1.5,867,867
12003,2011,All Issues (Census),3,1734,1.5,1.5,867,867
12003,2012,Payment Months (Type 3),1,308808,1.3333333333333333,1.3333333333333333,102936,102936
12003,2012,All Issues (Census),1,308808,1.3333333333333333,1.3333333333333333,102936,102936
12005,2011,Payment Months (Type 3),3,995,1.5,1.5,497.5,497.5
12005,2011,All Issues (Census),3,995,1.5,1.5,497.5,497.5
12005,2012,Payment Months (Type 3),1,9015,1.3333333333333333,1.3333333333333333,3005,3005
12005,2012,All Issues (Census),1,9015,1.3333333333333333,1.3333333333333333,3005,3005
12007,2011,Payment Months (Type 3),2,2856,2,2,2856,2856
12007,2011,All Issues (Census),2,2856,2,2,2856,2856
12007,2012,Payment Months (Type 3),1,364369,1.3333333333333333,1.3333333333333333,121456.33,121456.33
12007,2012,All Issues (Census),1,364369,1.3333333333333333,1.3333333333333333,121456.33,121456.33
12009,2011,Payment Months (Type 3),3,276844,1.5,1.5,138422,138422
12009,2011,All Issues (Census),3,276844,1.5,1.5,138422,138422
12011,2011,Payment Months (Type 3),2,131297,1.5,1.5,65648.5,65648.5
12011,2011,All Issues (Census),2,131297,1.5,1.5,65648.5,65648.5
12013,2011,Payment Months (Type 3),3,,1.5,1.5,,
12013,2011,All Issues (Census),3,,1.5,1.5,,
12013,2012,Payment Months (Type 3),1,380445,1.3333333333333333,1.3333333333333333,126815,126815
12013,2012,All Issues (Census),1,380445,1.3333333333333333,1.3333333333333333,126815,126815
12017,2012,Payment Months (Type 3),1,441298,1.3333333333333333,1.3333333333333333,147099.33,147099.33
12017,2012,All Issues (Census),1,441298,1.3333333333333333,1.3333333333333333,147099.33,147099.33
12019,2012,Payment Months (Type 3),1,144960,1.3333333333333333,1.3333333333333333,48320,48320
12019,2012,All Issues (Census),1,144960,1.3333333333333333,1.3333333333333333,48320,48320
12021,2011,Payment Months (Type 3),3,91151,1.5,1.5,45575.5,45575.5
12021,2011,All Issues (Census),3,91151,1.5,1.5,45575.5,45575.5
12023,2011,Payment Months (Type 3),3,247937,1.5,1.5,123968.5,123968.5
12023,2011,All Issues (Census),3,247937,1.5,1.5,123968.5,123968.5
12023,2012,Payment Months (Type 3),1,1489390,1.3333333333333333,1.3333333333333333,496463.33,496463.33
12023,2012,All Issues (Census),1,1489390,1.3333333333333333,1.3333333333333333,496463.33,496463.33
12025,2011,Payment Months (Type 3),1,14604,0.5,0.5,-7302,-7302
12025,2011,All Issues (Census),1,14604,0.5,0.5,-7302,-7302
12025,2025,Payment Months (Type 3),1,,0.75,0.75,,
12025,2025,All Issues (Census),1,,0.75,0.75,,
12029,2012,Payment Months (Type 3),1,486172,1.3333333333333333,1.3333333333333333,162057.33,162057.33
12029,2012,All Issues (Census),1,486172,1.3333333333333333,1.3333333333333333,162057.33,162057.33
12031,2011,Payment Months (Type 3),3,14691,1.5,1.5,7345.5,7345.5
12031,2011,All Issues (Census),3,14691,1.5,1.5,7345.5,7345.5
12031,2012,Payment Months (Type 3),1,315222,1.3333333333333333,1.3333333333333333,105074,105074
12031,2012,All Issues (Census),1,315222,1.3333333333333333,1.3333333333333333,105074,105074
12033,2011,Payment Months (Type 3),3,561,1.5,1.5,280.5,280.5
12033,2011,All Issues (Census),3,561,1.5,1.5,280.5,280.5
12039,2011,Payment Months (Type 3),3,,1.5,1.5,,
12039,2011,All Issues (Census),3,,1.5,1.5,,
12039,2012,Payment Months (Type 3),1,31866,1.3333333333333333,1.3333333333333333,10622,10622
12039,2012,All Issues (Census),1,31866,1.3333333333333333,1.3333333333333333,10622,10622
12041,2012,Payment Months (Type 3),1,992029,1.3333333333333333,1.3333333333333333,330676.33,330676.33
12041,2012,All Issues (Census),1,992029,1.3333333333333333,1.3333333333333333,330676.33,330676.33
12043,2011,Payment Months (Type 3),3,1237059,1.5,1.5,618529.5,618529.5
12043,2011,All Issues (Census),3,1237059,1.5,1.5,618529.5,618529.5
12045,2012,Payment Months (Type 3),1,6088,1.3333333333333333,1.3333333333333333,2029.33,2029.33
12045,2012,All Issues (Census),1,6088,1.3333333333333333,1.3333333333333333,2029.33,2029.33
12047,2011,Payment Months (Type 3),3,5769,1.5,1.5,2884.5,2884.5
12047,2011,All Issues (Census),3,5769,1.5,1.5,2884.5,2884.5
12047,2012,Payment Months (Type 3),1,707105,1.3333333333333333,1.3333333333333333,235701.67,235701.67
12047,2012,All Issues (Census),1,707105,1.3333333333333333,1.3333333333333333,235701.67,235701.67
12051,2011,Payment Months (Type 3),3,815132,1.5,1.5,407566,407566
12051,2011,All Issues (Census),3,815132,1.5,1.5,407566,407566
12055,2011,Payment Months (Type 3),3,1422403.97,1.5,1.5,711201.98,711201.98
12055,2011,All Issues (Census),3,1422403.97,1.5,1.5,711201.98,711201.98
12057,2024,Payment Months (Type 3),1,468223,1.3333333333333333,1.3333333333333333,156074.33,156074.33
12057,2024,All Issues (Census),1,468223,1.3333333333333333,1.3333333333333333,156074.33,156074.33
12059,2011,Payment Months (Type 3),3,42251,1.5,1.5,21125.5,21125.5
12059,2011,All Issues (Census),3,42251,1.5,1.5,21125.5,21125.5
12059,2012,Payment Months (Type 3),1,1189601,1.3333333333333333,1.3333333333333333,396533.67,396533.67
12059,2012,All Issues (Census),1,1189601,1.3333333333333333,1.3333333333333333,396533.67,396533.67
12061,2011,Payment Months (Type 3),3,80968,1.5,1.5,40484,40484
12061,2011,All Issues (Census),3,80968,1.5,1.5,40484,40484
12063,2011,Payment Months (Type 3),3,135157,1.5,1.5,67578.5,67578.5
12063,2011,All Issues (Census),3,135157,1.5,1.5,67578.5,67578.5
12063,2012,Payment Months (Type 3),1,1679158.91,1.3333333333333333,1.3333333333333333,559719.64,559719.64
12063,2012,All Issues (Census),1,1679158.91,1.3333333333333333,1.3333333333333333,559719.64,559719.64
12065,2012,Payment Months (Type 3),1,836715,1.3333333333333333,1.3333333333333333,278905,278905
12065,2012,All Issues (Census),1,836715,1.3333333333333333,1.3333333333333333,278905,278905
12067,2012,Payment Months (Type 3),1,1148329,1.3333333333333333,1.3333333333333333,382776.33,382776.33
12067,2012,All Issues (Census),1,1148329,1.3333333333333333,1.3333333333333333,382776.33,382776.33
12073,2012,Payment Months (Type 3),1,148784,1.3333333333333333,1.3333333333333333,49594.67,49594.67
12073,2012,All Issues (Census),1,148784,1.3333333333333333,1.3333333333333333,49594.67,49594.67
12075,2012,Payment Months (Type 3),1,2135658,1.3333333333333333,1.3333333333333333,711886,711886
12075,2012,All Issues (Census),1,2135658,1.3333333333333333,1.3333333333333333,711886,711886
12077,2012,Payment Months (Type 3),1,30160,1.3333333333333333,1.3333333333333333,10053.33,10053.33
12077,2012,All Issues (Census),1,30160,1.3333333333333333,1.3333333333333333,10053.33,10053.33
12079,2012,Payment Months (Type 3),1,1459694,1.3333333333333333,1.3333333333333333,486564.67,486564.67
12079,2012,All Issues (Census),1,1459694,1.3333333333333333,1.3333333333333333,486564.67,486564.67
12081,2024,Payment Months (Type 3),1,376701,1.3333333333333333,1.3333333333333333,125567,125567
12081,2024,All Issues (Census),1,376701,1.3333333333333333,1.3333333333333333,125567,125567
12085,2011,Payment Months (Type 3),4,450711,1.5,1.5,225355.5,225355.5
12085,2011,All Issues (Census),4,450711,1.5,1.5,225355.5,225355.5
12089,2011,Payment Months (Type 3),3,,1.5,1.5,,
12089,2011,All Issues (Census),3,,1.5,1.5,,
12089,2012,Payment Months (Type 3),1,488751,1.3333333333333333,1.3333333333333333,162917,162917
12089,2012,All Issues (Census),1,488751,1.3333333333333333,1.3333333333333333,162917,162917
12091,2011,Payment Months (Type 3),3,67980,1.5,1.5,33990,33990
12091,2011,All Issues (Census),3,67980,1.5,1.5,33990,33990
12093,2011,Payment Months (Type 3),3,2361662.56,1.5,1.5,1180831.28,1180831.28
12093,2011,All Issues (Census),3,2361662.56,1.5,1.5,1180831.28,1180831.28
12097,2011,Payment Months (Type 3),3,899902,1.5,1.5,449951,449951
12097,2011,All Issues (Census),3,899902,1.5,1.5,449951,449951
12099,2011,Payment Months (Type 3),3,,1.5,1.5,,
12099,2011,All Issues (Census),3,,1.5,1.5,,
12099,2015,Threshold (Type 2),4,12681,4,4,38043,38043
12099,2015,All Issues (Census),4,12681,4,4,38043,38043
12103,2024,Payment Months (Type 3),1,,1.3333333333333333,1.3333333333333333,,
12103,2024,All Issues (Census),1,,1.3333333333333333,1.3333333333333333,,
12107,2012,Payment Months (Type 3),1,370550,1.3333333333333333,1.3333333333333333,123516.67,123516.67
12107,2012,All Issues (Census),1,370550,1.3333333333333333,1.3333333333333333,123516.67,123516.67
12109,2012,Payment Months (Type 3),1,130211,1.3333333333333333,1.3333333333333333,43403.67,43403.67
12109,2012,All Issues (Census),1,130211,1.3333333333333333,1.3333333333333333,43403.67,43403.67
12111,2011,Payment Months (Type 3),3,501929,1.5,1.5,250964.5,250964.5
12111,2011,All Issues (Census),3,501929,1.5,1.5,250964.5,250964.5
12113,2011,Payment Months (Type 3),3,17700,1.5,1.5,8850,8850
12113,2011,All Issues (Census),3,17700,1.5,1.5,8850,8850
12115,2024,Payment Months (Type 3),1,276850,1.3333333333333333,1.3333333333333333,92283.33,92283.33
12115,2024,All Issues (Census),1,276850,1.3333333333333333,1.3333333333333333,92283.33,92283.33
12121,2011,Payment Months (Type 3),3,50253,1.5,3,25126.5,100506
12121,2011,All Issues (Census),3,50253,1.5,3,25126.5,100506
12121,2012,Payment Months (Type 3),1,1716678.96,1.3333333333333333,1.3333333333333333,572226.32,572226.32
12121,2012,All Issues (Census),1,1716678.96,1.3333333333333333,1.3333333333333333,572226.32,572226.32
12123,2012,Payment Months (Type 3),1,328354,1.3333333333333333,1.3333333333333333,109451.33,109451.33
12123,2012,All Issues (Census),1,328354,1.3333333333333333,1.3333333333333333,109451.33,109451.33
12125,2011,Payment Months (Type 3),2,9801,2,2,9801,9801
12125,2011,All Issues (Census),2,9801,2,2,9801,9801
12125,2012,Payment Months (Type 3),1,531128,1.3333333333333333,1.3333333333333333,177042.67,177042.67
12125,2012,All Issues (Census),1,531128,1.3333333333333333,1.3333333333333333,177042.67,177042.67
12129,2012,Payment Months (Type 3),1,45944,1.3333333333333333,1.3333333333333333,15314.67,15314.67
12129,2012,All Issues (Census),1,45944,1.3333333333333333,1.3333333333333333,15314.67,15314.67
12131,2011,Payment Months (Type 3),3,110278,1.5,1.5,55139,55139
12131,2011,All Issues (Census),3,110278,1.5,1.5,55139,55139
12131,2012,Threshold (Type 2),2,884672,1.3333333333333333,1.3333333333333333,294890.67,294890.67
12131,2012,Payment Months (Type 3),1,884672,1.3333333333333333,1.3333333333333333,294890.67,294890.67
12131,2012,All Issues (Census),3,884672,1.3333333333333333,1.3333333333333333,294890.67,294890.67
12133,2011,Payment Months (Type 3),3,2538,1.5,1.5,1269,1269
12133,2011,All Issues (Census),3,2538,1.5,1.5,1269,1269
12133,2012,Payment Months (Type 3),1,378844,1.3333333333333333,1.3333333333333333,126281.33,126281.33
12133,2012,All Issues (Census),1,378844,1.3333333333333333,1.3333333333333333,126281.33,126281.33
13001,2011,Payment Months (Type 3),3,43393,1.5,3,21696.5,86786
13001,2011,All Issues (Census),3,43393,1.5,3,21696.5,86786
13001,2012,Payment Months (Type 3),2,302870,1.25,1.6666666666666667,75717.5,201913.33
13001,2012,All Issues (Census),2,302870,1.25,1.6666666666666667,75717.5,201913.33
13003,2011,Payment Months (Type 3),3,91961,1.5,3,45980.5,183922
13003,2011,All Issues (Census),3,91961,1.5,3,45980.5,183922
13003,2012,Payment Months (Type 3),2,456631,1.25,1.6666666666666667,114157.75,304420.67
13003,2012,All Issues (Census),2,456631,1.25,1.6666666666666667,114157.75,304420.67
13005,2011,Payment Months (Type 3),3,11371,1.5,3,5685.5,22742
13005,2011,All Issues (Census),3,11371,1.5,3,5685.5,22742
13005,2012,Payment Months (Type 3),2,83371,1.25,1.6666666666666667,20842.75,55580.67
13005,2012,All Issues (Census),2,83371,1.25,1.6666666666666667,20842.75,55580.67
13007,2011,Payment Months (Type 3),3,82710,1.5,3,41355,165420
13007,2011,All Issues (Census),3,82710,1.5,3,41355,165420
13007,2012,Payment Months (Type 3),3,480336,1.25,1.6666666666666667,120084,320224
13007,2012,All Issues (Census),3,480336,1.25,1.6666666666666667,120084,320224
13007,2013,Payment Months (Type 3),1,38094,1.3333333333333333,1.3333333333333333,12698,12698
13007,2013,All Issues (Census),1,38094,1.3333333333333333,1.3333333333333333,12698,12698
13009,2011,Payment Months (Type 3),2,32165,1.5,3,16082.5,64330
13009,2011,All Issues (Census),2,32165,1.5,3,16082.5,64330
13009,2012,Payment Months (Type 3),3,142313,1.25,1.6666666666666667,35578.25,94875.33
13009,2012,All Issues (Census),3,142313,1.25,1.6666666666666667,35578.25,94875.33
13009,2013,Payment Months (Type 3),2,,1.3333333333333333,1.6666666666666667,,
13009,2013,All Issues (Census),2,,1.3333333333333333,1.6666666666666667,,
13009,2017,Payment Months (Type 3),1,,1.3333333333333333,1.3333333333333333,,
13009,2017,All Issues (Census),1,,1.3333333333333333,1.3333333333333333,,
13011,2011,Payment Months (Type 3),2,204347,1.5,3,102173.5,408694
13011,2011,All Issues (Census),2,204347,1.5,3,102173.5,408694
13011,2016,Payment Months (Type 3),1,512510,1.3333333333333333,1.3333333333333333,170836.67,170836.67
13011,2016,All Issues (Census),1,512510,1.3333333333333333,1.3333333333333333,170836.67,170836.67
13011,2017,Payment Months (Type 3),2,385832,1.3333333333333333,1.3333333333333333,128610.67,128610.67
13011,2017,All Issues (Census),2,385832,1.3333333333333333,1.3333333333333333,128610.67,128610.67
13013,2011,Payment Months (Type 3),1,245104,3,3,490208,490208
13013,2011,All Issues (Census),1,245104,3,3,490208,490208
13013,2012,Payment Months (Type 3),1,500069,1.3333333333333333,1.3333333333333333,166689.67,166689.67
13013,2012,All Issues (Census),1,500069,1.3333333333333333,1.3333333333333333,166689.67,166689.67
13013,2017,Payment Months (Type 3),1,,1.3333333333333333,1.3333333333333333,,
13013,2017,All Issues (Census),1,,1.3333333333333333,1.3333333333333333,,
13015,2012,Payment Months (Type 3),1,821250,1.3333333333333333,1.3333333333333333,273750,273750
13015,2012,All Issues (Census),1,821250,1.3333333333333333,1.3333333333333333,273750,273750
13015,2013,Payment Months (Type 3),1,,1.3333333333333333,1.3333333333333333,,
13015,2013,All Issues (Census),1,,1.3333333333333333,1.3333333333333333,,
13015,2016,Payment Months (Type 3),1,809451,1.3333333333333333,1.3333333333333333,269817,269817
13015,2016,All Issues (Census),1,809451,1.3333333333333333,1.3333333333333333,269817,269817
13015,2017,Payment Months (Type 3),2,502652,1.3333333333333333,1.3333333333333333,167550.67,167550.67
13015,2017,All Issues (Census),2,502652,1.3333333333333333,1.3333333333333333,167550.67,167550.67
13017,2011,Payment Months (Type 3),3,79905,1.5,3,39952.5,159810
13017,2011,All Issues (Census),3,79905,1.5,3,39952.5,159810
13017,2012,Payment Months (Type 3),3,490293,1.25,1.6666666666666667,122573.25,326862
13017,2012,All Issues (Census),3,490293,1.25,1.6666666666666667,122573.25,326862
13019,2011,Payment Months (Type 3),3,121878,1.5,3,60939,243756
13019,2011,All Issues (Census),3,121878,1.5,3,60939,243756
13019,2012,Payment Months (Type 3),3,952177,1.25,1.6666666666666667,238044.25,634784.67
13019,2012,All Issues (Census),3,952177,1.25,1.6666666666666667,238044.25,634784.67
13021,2011,Payment Months (Type 3),1,50711,3,3,101422,101422
13021,2011,All Issues (Census),1,50711,3,3,101422,101422
13021,2012,Payment Months (Type 3),3,214737,1.25,1.6666666666666667,53684.25,143158
13021,2012,All Issues (Census),3,214737,1.25,1.6666666666666667,53684.25,143158
13021,2013,Payment Months (Type 3),2,12882,1.3333333333333333,1.6666666666666667,4294,8588
13021,2013,All Issues (Census),2,12882,1.3333333333333333,1.6666666666666667,4294,8588
13021,2017,Payment Months (Type 3),1,,1.3333333333333333,1.3333333333333333,,
13021,2017,All Issues (Census),1,,1.3333333333333333,1.3333333333333333,,
13023,2011,Payment Months (Type 3),1,121579,3,3,243158,243158
13023,2011,All Issues (Census),1,121579,3,3,243158,243158
13023,2012,Payment Months (Type 3),3,571975,1.25,1.6666666666666667,142993.75,381316.67
13023,2012,All Issues (Census),3,571975,1.25,1.6666666666666667,142993.75,381316.67
13023,2013,Payment Months (Type 3),2,,1.3333333333333333,1.6666666666666667,,
13023,2013,All Issues (Census),2,,1.3333333333333333,1.6666666666666667,,
13025,2011,Payment Months (Type 3),3,26180,1.5,3,13090,52360
13025,2011,All Issues (Census),3,26180,1.5,3,13090,52360
13025,2012,Payment Months (Type 3),2,101692,1.25,1.6666666666666667,25423,67794.67
13025,2012,All Issues (Census),2,101692,1.25,1.6666666666666667,25423,67794.67
13027,2011,Payment Months (Type 3),1,115817,3,3,231634,231634
13027,2011,All Issues (Census),1,115817,3,3,231634,231634
13027,2012,Payment Months (Type 3),3,809274,1.25,1.3333333333333333,202318.5,269758
13027,2012,All Issues (Census),3,809274,1.25,1.6666666666666667,202318.5,539516
13029,2011,Payment Months (Type 3),3,961,1.5,3,480.5,1922
13029,2011,All Issues (Census),3,961,1.5,3,480.5,1922
13029,2012,Payment Months (Type 3),2,5024,1.25,1.6666666666666667,1256,3349.33
13029,2012,All Issues (Census),2,5024,1.25,1.6666666666666667,1256,3349.33
13029,2013,Payment Months (Type 3),1,,1.3333333333333333,1.3333333333333333,,
13029,2013,All Issues (Census),1,,1.3333333333333333,1.3333333333333333,,
13031,2011,Payment Months (Type 3),3,183975,1.5,3,91987.5,367950
13031,2011,All Issues (Census),3,183975,1.5,3,91987.5,367950
13031,2012,Payment Months (Type 3),2,615624,1.25,1.6666666666666667,153906,410416
13031,2012,All Issues (Census),2,615624,1.25,1.6666666666666667,153906,410416
13033,2008,Threshold (Type 2),1,172180.8,2,2,172180.8,172180.8
13033,2008,All Issues (Census),1,172180.8,2,2,172180.8,172180.8
13033,2011,Payment Months (Type 3),2,389855,1.5,3,194927.5,779710
13033,2011,All Issues (Census),2,389855,1.5,3,194927.5,779710
13033,2012,Payment Months (Type 3),3,799263,1.25,1.6666666666666667,199815.75,532842
13033,2012,All Issues (Census),3,799263,1.25,1.6666666666666667,199815.75,532842
13033,2013,Payment Months (Type 3),1,156741,1.3333333333333333,1.3333333333333333,52247,52247
13033,2013,All Issues (Census),1,156741,1.3333333333333333,1.3333333333333333,52247,52247
13035,2011,Payment Months (Type 3),1,45013,3,3,90026,90026
13035,2011,All Issues (Census),1,45013,3,3,90026,90026
13035,2012,Payment Months (Type 3),3,265882,1.25,1.6666666666666667,66470.5,177254.67
13035,2012,All Issues (Census),3,265882,1.25,1.6666666666666667,66470.5,177254.67
13035,2013,Payment Months (Type 3),1,,1.3333333333333333,1.3333333333333333,,
13035,2013,All Issues (Census),1,,1.3333333333333333,1.3333333333333333,,
13035,2016,Payment Months (Type 3),1,164339,1.3333333333333333,1.3333333333333333,54779.67,54779.67
13035,2016,All Issues (Census),1,164339,1.3333333333333333,1.3333333333333333,54779.67,54779.67
13035,2017,Payment Months (Type 3),1,,1.3333333333333333,1.3333333333333333,,
13035,2017,All Issues (Census),1,,1.3333333333333333,1.3333333333333333,,
13037,2011,Payment Months (Type 3),3,58971,1.5,3,29485.5,117942
13037,2011,All Issues (Census),3,58971,1.5,3,29485.5,117942
13037,2012,Payment Months (Type 3),3,332232,1.25,1.6666666666666667,83058,221488
13037,2012,All Issues (Census),3,332232,1.25,1.6666666666666667,83058,221488
13037,2013,Payment Months (Type 3),1,,1.3333333333333333,1.3333333333333333,,
13037,2013,All Issues (Census),1,,1.3333333333333333,1.3333333333333333,,
13039,2011,Payment Months (Type 3),3,10449,1.5,3,5224.5,20898
13039,2011,All Issues (Census),3,10449,1.5,3,5224.5,20898
13039,2012,Payment Months (Type 3),2,45838,1.25,1.3333333333333333,11459.5,15279.33
13039,2012,All Issues (Census),2,45838,1.25,1.3333333333333333,11459.5,15279.33
13043,2011,Payment Months (Type 3),1,55622,3,3,111244,111244
13043,2011,All Issues (Census),1,55622,3,3,111244,111244
13043,2012,Payment Months (Type 3),2,209116,1.25,1.6666666666666667,52279,139410.67
13043,2012,All Issues (Census),2,209116,1.25,1.6666666666666667,52279,139410.67
13045,2011,Payment Months (Type 3),1,595555,3,3,1191110,1191110
13045,2011,All Issues (Census),1,595555,3,3,1191110,1191110
13045,2012,Payment Months (Type 3),1,1993035,1.6666666666666667,1.6666666666666667,1328690,1328690
13045,2012,All Issues (Census),1,1993035,1.6666666666666667,1.6666666666666667,1328690,1328690
13045,2013,Payment Months (Type 3),1,,1.3333333333333333,1.3333333333333333,,
13045,2013,All Issues (Census),1,,1.3333333333333333,1.3333333333333333,,
13045,2016,Payment Months (Type 3),1,1305666,1.3333333333333333,1.3333333333333333,435222,435222
13045,2016,All Issues (Census),1,1305666,1.3333333333333333,1.3333333333333333,435222,435222
13045,2017,Payment Months (Type 3),1,,1.3333333333333333,1.3333333333333333,,
13045,2017,All Issues (Census),1,,1.3333333333333333,1.3333333333333333,,
13047,2016,Payment Months (Type 3),1,299440,1.3333333333333333,1.3333333333333333,99813.33,99813.33
13047,2016,All Issues (Census),1,299440,1.3333333333333333,1.3333333333333333,99813.33,99813.33
13047,2017,Payment Months (Type 3),2,98037,1.3333333333333333,1.3333333333333333,32679,32679
13047,2017,All Issues (Census),2,98037,1.3333333333333333,1.3333333333333333,32679,32679
13049,2011,Payment Months (Type 3),3,15522,1.5,3,7761,31044
13049,2011,All Issues (Census),3,15522,1.5,3,7761,31044
13049,2012,Payment Months (Type 3),2,118813,1.25,1.6666666666666667,29703.25,79208.67
13049,2012,All Issues (Census),2,118813,1.25,1.6666666666666667,29703.25,79208.67
13051,2011,Payment Months (Type 3),3,6782,1.5,3,3391,13564
13051,2011,All Issues (Census),3,6782,1.5,3,3391,13564
13051,2012,Payment Months (Type 3),1,7090,1.3333333333333333,1.3333333333333333,2363.33,2363.33
13051,2012,All Issues (Census),1,7090,1.3333333333333333,1.3333333333333333,2363.33,2363.33
13051,2013,Payment Months (Type 3),1,,1.3333333333333333,1.3333333333333333,,
13051,2013,All Issues (Census),1,,1.3333333333333333,1.3333333333333333,,
13053,2011,Payment Months (Type 3),3,187,1.5,3,93.5,374
13053,2011,All Issues (Census),3,187,1.5,3,93.5,374
13053,2012,Payment Months (Type 3),2,1398,1.3333333333333333,1.6666666666666667,466,932
13053,2012,All Issues (Census),2,1398,1.3333333333333333,1.6666666666666667,466,932
13053,2013,Payment Months (Type 3),1,,1.3333333333333333,1.3333333333333333,,
13053,2013,All Issues (Census),1,,1.3333333333333333,1.3333333333333333,,
13053,2017,Payment Months (Type 3),1,,1.3333333333333333,1.3333333333333333,,
13053,2017,All Issues (Census),1,,1.3333333333333333,1.3333333333333333,,
13055,2016,Payment Months (Type 3),1,644001,1.3333333333333333,1.3333333333333333,214667,214667
13055,2016,All Issues (Census),1,644001,1.3333333333333333,1.3333333333333333,214667,214667
13055,2017,Payment Months (Type 3),1,2413,1.3333333333333333,1.3333333333333333,804.33,804.33
13055,2017,All Issues (Census),1,2413,1.3333333333333333,1.3333333333333333,804.33,804.33
13057,2012,Payment Months (Type 3),1,319941,1.3333333333333333,1.3333333333333333,106647,106647
13057,2012,All Issues (Census),1,319941,1.3333333333333333,1.3333333333333333,106647,106647
13057,2013,Payment Months (Type 3),1,,1.3333333333333333,1.3333333333333333,,
13057,2013,All Issues (Census),1,,1.3333333333333333,1.3333333333333333,,
13057,2016,Payment Months (Type 3),1,172910,1.3333333333333333,1.3333333333333333,57636.67,57636.67
13057,2016,All Issues (Census),1,172910,1.3333333333333333,1.3333333333333333,57636.67,57636.67
13057,2017,Payment Months (Type 3),2,147095,1.3333333333333333,1.3333333333333333,49031.67,49031.67
13057,2017,All Issues (Census),2,147095,1.3333333333333333,1.3333333333333333,49031.67,49031.67
13059,2011,Payment Months (Type 3),1,51548,3,3,103096,103096
13059,2011,All Issues (Census),1,51548,3,3,103096,103096
13059,2012,Payment Months (Type 3),1,102892,1.3333333333333333,1.3333333333333333,34297.33,34297.33
13059,2012,All Issues (Census),1,102892,1.3333333333333333,1.3333333333333333,34297.33,34297.33
13059,2017,Payment Months (Type 3),1,,1.3333333333333333,1.3333333333333333,,
13059,2017,All Issues (Census),1,,1.3333333333333333,1.3333333333333333,,
13061,2011,Payment Months (Type 3),3,78348,1.5,3,39174,156696
13061,2011,All Issues (Census),3,78348,1.5,3,39174,156696
13061,2012,Payment Months (Type 3),3,200225,1.25,1.6666666666666667,50056.25,133483.33
13061,2012,All Issues (Census),3,200225,1.25,1.6666666666666667,50056.25,133483.33
13061,2013,Payment Months (Type 3),1,52090,1.3333333333333333,1.3333333333333333,17363.33,17363.33
13061,2013,All Issues (Census),1,52090,1.3333333333333333,1.3333333333333333,17363.33,17363.33
13063,2011,Payment Months (Type 3),1,800,3,3,1600,1600
13063,2011,All Issues (Census),1,800,3,3,1600,1600
13063,2012,Payment Months (Type 3),2,6604,1.3333333333333333,1.6666666666666667,2201.33,4402.67
13063,2012,All Issues (Census),2,6604,1.3333333333333333,1.6666666666666667,2201.33,4402.67
13063,2013,Payment Months (Type 3),1,,1.3333333333333333,1.3333333333333333,,
13063,2013,All Issues (Census),1,,1.3333333333333333,1.3333333333333333,,
13063,2016,Payment Months (Type 3),1,3258,1.3333333333333333,1.3333333333333333,1086,1086
13063,2016,All Issues (Census),1,3258,1.3333333333333333,1.3333333333333333,1086,1086
13065,2011,Payment Months (Type 3),3,2690,1.5,3,1345,5380
13065,2011,All Issues (Census),3,2690,1.5,3,1345,5380
13065,2012,Payment Months (Type 3),2,,1.25,1.6666666666666667,,
13065,2012,All Issues (Census),2,,1.25,1.6666666666666667,,
13067,2011,Payment Months (Type 3),1,307,3,3,614,614
13067,2011,All Issues (Census),1,307,3,3,614,614
13067,2012,Payment Months (Type 3),1,7024,1.3333333333333333,1.3333333333333333,2341.33,2341.33
13067,2012,All Issues (Census),1,7024,1.3333333333333333,1.3333333333333333,2341.33,2341.33
13067,2013,Payment Months (Type 3),1,,1.3333333333333333,1.3333333333333333,,
13067,2013,All Issues (Census),1,,1.3333333333333333,1.3333333333333333,,
13067,2016,Payment Months (Type 3),1,3427,1.3333333333333333,1.3333333333333333,1142.33,1142.33
13067,2016,All Issues (Census),1,3427,1.3333333333333333,1.3333333333333333,1142.33,1142.33
13067,2017,Payment Months (Type 3),1,,1.3333333333333333,1.3333333333333333,,
13067,2017,All Issues (Census),1,,1.3333333333333333,1.3333333333333333,,
13069,2011,Payment Months (Type 3),4,198867,1.5,3,99433.5,397734
13069,2011,All Issues (Census),4,198867,1.5,3,99433.5,397734
13069,2012,Payment Months (Type 3),3,1088404,1.25,1.6666666666666667,272101,725602.67
13069,2012,All Issues (Census),3,1088404,1.25,1.6666666666666667,272101,725602.67
13071,2011,Payment Months (Type 3),1,243591,3,3,487182,487182
13071,2011,All Issues (Census),1,243591,3,3,487182,487182
13071,2012,Payment Months (Type 3),3,1669732,1.25,1.6666666666666667,417433,1113154.67
13071,2012,All Issues (Census),3,1669732,1.25,1.6666666666666667,417433,1113154.67
13071,2013,Payment Months (Type 3),1,471184,1.3333333333333333,1.3333333333333333,157061.33,157061.33
13071,2013,All Issues (Census),1,471184,1.3333333333333333,1.3333333333333333,157061.33,157061.33
13073,2011,Payment Months (Type 3),1,24116,3,3,48232,48232
13073,2011,All Issues (Census),1,24116,3,3,48232,48232
13073,2012,Payment Months (Type 3),2,92822,1.3333333333333333,1.6666666666666667,30940.67,61881.33
13073,2012,All Issues (Census),2,92822,1.3333333333333333,1.6666666666666667,30940.67,61881.33
13073,2013,Payment Months (Type 3),1,,1.3333333333333333,1.3333333333333333,,
13073,2013,All Issues (Census),1,,1.3333333333333333,1.3333333333333333,,
13075,2011,Payment Months (Type 3),3,80048,1.5,3,40024,160096
13075,2011,All Issues (Census),3,80048,1.5,3,40024,160096
13075,2012,Payment Months (Type 3),3,464586,1.25,1.6666666666666667,116146.5,309724
13075,2012,All Issues (Census),3,464586,1.25,1.6666666666666667,116146.5,309724
13077,2011,Payment Months (Type 3),3,49443,2,3,49443,98886
13077,2011,All Issues (Census),3,49443,2,3,49443,98886
13077,2012,Payment Months (Type 3),2,271818,1.3333333333333333,1.6666666666666667,90606,181212
13077,2012,All Issues (Census),2,271818,1.3333333333333333,1.6666666666666667,90606,181212
13077,2013,Payment Months (Type 3),1,,1.3333333333333333,1.3333333333333333,,
13077,2013,All Issues (Census),1,,1.3333333333333333,1.3333333333333333,,
13077,2016,Payment Months (Type 3),1,228328,1.3333333333333333,1.3333333333333333,76109.33,76109.33
13077,2016,All Issues (Census),1,228328,1.3333333333333333,1.3333333333333333,76109.33,76109.33
13079,2011,Payment Months (Type 3),1,59462,3,3,118924,118924
13079,2011,All Issues (Census),1,59462,3,3,118924,118924
13079,2012,Payment Months (Type 3),3,243704,1.25,1.6666666666666667,60926,162469.33
13079,2012,All Issues (Census),3,243704,1.25,1.6666666666666667,60926,162469.33
13079,2013,Payment Months (Type 3),2,,1.3333333333333333,1.6666666666666667,,
13079,2013,All Issues (Census),2,,1.3333333333333333,1.6666666666666667,,
13079,2017,Payment Months (Type 3),1,12716,1.3333333333333333,1.3333333333333333,4238.67,4238.67
13079,2017,All Issues (Census),1,12716,1.3333333333333333,1.3333333333333333,4238.67,4238.67
13081,2011,Payment Months (Type 3),1,77574,3,3,155148,155148
13081,2011,All Issues (Census),1,77574,3,3,155148,155148
13081,2012,Payment Months (Type 3),3,451450,1.25,1.6666666666666667,112862.5,300966.67
13081,2012,All Issues (Census),3,451450,1.25,1.6666666666666667,112862.5,300966.67
13081,2013,Payment Months (Type 3),2,220558,1.3333333333333333,1.3333333333333333,73519.33,73519.33
13081,2013,All Issues (Census),2,220558,1.3333333333333333,1.3333333333333333,73519.33,73519.33
13083,2016,Payment Months (Type 3),1,200364,1.3333333333333333,1.3333333333333333,66788,66788
13083,2016,All Issues (Census),1,200364,1.3333333333333333,1.3333333333333333,66788,66788
13083,2017,Payment Months (Type 3),1,,1.3333333333333333,1.3333333333333333,,
13083,2017,All Issues (Census),1,,1.3333333333333333,1.3333333333333333,,
13085,2017,Payment Months (Type 3),2,89833,1.3333333333333333,1.3333333333333333,29944.33,29944.33
13085,2017,All Issues (Census),2,89833,1.3333333333333333,1.3333333333333333,29944.33,29944.33
13087,2011,Payment Months (Type 3),3,138593,1.5,3,69296.5,277186
13087,2011,All Issues (Census),3,138593,1.5,3,69296.5,277186
13087,2012,Payment Months (Type 3),3,802775,1.25,1.6666666666666667,200693.75,535183.33
13087,2012,All Issues (Census),3,802775,1.25,1.6666666666666667,200693.75,535183.33
13087,2013,Payment Months (Type 3),1,11496,1.3333333333333333,1.3333333333333333,3832,3832
13087,2013,All Issues (Census),1,11496,1.3333333333333333,1.3333333333333333,3832,3832
13089,2011,Payment Months (Type 3),1,,3,3,,
13089,2011,All Issues (Census),1,,3,3,,
13089,2012,Payment Months (Type 3),2,,1.3333333333333333,1.3333333333333333,,
13089,2012,All Issues (Census),2,,1.3333333333333333,1.3333333333333333,,
13089,2013,Payment Months (Type 3),1,,1.3333333333333333,1.3333333333333333,,
13089,2013,All Issues (Census),1,,1.3333333333333333,1.3333333333333333,,
13089,2016,Payment Months (Type 3),1,,1.3333333333333333,1.3333333333333333,,
13089,2016,All Issues (Census),1,,1.3333333333333333,1.3333333333333333,,
13089,2017,Payment Months (Type 3),1,,1.3333333333333333,1.3333333333333333,,
13089,2017,All Issues (Census),1,,1.3333333333333333,1.3333333333333333,,
13091,2011,Payment Months (Type 3),1,256934,3,3,513868,513868
13091,2011,All Issues (Census),1,256934,3,3,513868,513868
13091,2012,Payment Months (Type 3),3,983312,1.25,1.6666666666666667,245828,655541.33
13091,2012,All Issues (Census),3,983312,1.25,1.6666666666666667,245828,655541.33
13091,2013,Payment Months (Type 3),2,7347,1.3333333333333333,1.6666666666666667,2449,4898
13091,2013,All Issues (Census),2,7347,1.3333333333333333,1.6666666666666667,2449,4898
13093,2011,Payment Months (Type 3),1,93557,3,3,187114,187114
13093,2011,All Issues (Census),1,93557,3,3,187114,187114
13093,2012,Payment Months (Type 3),2,361920.68,1.3333333333333333,1.6666666666666667,120640.23,241280.45
13093,2012,All Issues (Census),2,361920.68,1.3333333333333333,1.6666666666666667,120640.23,241280.45
13093,2013,Payment Months (Type 3),2,,1.3333333333333333,1.6666666666666667,,
13093,2013,All Issues (Census),2,,1.3333333333333333,1.6666666666666667,,
13095,2011,Payment Months (Type 3),3,12527,1.5,3,6263.5,25054
13095,2011,All Issues (Census),3,12527,1.5,3,6263.5,25054
13095,2012,Payment Months (Type 3),3,35261,1.25,1.6666666666666667,8815.25,23507.33
13095,2012,All Issues (Census),3,35261,1.25,1.6666666666666667,8815.25,23507.33
13095,2013,Payment Months (Type 3),1,,1.3333333333333333,1.3333333333333333,,
13095,2013,All Issues (Census),1,,1.3333333333333333,1.3333333333333333,,
13097,2011,Payment Months (Type 3),1,4785,3,3,9570,9570
13097,2011,All Issues (Census),1,4785,3,3,9570,9570
13097,2012,Payment Months (Type 3),1,39397,1.6666666666666667,1.6666666666666667,26264.67,26264.67
13097,2012,All Issues (Census),1,39397,1.6666666666666667,1.6666666666666667,26264.67,26264.67
13097,2013,Payment Months (Type 3),1,,1.3333333333333333,1.3333333333333333,,
13097,2013,All Issues (Census),1,,1.3333333333333333,1.3333333333333333,,
13097,2016,Payment Months (Type 3),1,30144,1.3333333333333333,1.3333333333333333,10048,10048
13097,2016,All Issues (Census),1,30144,1.3333333333333333,1.3333333333333333,10048,10048
13097,2017,Payment Months (Type 3),1,,1.3333333333333333,1.3333333333333333,,
13097,2017,All Issues (Census),1,,1.3333333333333333,1.3333333333333333,,
13099,2011,Payment Months (Type 3),3,494202.68,1.5,3,247101.34,988405.36
13099,2011,All Issues (Census),3,494202.68,1.5,3,247101.34,988405.36
13099,2012,Payment Months (Type 3),3,1384503,1.25,1.6666666666666667,346125.75,923002
13099,2012,All Issues (Census),3,1384503,1.25,1.6666666666666667,346125.75,923002
13099,2013,Payment Months (Type 3),1,238718,1.3333333333333333,1.3333333333333333,79572.67,79572.67
13099,2013,All Issues (Census),1,238718,1.3333333333333333,1.3333333333333333,79572.67,79572.67
13101,2011,Payment Months (Type 3),3,3764,1.5,3,1882,7528
13101,2011,All Issues (Census),3,3764,1.5,3,1882,7528
13101,2012,Payment Months (Type 3),2,15688,1.25,1.6666666666666667,3922,10458.67
13101,2012,All Issues (Census),2,15688,1.25,1.6666666666666667,3922,10458.67
13103,2011,Payment Months (Type 3),3,32900,1.5,3,16450,65800
13103,2011,All Issues (Census),3,32900,1.5,3,16450,65800
13103,2012,Payment Months (Type 3),2,195418,1.25,1.6666666666666667,48854.5,130278.67
13103,2012,All Issues (Census),2,195418,1.25,1.6666666666666667,48854.5,130278.67
13105,2011,Payment Months (Type 3),2,300526,1.5,3,150263,601052
13105,2011,All Issues (Census),2,300526,1.5,3,150263,601052
13105,2012,Payment Months (Type 3),2,968547,1.3333333333333333,1.6666666666666667,322849,645698
13105,2012,All Issues (Census),2,968547,1.3333333333333333,1.6666666666666667,322849,645698
13105,2013,Payment Months (Type 3),1,,1.3333333333333333,1.3333333333333333,,
13105,2013,All Issues (Census),1,,1.3333333333333333,1.3333333333333333,,
13105,2016,Payment Months (Type 3),1,487219,1.3333333333333333,1.3333333333333333,162406.33,162406.33
13105,2016,All Issues (Census),1,487219,1.3333333333333333,1.3333333333333333,162406.33,162406.33
13105,2017,Payment Months (Type 3),1,642,1.3333333333333333,1.3333333333333333,214,214
13105,2017,All Issues (Census),1,642,1.3333333333333333,1.3333333333333333,214,214
13107,2011,Payment Months (Type 3),1,121512,3,3,243024,243024
13107,2011,All Issues (Census),1,121512,3,3,243024,243024
13107,2012,Payment Months (Type 3),3,586893,1.25,1.6666666666666667,146723.25,391262
13107,2012,All Issues (Census),3,586893,1.25,1.6666666666666667,146723.25,391262
13109,2011,Payment Months (Type 3),3,37573,1.5,3,18786.5,75146
13109,2011,All Issues (Census),3,37573,1.5,3,18786.5,75146
13109,2012,Payment Months (Type 3),2,221806.38,1.25,1.6666666666666667,55451.6,147870.92
13109,2012,All Issues (Census),2,221806.38,1.25,1.6666666666666667,55451.6,147870.92
13111,2016,Payment Months (Type 3),1,167378,1.3333333333333333,1.3333333333333333,55792.67,55792.67
13111,2016,All Issues (Census),1,167378,1.3333333333333333,1.3333333333333333,55792.67,55792.67
13111,2017,Payment Months (Type 3),2,129727,1.3333333333333333,1.3333333333333333,43242.33,43242.33
13111,2017,All Issues (Census),2,129727,1.3333333333333333,1.3333333333333333,43242.33,43242.33
13113,2011,Payment Months (Type 3),3,3002,2,3,3002,6004
13113,2011,All Issues (Census),3,3002,2,3,3002,6004
13113,2012,Payment Months (Type 3),2,21395,1.3333333333333333,1.6666666666666667,7131.67,14263.33
13113,2012,All Issues (Census),2,21395,1.3333333333333333,1.6666666666666667,7131.67,14263.33
13113,2013,Payment Months (Type 3),1,,1.3333333333333333,1.3333333333333333,,
13113,2013,All Issues (Census),1,,1.3333333333333333,1.3333333333333333,,
13113,2016,Payment Months (Type 3),1,19211,1.3333333333333333,1.3333333333333333,6403.67,6403.67
13113,2016,All Issues (Census),1,19211,1.3333333333333333,1.3333333333333333,6403.67,6403.67
13115,2016,Payment Months (Type 3),1,649332,1.3333333333333333,1.3333333333333333,216444,216444
13115,2016,All Issues (Census),1,649332,1.3333333333333333,1.3333333333333333,216444,216444
13115,2017,Boundary (Type 1),1,,1.3333333333333333,1.3333333333333333,,
13115,2017,Payment Months (Type 3),1,,1.3333333333333333,1.3333333333333333,,
13115,2017,All Issues (Census),2,,1.3333333333333333,1.3333333333333333,,
13117,2011,Payment Months (Type 3),1,41324,2,2,41324,41324
13117,2011,All Issues (Census),1,41324,2,2,41324,41324
13117,2016,Payment Months (Type 3),1,148941,1.3333333333333333,1.3333333333333333,49647,49647
13117,2016,All Issues (Census),1,148941,1.3333333333333333,1.3333333333333333,49647,49647
13117,2017,Payment Months (Type 3),1,,1.3333333333333333,1.3333333333333333,,
13117,2017,All Issues (Census),1,,1.3333333333333333,1.3333333333333333,,
13119,2011,Payment Months (Type 3),2,390897,1.5,3,195448.5,781794
13119,2011,All Issues (Census),2,390897,1.5,3,195448.5,781794
13119,2016,Payment Months (Type 3),1,1047574,1.3333333333333333,1.3333333333333333,349191.33,349191.33
13119,2016,All Issues (Census),1,1047574,1.3333333333333333,1.3333333333333333,349191.33,349191.33
13119,2017,Payment Months (Type 3),2,651972,1.3333333333333333,1.3333333333333333,217324,217324
13119,2017,All Issues (Census),2,651972,1.3333333333333333,1.3333333333333333,217324,217324
13121,2009,Payment Months (Type 3),1,,1.5,1.5,,
13121,2009,All Issues (Census),1,,1.5,1.5,,
13121,2011,Payment Months (Type 3),1,18086,3,3,36172,36172
13121,2011,All Issues (Census),1,18086,3,3,36172,36172
13121,2012,Payment Months (Type 3),1,45459,1.6666666666666667,1.6666666666666667,30306,30306
13121,2012,All Issues (Census),1,45459,1.6666666666666667,1.6666666666666667,30306,30306
13121,2013,Payment Months (Type 3),1,,1.3333333333333333,1.3333333333333333,,
13121,2013,All Issues (Census),1,,1.3333333333333333,1.3333333333333333,,
13121,2016,Payment Months (Type 3),1,30894,1.3333333333333333,1.3333333333333333,10298,10298
13121,2016,All Issues (Census),1,30894,1.3333333333333333,1.3333333333333333,10298,10298
13121,2017,Payment Months (Type 3),1,,1.3333333333333333,1.3333333333333333,,
13121,2017,All Issues (Census),1,,1.3333333333333333,1.3333333333333333,,
13123,2016,Payment Months (Type 3),1,286142,1.3333333333333333,1.3333333333333333,95380.67,95380.67
13123,2016,All Issues (Census),1,286142,1.3333333333333333,1.3333333333333333,95380.67,95380.67
13123,2017,Payment Months (Type 3),2,234839,1.3333333333333333,1.3333333333333333,78279.67,78279.67
13123,2017,All Issues (Census),2,234839,1.3333333333333333,1.3333333333333333,78279.67,78279.67
13125,2011,Payment Months (Type 3),1,17821,3,3,35642,35642
13125,2011,All Issues (Census),1,17821,3,3,35642,35642
13125,2012,Payment Months (Type 3),3,72318,1.25,1.6666666666666667,18079.5,48212
13125,2012,All Issues (Census),3,72318,1.25,1.6666666666666667,18079.5,48212
13125,2013,Payment Months (Type 3),2,41122,1.3333333333333333,1.6666666666666667,13707.33,27414.67
13125,2013,All Issues (Census),2,41122,1.3333333333333333,1.6666666666666667,13707.33,27414.67
13127,2011,Payment Months (Type 3),3,1116,1.5,3,558,2232
13127,2011,All Issues (Census),3,1116,1.5,3,558,2232
13127,2012,Payment Months (Type 3),1,6365,1.3333333333333333,1.3333333333333333,2121.67,2121.67
13127,2012,All Issues (Census),1,6365,1.3333333333333333,1.3333333333333333,2121.67,2121.67
13129,2016,Payment Months (Type 3),1,1428992,1.3333333333333333,1.3333333333333333,476330.67,476330.67
13129,2016,All Issues (Census),1,1428992,1.3333333333333333,1.3333333333333333,476330.67,476330.67
13129,2017,Payment Months (Type 3),2,922838,1.3333333333333333,1.3333333333333333,307612.67,307612.67
13129,2017,All Issues (Census),2,922838,1.3333333333333333,1.3333333333333333,307612.67,307612.67
13131,2011,Payment Months (Type 3),1,347328,3,3,694656,694656
13131,2011,All Issues (Census),1,347328,3,3,694656,694656
13131,2012,Payment Months (Type 3),3,1029447,1.25,1.6666666666666667,257361.75,686298
13131,2012,All Issues (Census),3,1029447,1.25,1.6666666666666667,257361.75,686298
13131,2013,Payment Months (Type 3),1,276145,1.3333333333333333,1.3333333333333333,92048.33,92048.33
13131,2013,All Issues (Census),1,276145,1.3333333333333333,1.3333333333333333,92048.33,92048.33
13133,2011,Payment Months (Type 3),1,325822,3,3,651644,651644
13133,2011,All Issues (Census),1,325822,3,3,651644,651644
13133,2012,Payment Months (Type 3),2,912614,1.3333333333333333,1.6666666666666667,304204.67,608409.33
13133,2012,All Issues (Census),2,912614,1.3333333333333333,1.6666666666666667,304204.67,608409.33
13133,2013,Payment Months (Type 3),2,,1.3333333333333333,1.6666666666666667,,
13133,2013,All Issues (Census),2,,1.3333333333333333,1.6666666666666667,,
13133,2017,Payment Months (Type 3),1,,1.3333333333333333,1.3333333333333333,,
13133,2017,All Issues (Census),1,,1.3333333333333333,1.3333333333333333,,
13135,2011,Payment Months (Type 3),1,9192,3,3,18384,18384
13135,2011,All Issues (Census),1,9192,3,3,18384,18384
13135,2012,Payment Months (Type 3),1,58244,1.3333333333333333,1.3333333333333333,19414.67,19414.67
13135,2012,All Issues (Census),1,58244,1.3333333333333333,1.3333333333333333,19414.67,19414.67
13135,2016,Payment Months (Type 3),1,24691,1.3333333333333333,1.3333333333333333,8230.33,8230.33
13135,2016,All Issues (Census),1,24691,1.3333333333333333,1.3333333333333333,8230.33,8230.33
13135,2017,Payment Months (Type 3),1,,1.3333333333333333,1.3333333333333333,,
13135,2017,All Issues (Census),1,,1.3333333333333333,1.3333333333333333,,
13137,2016,Threshold (Type 2),2,352988,1.25,1.25,88247,88247
13137,2016,Payment Months (Type 3),1,352988,1.3333333333333333,1.3333333333333333,117662.67,117662.67
13137,2016,All Issues (Census),3,352988,1.25,1.3333333333333333,88247,117662.67
13137,2017,Payment Months (Type 3),2,344787,1.3333333333333333,1.3333333333333333,114929,114929
13137,2017,All Issues (Census),2,344787,1.3333333333333333,1.3333333333333333,114929,114929
13139,2011,Payment Months (Type 3),1,165963,2,2,165963,165963
13139,2011,All Issues (Census),1,165963,2,2,165963,165963
13139,2016,Payment Months (Type 3),1,800581,1.3333333333333333,1.3333333333333333,266860.33,266860.33
13139,2016,All Issues (Census),1,800581,1.3333333333333333,1.3333333333333333,266860.33,266860.33
13139,2017,Payment Months (Type 3),2,489520,1.3333333333333333,1.3333333333333333,163173.33,163173.33
13139,2017,All Issues (Census),2,489520,1.3333333333333333,1.3333333333333333,163173.33,163173.33
13141,2011,Payment Months (Type 3),1,51243,3,3,102486,102486
13141,2011,All Issues (Census),1,51243,3,3,102486,102486
13141,2012,Payment Months (Type 3),3,179429,1.25,1.6666666666666667,44857.25,119619.33
13141,2012,All Issues (Census),3,179429,1.25,1.6666666666666667,44857.25,119619.33
13141,2013,Payment Months (Type 3),2,,1.3333333333333333,1.6666666666666667,,
13141,2013,All Issues (Census),2,,1.3333333333333333,1.6666666666666667,,
13141,2017,Payment Months (Type 3),1,,1.3333333333333333,1.3333333333333333,,
13141,2017,All Issues (Census),1,,1.3333333333333333,1.3333333333333333,,
13143,2012,Payment Months (Type 3),1,327854,1.3333333333333333,1.3333333333333333,109284.67,109284.67
13143,2012,All Issues (Census),1,327854,1.3333333333333333,1.3333333333333333,109284.67,109284.67
13143,2013,Payment Months (Type 3),1,,1.3333333333333333,1.3333333333333333,,
13143,2013,All Issues (Census),1,,1.3333333333333333,1.3333333333333333,,
13143,2017,Payment Months (Type 3),1,4226,1.3333333333333333,1.3333333333333333,1408.67,1408.67
13143,2017,All Issues (Census),1,4226,1.3333333333333333,1.3333333333333333,1408.67,1408.67
13145,2011,Payment Months (Type 3),3,28845,1.5,3,14422.5,57690
13145,2011,All Issues (Census),3,28845,1.5,3,14422.5,57690
13145,2012,Payment Months (Type 3),2,173546,1.3333333333333333,1.6666666666666667,57848.67,115697.33
13145,2012,All Issues (Census),2,173546,1.3333333333333333,1.6666666666666667,57848.67,115697.33
13145,2013,Payment Months (Type 3),1,,1.3333333333333333,1.3333333333333333,,
13145,2013,All Issues (Census),1,,1.3333333333333333,1.3333333333333333,,
13145,2016,Payment Months (Type 3),1,122320,1.3333333333333333,1.3333333333333333,40773.33,40773.33
13145,2016,All Issues (Census),1,122320,1.3333333333333333,1.3333333333333333,40773.33,40773.33
13145,2017,Payment Months (Type 3),1,,1.3333333333333333,1.3333333333333333,,
13145,2017,All Issues (Census),1,,1.3333333333333333,1.3333333333333333,,
13147,2011,Payment Months (Type 3),1,720873,3,3,1441746,1441746
13147,2011,All Issues (Census),1,720873,3,3,1441746,1441746
13147,2016,Payment Months (Type 3),1,967594,1.3333333333333333,1.3333333333333333,322531.33,322531.33
13147,2016,All Issues (Census),1,967594,1.3333333333333333,1.3333333333333333,322531.33,322531.33
13147,2017,Payment Months (Type 3),2,599409,1.3333333333333333,1.3333333333333333,199803,199803
13147,2017,All Issues (Census),2,599409,1.3333333333333333,1.3333333333333333,199803,199803
13149,2011,Payment Months (Type 3),3,106126,2,3,106126,212252
13149,2011,All Issues (Census),3,106126,2,3,106126,212252
13149,2012,Payment Months (Type 3),2,440661,1.3333333333333333,1.6666666666666667,146887,293774
13149,2012,All Issues (Census),2,440661,1.3333333333333333,1.6666666666666667,146887,293774
13149,2013,Payment Months (Type 3),1,,1.3333333333333333,1.3333333333333333,,
13149,2013,All Issues (Census),1,,1.3333333333333333,1.3333333333333333,,
13149,2017,Payment Months (Type 3),1,,1.3333333333333333,1.3333333333333333,,
13149,2017,All Issues (Census),1,,1.3333333333333333,1.3333333333333333,,
13151,2011,Payment Months (Type 3),3,49514,2,3,49514,99028
13151,2011,All Issues (Census),3,49514,2,3,49514,99028
13151,2012,Payment Months (Type 3),2,234913,1.3333333333333333,1.6666666666666667,78304.33,156608.67
13151,2012,All Issues (Census),2,234913,1.3333333333333333,1.6666666666666667,78304.33,156608.67
13151,2013,Payment Months (Type 3),1,,1.3333333333333333,1.3333333333333333,,
13151,2013,All Issues (Census),1,,1.3333333333333333,1.3333333333333333,,
13151,2016,Payment Months (Type 3),1,156457,1.3333333333333333,1.3333333333333333,52152.33,52152.33
13151,2016,All Issues (Census),1,156457,1.3333333333333333,1.3333333333333333,52152.33,52152.33
13151,2017,Payment Months (Type 3),1,,1.3333333333333333,1.3333333333333333,,
13151,2017,All Issues (Census),1,,1.3333333333333333,1.3333333333333333,,
13153,2011,Payment Months (Type 3),1,111443,3,3,222886,222886
13153,2011,All Issues (Census),1,111443,3,3,222886,222886
13153,2012,Payment Months (Type 3),3,422488,1.25,1.6666666666666667,105622,281658.67
13153,2012,All Issues (Census),3,422488,1.25,1.6666666666666667,105622,281658.67
13153,2013,Payment Months (Type 3),2,22452,1.3333333333333333,1.6666666666666667,7484,14968
13153,2013,All Issues (Census),2,22452,1.3333333333333333,1.6666666666666667,7484,14968
13153,2017,Payment Months (Type 3),1,57656,1.3333333333333333,1.3333333333333333,19218.67,19218.67
13153,2017,All Issues (Census),1,57656,1.3333333333333333,1.3333333333333333,19218.67,19218.67
13155,2011,Payment Months (Type 3),3,213154,1.5,3,106577,426308
13155,2011,All Issues (Census),3,213154,1.5,3,106577,426308
13155,2012,Payment Months (Type 3),3,1140897,1.25,1.6666666666666667,285224.25,760598
13155,2012,All Issues (Census),3,1140897,1.25,1.6666666666666667,285224.25,760598
13157,2011,Payment Months (Type 3),1,564066,3,3,1128132,1128132
13157,2011,All Issues (Census),1,564066,3,3,1128132,1128132
13157,2012,Payment Months (Type 3),1,1231303,1.3333333333333333,1.3333333333333333,410434.33,410434.33
13157,2012,All Issues (Census),1,1231303,1.3333333333333333,1.3333333333333333,410434.33,410434.33
13157,2016,Payment Months (Type 3),1,992251,1.3333333333333333,1.3333333333333333,330750.33,330750.33
13157,2016,All Issues (Census),1,992251,1.3333333333333333,1.3333333333333333,330750.33,330750.33
13157,2017,Payment Months (Type 3),1,31158,1.3333333333333333,1.3333333333333333,10386,10386
13157,2017,All Issues (Census),1,31158,1.3333333333333333,1.3333333333333333,10386,10386
13159,2011,Payment Months (Type 3),1,284379,3,3,568758,568758
13159,2011,All Issues (Census),1,284379,3,3,568758,568758
13159,2012,Payment Months (Type 3),3,955358,1.25,1.6666666666666667,238839.5,636905.33
13159,2012,All Issues (Census),3,955358,1.25,1.6666666666666667,238839.5,636905.33
13159,2013,Payment Months (Type 3),2,,1.3333333333333333,1.6666666666666667,,
13159,2013,All Issues (Census),2,,1.3333333333333333,1.6666666666666667,,
13159,2017,Payment Months (Type 3),1,,1.3333333333333333,1.3333333333333333,,
13159,2017,All Issues (Census),1,,1.3333333333333333,1.3333333333333333,,
13161,2011,Payment Months (Type 3),3,59688,1.5,3,29844,119376
13161,2011,All Issues (Census),3,59688,1.5,3,29844,119376
13161,2012,Payment Months (Type 3),2,268362,1.25,1.6666666666666667,67090.5,178908
13161,2012,All Issues (Census),2,268362,1.25,1.6666666666666667,67090.5,178908
13163,2011,Payment Months (Type 3),1,143982,3,3,287964,287964
13163,2011,All Issues (Census),1,143982,3,3,287964,287964
13163,2012,Payment Months (Type 3),3,1003547,1.25,1.6666666666666667,250886.75,669031.33
13163,2012,All Issues (Census),3,1003547,1.25,1.6666666666666667,250886.75,669031.33
13163,2013,Payment Months (Type 3),2,213461,1.3333333333333333,1.6666666666666667,71153.67,142307.33
13163,2013,All Issues (Census),2,213461,1.3333333333333333,1.6666666666666667,71153.67,142307.33
13165,2011,Payment Months (Type 3),2,39352,1.5,3,19676,78704
13165,2011,All Issues (Census),2,39352,1.5,3,19676,78704
13165,2012,Payment Months (Type 3),3,387280,1.25,1.6666666666666667,96820,258186.67
13165,2012,All Issues (Census),3,387280,1.25,1.6666666666666667,96820,258186.67
13165,2013,Payment Months (Type 3),1,134295,1.3333333333333333,1.3333333333333333,44765,44765
13165,2013,All Issues (Census),1,134295,1.3333333333333333,1.3333333333333333,44765,44765
13167,2011,Payment Months (Type 3),1,143069,3,3,286138,286138
13167,2011,All Issues (Census),1,143069,3,3,286138,286138
13167,2012,Payment Months (Type 3),3,608598,1.25,1.6666666666666667,152149.5,405732
13167,2012,All Issues (Census),3,608598,1.25,1.6666666666666667,152149.5,405732
13167,2013,Payment Months (Type 3),2,,1.3333333333333333,1.6666666666666667,,
13167,2013,All Issues (Census),2,,1.3333333333333333,1.6666666666666667,,
13169,2011,Payment Months (Type 3),1,74712,3,3,149424,149424
13169,2011,All Issues (Census),1,74712,3,3,149424,149424
13169,2012,Payment Months (Type 3),3,264250,1.25,1.6666666666666667,66062.5,176166.67
13169,2012,All Issues (Census),3,264250,1.25,1.6666666666666667,66062.5,176166.67
13169,2013,Payment Months (Type 3),2,,1.3333333333333333,1.6666666666666667,,
13169,2013,All Issues (Census),2,,1.3333333333333333,1.6666666666666667,,
13169,2017,Payment Months (Type 3),1,,1.3333333333333333,1.3333333333333333,,
13169,2017,All Issues (Census),1,,1.3333333333333333,1.3333333333333333,,
13171,2011,Payment Months (Type 3),1,156947,3,3,313894,313894
13171,2011,All Issues (Census),1,156947,3,3,313894,313894
13171,2012,Payment Months (Type 3),3,551199,1.25,1.3333333333333333,137799.75,183733
13171,2012,All Issues (Census),3,551199,1.25,1.3333333333333333,137799.75,183733
13171,2013,Payment Months (Type 3),1,88297,1.3333333333333333,1.3333333333333333,29432.33,29432.33
13171,2013,All Issues (Census),1,88297,1.3333333333333333,1.3333333333333333,29432.33,29432.33
13171,2016,Payment Months (Type 3),1,326286,1.3333333333333333,1.3333333333333333,108762,108762
13171,2016,All Issues (Census),1,326286,1.3333333333333333,1.3333333333333333,108762,108762
13171,2017,Payment Months (Type 3),1,,1.3333333333333333,1.3333333333333333,,
13171,2017,All Issues (Census),1,,1.3333333333333333,1.3333333333333333,,
13173,2011,Payment Months (Type 3),3,45557,1.5,3,22778.5,91114
13173,2011,All Issues (Census),3,45557,1.5,3,22778.5,91114
13173,2012,Payment Months (Type 3),2,100277,1.25,1.6666666666666667,25069.25,66851.33
13173,2012,All Issues (Census),2,100277,1.25,1.6666666666666667,25069.25,66851.33
13175,2011,Payment Months (Type 3),1,120562,3,3,241124,241124
13175,2011,All Issues (Census),1,120562,3,3,241124,241124
13175,2012,Payment Months (Type 3),3,910605,1.25,1.6666666666666667,227651.25,607070
13175,2012,All Issues (Census),3,910605,1.25,1.6666666666666667,227651.25,607070
13175,2013,Payment Months (Type 3),2,159705,1.3333333333333333,1.6666666666666667,53235,106470
13175,2013,All Issues (Census),2,159705,1.3333333333333333,1.6666666666666667,53235,106470
13177,2011,Payment Months (Type 3),3,47846,1.5,3,23923,95692
13177,2011,All Issues (Census),3,47846,1.5,3,23923,95692
13177,2012,Payment Months (Type 3),3,304101,1.25,1.6666666666666667,76025.25,202734
13177,2012,All Issues (Census),3,304101,1.25,1.6666666666666667,76025.25,202734
13177,2013,Payment Months (Type 3),1,,1.3333333333333333,1.3333333333333333,,
13177,2013,All Issues (Census),1,,1.3333333333333333,1.3333333333333333,,
13179,2011,Payment Months (Type 3),3,11723,1.5,3,5861.5,23446
13179,2011,All Issues (Census),3,11723,1.5,3,5861.5,23446
13179,2012,Payment Months (Type 3),2,6124,1.25,1.6666666666666667,1531,4082.67
13179,2012,All Issues (Census),2,6124,1.25,1.6666666666666667,1531,4082.67
13181,2011,Payment Months (Type 3),1,218413,3,3,436826,436826
13181,2011,All Issues (Census),1,218413,3,3,436826,436826
13181,2012,Payment Months (Type 3),2,535196,1.3333333333333333,1.6666666666666667,178398.67,356797.33
13181,2012,All Issues (Census),2,535196,1.3333333333333333,1.6666666666666667,178398.67,356797.33
13181,2013,Payment Months (Type 3),1,,1.3333333333333333,1.3333333333333333,,
13181,2013,All Issues (Census),1,,1.3333333333333333,1.3333333333333333,,
13181,2017,Payment Months (Type 3),1,,1.3333333333333333,1.3333333333333333,,
13181,2017,All Issues (Census),1,,1.3333333333333333,1.3333333333333333,,
13183,2011,Payment Months (Type 3),3,33982,1.5,3,16991,67964
13183,2011,All Issues (Census),3,33982,1.5,3,16991,67964
13183,2012,Payment Months (Type 3),2,68496,1.25,1.6666666666666667,17124,45664
13183,2012,All Issues (Census),2,68496,1.25,1.6666666666666667,17124,45664
13185,2011,Payment Months (Type 3),3,80391,1.5,3,40195.5,160782
13185,2011,All Issues (Census),3,80391,1.5,3,40195.5,160782
13185,2012,Payment Months (Type 3),1,351989,1.3333333333333333,1.3333333333333333,117329.67,117329.67
13185,2012,All Issues (Census),1,351989,1.3333333333333333,1.3333333333333333,117329.67,117329.67
13187,2017,Payment Months (Type 3),2,157402,1.3333333333333333,1.3333333333333333,52467.33,52467.33
13187,2017,All Issues (Census),2,157402,1.3333333333333333,1.3333333333333333,52467.33,52467.33
13189,2011,Payment Months (Type 3),1,162099,3,3,324198,324198
13189,2011,All Issues (Census),1,162099,3,3,324198,324198
13189,2012,Payment Months (Type 3),2,507719,1.3333333333333333,1.6666666666666667,169239.67,338479.33
13189,2012,All Issues (Census),2,507719,1.3333333333333333,1.6666666666666667,169239.67,338479.33
13189,2013,Payment Months (Type 3),1,,1.3333333333333333,1.3333333333333333,,
13189,2013,All Issues (Census),1,,1.3333333333333333,1.3333333333333333,,
13189,2017,Payment Months (Type 3),1,,1.3333333333333333,1.3333333333333333,,
13189,2017,All Issues (Census),1,,1.3333333333333333,1.3333333333333333,,
13191,2011,Payment Months (Type 3),3,1536,1.5,3,768,3072
13191,2011,All Issues (Census),3,1536,1.5,3,768,3072
13191,2012,Payment Months (Type 3),1,,1.3333333333333333,1.3333333333333333,,
13191,2012,All Issues (Census),1,,1.3333333333333333,1.3333333333333333,,
13193,2011,Payment Months (Type 3),1,332826,3,3,665652,665652
13193,2011,All Issues (Census),1,332826,3,3,665652,665652
13193,2012,Payment Months (Type 3),3,1067322,1.25,1.6666666666666667,266830.5,711548
13193,2012,All Issues (Census),3,1067322,1.25,1.6666666666666667,266830.5,711548
13193,2013,Payment Months (Type 3),2,,1.3333333333333333,1.6666666666666667,,
13193,2013,All Issues (Census),2,,1.3333333333333333,1.6666666666666667,,
13193,2017,Payment Months (Type 3),1,,1.3333333333333333,1.3333333333333333,,
13193,2017,All Issues (Census),1,,1.3333333333333333,1.3333333333333333,,
13195,2011,Payment Months (Type 3),1,556881,3,3,1113762,1113762
13195,2011,All Issues (Census),1,556881,3,3,1113762,1113762
13195,2012,Payment Months (Type 3),1,1418368,1.3333333333333333,1.3333333333333333,472789.33,472789.33
13195,2012,All Issues (Census),1,1418368,1.3333333333333333,1.3333333333333333,472789.33,472789.33
13195,2016,Payment Months (Type 3),1,995918,1.3333333333333333,1.3333333333333333,331972.67,331972.67
13195,2016,All Issues (Census),1,995918,1.3333333333333333,1.3333333333333333,331972.67,331972.67
13195,2017,Payment Months (Type 3),1,4812,1.3333333333333333,1.3333333333333333,1604,1604
13195,2017,All Issues (Census),1,4812,1.3333333333333333,1.3333333333333333,1604,1604
13197,2011,Payment Months (Type 3),1,238114,3,3,476228,476228
13197,2011,All Issues (Census),1,238114,3,3,476228,476228
13197,2012,Payment Months (Type 3),2,766867,1.3333333333333333,1.6666666666666667,255622.33,511244.67
13197,2012,All Issues (Census),2,766867,1.3333333333333333,1.6666666666666667,255622.33,511244.67
13197,2013,Payment Months (Type 3),2,135666,1.3333333333333333,1.6666666666666667,45222,90444
13197,2013,All Issues (Census),2,135666,1.3333333333333333,1.6666666666666667,45222,90444
13197,2017,Payment Months (Type 3),1,63887,1.3333333333333333,1.3333333333333333,21295.67,21295.67
13197,2017,All Issues (Census),1,63887,1.3333333333333333,1.3333333333333333,21295.67,21295.67
13199,2011,Payment Months (Type 3),1,134686,3,3,269372,269372
13199,2011,All Issues (Census),1,134686,3,3,269372,269372
13199,2012,Payment Months (Type 3),2,536815,1.3333333333333333,1.6666666666666667,178938.33,357876.67
13199,2012,All Issues (Census),2,536815,1.3333333333333333,1.6666666666666667,178938.33,357876.67
13199,2013,Payment Months (Type 3),1,,1.3333333333333333,1.3333333333333333,,
13199,2013,All Issues (Census),1,,1.3333333333333333,1.3333333333333333,,
13199,2016,Payment Months (Type 3),1,373092,1.3333333333333333,1.3333333333333333,124364,124364
13199,2016,All Issues (Census),1,373092,1.3333333333333333,1.3333333333333333,124364,124364
13199,2017,Payment Months (Type 3),1,,1.3333333333333333,1.3333333333333333,,
13199,2017,All Issues (Census),1,,1.3333333333333333,1.3333333333333333,,
13201,2011,Payment Months (Type 3),3,133317,1.5,3,66658.5,266634
13201,2011,All Issues (Census),3,133317,1.5,3,66658.5,266634
13201,2012,Payment Months (Type 3),3,934369.46,1.25,1.6666666666666667,233592.36,622912.97
13201,2012,All Issues (Census),3,934369.46,1.25,1.6666666666666667,233592.36,622912.97
13201,2013,Payment Months (Type 3),1,115526,1.3333333333333333,1.3333333333333333,38508.67,38508.67
13201,2013,All Issues (Census),1,115526,1.3333333333333333,1.3333333333333333,38508.67,38508.67
13205,2011,Payment Months (Type 3),3,126118,1.5,3,63059,252236
13205,2011,All Issues (Census),3,126118,1.5,3,63059,252236
13205,2012,Payment Months (Type 3),3,1101697,1.25,1.6666666666666667,275424.25,734464.67
13205,2012,All Issues (Census),3,1101697,1.25,1.6666666666666667,275424.25,734464.67
13205,2013,Payment Months (Type 3),1,199888,1.3333333333333333,1.3333333333333333,66629.33,66629.33
13205,2013,All Issues (Census),1,199888,1.3333333333333333,1.3333333333333333,66629.33,66629.33
13207,2011,Payment Months (Type 3),2,341701,1.5,3,170850.5,683402
13207,2011,All Issues (Census),2,341701,1.5,3,170850.5,683402
13207,2012,Payment Months (Type 3),3,684143,1.25,1.6666666666666667,171035.75,456095.33
13207,2012,All Issues (Census),3,684143,1.25,1.6666666666666667,171035.75,456095.33
13207,2013,Payment Months (Type 3),2,41546,1.3333333333333333,1.6666666666666667,13848.67,27697.33
13207,2013,All Issues (Census),2,41546,1.3333333333333333,1.6666666666666667,13848.67,27697.33
13207,2016,Threshold (Type 2),1,419722,4,4,1259166,1259166
13207,2016,All Issues (Census),1,419722,4,4,1259166,1259166
13207,2017,Payment Months (Type 3),1,,1.3333333333333333,1.3333333333333333,,
13207,2017,All Issues (Census),1,,1.3333333333333333,1.3333333333333333,,
13209,2011,Payment Months (Type 3),3,39850,1.5,3,19925,79700
13209,2011,All Issues (Census),3,39850,1.5,3,19925,79700
13209,2012,Payment Months (Type 3),2,317600,1.25,1.6666666666666667,79400,211733.33
13209,2012,All Issues (Census),2,317600,1.25,1.6666666666666667,79400,211733.33
13211,2011,Payment Months (Type 3),2,855909,3,3,1711818,1711818
13211,2011,All Issues (Census),3,855909,3,3,1711818,1711818
13211,2012,Payment Months (Type 3),3,1983737,1.25,1.6666666666666667,495934.25,1322491.33
13211,2012,All Issues (Census),3,1983737,1.25,1.6666666666666667,495934.25,1322491.33
13211,2013,Payment Months (Type 3),2,,1.3333333333333333,1.6666666666666667,,
13211,2013,All Issues (Census),2,,1.3333333333333333,1.6666666666666667,,
13211,2017,Payment Months (Type 3),1,,1.3333333333333333,1.3333333333333333,,
13211,2017,All Issues (Census),1,,1.3333333333333333,1.3333333333333333,,
13213,2016,Payment Months (Type 3),1,609637,1.3333333333333333,1.3333333333333333,203212.33,203212.33
13213,2016,All Issues (Census),1,609637,1.3333333333333333,1.3333333333333333,203212.33,203212.33
13213,2017,Payment Months (Type 3),2,364870,1.3333333333333333,1.3333333333333333,121623.33,121623.33
13213,2017,All Issues (Census),2,364870,1.3333333333333333,1.3333333333333333,121623.33,121623.33
13215,2011,Payment Months (Type 3),3,679,1.5,3,339.5,1358
13215,2011,All Issues (Census),3,679,1.5,3,339.5,1358
13215,2012,Payment Months (Type 3),2,4256,1.3333333333333333,1.3333333333333333,1418.67,1418.67
13215,2012,All Issues (Census),2,4256,1.3333333333333333,1.3333333333333333,1418.67,1418.67
13215,2013,Payment Months (Type 3),1,,1.3333333333333333,1.3333333333333333,,
13215,2013,All Issues (Census),1,,1.3333333333333333,1.3333333333333333,,
13215,2017,Payment Months (Type 3),1,,1.3333333333333333,1.3333333333333333,,
13215,2017,All Issues (Census),1,,1.3333333333333333,1.3333333333333333,,
13217,2011,Payment Months (Type 3),3,177351,2,3,177351,354702
13217,2011,All Issues (Census),3,177351,2,3,177351,354702
13217,2012,Payment Months (Type 3),3,537006,1.25,1.6666666666666667,134251.5,358004
13217,2012,All Issues (Census),3,537006,1.25,1.6666666666666667,134251.5,358004
13217,2013,Payment Months (Type 3),1,,1.3333333333333333,1.3333333333333333,,
13217,2013,All Issues (Census),1,,1.3333333333333333,1.3333333333333333,,
13217,2016,Payment Months (Type 3),1,303220,1.3333333333333333,1.3333333333333333,101073.33,101073.33
13217,2016,All Issues (Census),1,303220,1.3333333333333333,1.3333333333333333,101073.33,101073.33
13217,2017,Payment Months (Type 3),1,,1.3333333333333333,1.3333333333333333,,
13217,2017,All Issues (Census),1,,1.3333333333333333,1.3333333333333333,,
13219,2011,Payment Months (Type 3),2,319760,1.5,3,159880,639520
13219,2011,All Issues (Census),2,319760,1.5,3,159880,639520
13219,2012,Payment Months (Type 3),2,764137,1.3333333333333333,1.6666666666666667,254712.33,509424.67
13219,2012,All Issues (Census),2,764137,1.3333333333333333,1.6666666666666667,254712.33,509424.67
13219,2013,Payment Months (Type 3),1,,1.3333333333333333,1.3333333333333333,,
13219,2013,All Issues (Census),1,,1.3333333333333333,1.3333333333333333,,
13219,2017,Payment Months (Type 3),1,,1.3333333333333333,1.3333333333333333,,
13219,2017,All Issues (Census),1,,1.3333333333333333,1.3333333333333333,,
13221,2011,Payment Months (Type 3),2,403449,1.5,3,201724.5,806898
13221,2011,All Issues (Census),2,403449,1.5,3,201724.5,806898
13221,2012,Payment Months (Type 3),2,1122768,1.3333333333333333,1.6666666666666667,374256,748512
13221,2012,All Issues (Census),2,1122768,1.3333333333333333,1.6666666666666667,374256,748512
13221,2013,Payment Months (Type 3),1,,1.3333333333333333,1.3333333333333333,,
13221,2013,All Issues (Census),1,,1.3333333333333333,1.3333333333333333,,
13221,2017,Payment Months (Type 3),1,,1.3333333333333333,1.3333333333333333,,
13221,2017,All Issues (Census),1,,1.3333333333333333,1.3333333333333333,,
13223,2012,Payment Months (Type 3),1,91778,1.3333333333333333,1.3333333333333333,30592.67,30592.67
13223,2012,All Issues (Census),1,91778,1.3333333333333333,1.3333333333333333,30592.67,30592.67
13223,2013,Payment Months (Type 3),1,,1.3333333333333333,1.3333333333333333,,
13223,2013,All Issues (Census),1,,1.3333333333333333,1.3333333333333333,,
13223,2016,Payment Months (Type 3),1,72293,1.3333333333333333,1.3333333333333333,24097.67,24097.67
13223,2016,All Issues (Census),1,72293,1.3333333333333333,1.3333333333333333,24097.67,24097.67
13223,2017,Payment Months (Type 3),1,,1.3333333333333333,1.3333333333333333,,
13223,2017,All Issues (Census),1,,1.3333333333333333,1.3333333333333333,,
13225,2011,Payment Months (Type 3),1,17025,3,3,34050,34050
13225,2011,All Issues (Census),1,17025,3,3,34050,34050
13225,2012,Payment Months (Type 3),3,76173,1.25,1.6666666666666667,19043.25,50782
13225,2012,All Issues (Census),3,76173,1.25,1.6666666666666667,19043.25,50782
13225,2013,Payment Months (Type 3),2,,1.3333333333333333,1.6666666666666667,,
13225,2013,All Issues (Census),2,,1.3333333333333333,1.6666666666666667,,
13225,2017,Payment Months (Type 3),1,,1.3333333333333333,1.3333333333333333,,
13225,2017,All Issues (Census),1,,1.3333333333333333,1.3333333333333333,,
13227,2016,Threshold (Type 2),1,220861,3,3,441722,441722
13227,2017,Payment Months (Type 3),2,136053,1.3333333333333333,1.3333333333333333,45351,45351
13227,2017,All Issues (Census),2,136053,1.3333333333333333,1.3333333333333333,45351,45351
13229,2011,Payment Months (Type 3),3,81587,1.5,3,40793.5,163174
13229,2011,All Issues (Census),3,81587,1.5,3,40793.5,163174
13229,2012,Payment Months (Type 3),2,260599,1.25,1.6666666666666667,65149.75,173732.67
13229,2012,All Issues (Census),2,260599,1.25,1.6666666666666667,65149.75,173732.67
13231,2011,Payment Months (Type 3),1,283499,3,3,566998,566998
13231,2011,All Issues (Census),1,283499,3,3,566998,566998
13231,2012,Payment Months (Type 3),2,734924,1.3333333333333333,1.6666666666666667,244974.67,489949.33
13231,2012,All Issues (Census),2,734924,1.3333333333333333,1.6666666666666667,244974.67,489949.33
13231,2013,Payment Months (Type 3),1,4308,1.3333333333333333,1.3333333333333333,1436,1436
13231,2013,All Issues (Census),1,4308,1.3333333333333333,1.3333333333333333,1436,1436
13231,2016,Payment Months (Type 3),1,529215,1.3333333333333333,1.3333333333333333,176405,176405
13231,2016,All Issues (Census),1,529215,1.3333333333333333,1.3333333333333333,176405,176405
13231,2017,Payment Months (Type 3),1,,1.3333333333333333,1.3333333333333333,,
13231,2017,All Issues (Census),1,,1.3333333333333333,1.3333333333333333,,
13233,2012,Payment Months (Type 3),1,583779,1.3333333333333333,1.3333333333333333,194593,194593
13233,2012,All Issues (Census),1,583779,1.3333333333333333,1.3333333333333333,194593,194593
13233,2013,Payment Months (Type 3),1,,1.3333333333333333,1.3333333333333333,,
13233,2013,All Issues (Census),1,,1.3333333333333333,1.3333333333333333,,
13233,2017,Payment Months (Type 3),1,1538,1.3333333333333333,1.3333333333333333,512.67,512.67
13233,2017,All Issues (Census),1,1538,1.3333333333333333,1.3333333333333333,512.67,512.67
13235,2011,Payment Months (Type 3),1,10815,3,3,21630,21630
13235,2011,All Issues (Census),1,10815,3,3,21630,21630
13235,2012,Payment Months (Type 3),3,42694,1.25,1.6666666666666667,10673.5,28462.67
13235,2012,All Issues (Census),3,42694,1.25,1.6666666666666667,10673.5,28462.67
13235,2013,Payment Months (Type 3),2,,1.3333333333333333,1.6666666666666667,,
13235,2013,All Issues (Census),2,,1.3333333333333333,1.6666666666666667,,
13237,2011,Payment Months (Type 3),1,182425,3,3,364850,364850
13237,2011,All Issues (Census),1,182425,3,3,364850,364850
13237,2012,Payment Months (Type 3),3,712447,1.25,1.6666666666666667,178111.75,474964.67
13237,2012,All Issues (Census),3,712447,1.25,1.6666666666666667,178111.75,474964.67
13237,2013,Payment Months (Type 3),2,,1.3333333333333333,1.6666666666666667,,
13237,2013,All Issues (Census),2,,1.3333333333333333,1.6666666666666667,,
13237,2017,Payment Months (Type 3),1,,1.3333333333333333,1.3333333333333333,,
13237,2017,All Issues (Census),1,,1.3333333333333333,1.3333333333333333,,
13239,2011,Payment Months (Type 3),3,42882,1.5,3,21441,85764
13239,2011,All Issues (Census),3,42882,1.5,3,21441,85764
13239,2012,Payment Months (Type 3),3,238952.53,1.25,1.6666666666666667,59738.13,159301.69
13239,2012,All Issues (Census),3,238952.53,1.25,1.6666666666666667,59738.13,159301.69
13239,2013,Payment Months (Type 3),1,90513,1.3333333333333333,1.3333333333333333,30171,30171
13239,2013,All Issues (Census),1,90513,1.3333333333333333,1.3333333333333333,30171,30171
13241,2016,Payment Months (Type 3),1,46792,1.3333333333333333,1.3333333333333333,15597.33,15597.33
13241,2016,All Issues (Census),1,46792,1.3333333333333333,1.3333333333333333,15597.33,15597.33
13241,2017,Payment Months (Type 3),2,22899,1.3333333333333333,1.3333333333333333,7633,7633
13241,2017,All Issues (Census),2,22899,1.3333333333333333,1.3333333333333333,7633,7633
13243,2011,Payment Months (Type 3),3,150481,1.5,3,75240.5,300962
13243,2011,All Issues (Census),3,150481,1.5,3,75240.5,300962
13243,2012,Payment Months (Type 3),3,551909,1.25,1.6666666666666667,137977.25,367939.33
13243,2012,All Issues (Census),3,551909,1.25,1.6666666666666667,137977.25,367939.33
13243,2013,Payment Months (Type 3),2,246374,1.3333333333333333,1.6666666666666667,82124.67,164249.33
13243,2013,All Issues (Census),2,246374,1.3333333333333333,1.6666666666666667,82124.67,164249.33
13245,2011,Payment Months (Type 3),1,26664,3,3,53328,53328
13245,2011,All Issues (Census),1,26664,3,3,53328,53328
13245,2012,Payment Months (Type 3),3,79958,1.25,1.6666666666666667,19989.5,53305.33
13245,2012,All Issues (Census),3,79958,1.25,1.6666666666666667,19989.5,53305.33
13245,2013,Payment Months (Type 3),1,,1.3333333333333333,1.3333333333333333,,
13245,2013,All Issues (Census),1,,1.3333333333333333,1.3333333333333333,,
13247,2011,Payment Months (Type 3),2,2276,1.5,3,1138,4552
13247,2011,All Issues (Census),2,2276,1.5,3,1138,4552
13247,2012,Payment Months (Type 3),2,18219,1.3333333333333333,1.6666666666666667,6073,12146
13247,2012,All Issues (Census),2,18219,1.3333333333333333,1.6666666666666667,6073,12146
13247,2013,Payment Months (Type 3),1,,1.3333333333333333,1.3333333333333333,,
13247,2013,All Issues (Census),1,,1.3333333333333333,1.3333333333333333,,
13247,2016,Payment Months (Type 3),1,9674,1.3333333333333333,1.3333333333333333,3224.67,3224.67
13247,2016,All Issues (Census),1,9674,1.3333333333333333,1.3333333333333333,3224.67,3224.67
13249,2011,Payment Months (Type 3),1,27056,3,3,54112,54112
13249,2011,All Issues (Census),1,27056,3,3,54112,54112
13249,2012,Payment Months (Type 3),2,145058,1.3333333333333333,1.6666666666666667,48352.67,96705.33
13249,2012,All Issues (Census),2,145058,1.3333333333333333,1.6666666666666667,48352.67,96705.33
13249,2013,Payment Months (Type 3),2,13749,1.3333333333333333,1.6666666666666667,4583,9166
13249,2013,All Issues (Census),2,13749,1.3333333333333333,1.6666666666666667,4583,9166
13251,2011,Payment Months (Type 3),1,123983,3,3,247966,247966
13251,2011,All Issues (Census),1,123983,3,3,247966,247966
13251,2012,Payment Months (Type 3),2,634518,1.25,1.6666666666666667,158629.5,423012
13251,2012,All Issues (Census),2,634518,1.25,1.6666666666666667,158629.5,423012
13251,2013,Payment Months (Type 3),1,79903,1.3333333333333333,1.3333333333333333,26634.33,26634.33
13251,2013,All Issues (Census),1,79903,1.3333333333333333,1.3333333333333333,26634.33,26634.33
13253,2011,Payment Months (Type 3),3,67221,1.5,3,33610.5,134442
13253,2011,All Issues (Census),3,67221,1.5,3,33610.5,134442
13253,2012,Payment Months (Type 3),2,565101,1.25,1.3333333333333333,141275.25,188367
13253,2012,All Issues (Census),2,565101,1.25,1.3333333333333333,141275.25,188367
13253,2013,Payment Months (Type 3),1,53276,1.3333333333333333,1.3333333333333333,17758.67,17758.67
13253,2013,All Issues (Census),1,53276,1.3333333333333333,1.3333333333333333,17758.67,17758.67
13255,2011,Payment Months (Type 3),1,50372,3,3,100744,100744
13255,2011,All Issues (Census),1,50372,3,3,100744,100744
13255,2012,Payment Months (Type 3),2,211363,1.3333333333333333,1.6666666666666667,70454.33,140908.67
13255,2012,All Issues (Census),2,211363,1.3333333333333333,1.6666666666666667,70454.33,140908.67
13255,2013,Payment Months (Type 3),1,,1.3333333333333333,1.3333333333333333,,
13255,2013,All Issues (Census),1,,1.3333333333333333,1.3333333333333333,,
13255,2016,Payment Months (Type 3),1,142754,1.3333333333333333,1.3333333333333333,47584.67,47584.67
13255,2016,All Issues (Census),1,142754,1.3333333333333333,1.3333333333333333,47584.67,47584.67
13255,2017,Payment Months (Type 3),1,,1.3333333333333333,1.3333333333333333,,
13255,2017,All Issues (Census),1,,1.3333333333333333,1.3333333333333333,,
13257,2011,Payment Months (Type 3),1,58998,3,3,117996,117996
13257,2011,All Issues (Census),1,58998,3,3,117996,117996
13257,2016,Payment Months (Type 3),1,267748,1.3333333333333333,1.3333333333333333,89249.33,89249.33
13257,2016,All Issues (Census),1,267748,1.3333333333333333,1.3333333333333333,89249.33,89249.33
13257,2017,Payment Months (Type 3),2,205731,1.3333333333333333,1.3333333333333333,68577,68577
13257,2017,All Issues (Census),2,205731,1.3333333333333333,1.3333333333333333,68577,68577
13259,2011,Payment Months (Type 3),3,64376,1.5,3,32188,128752
13259,2011,All Issues (Census),3,64376,1.5,3,32188,128752
13259,2012,Payment Months (Type 3),3,158013,1.25,1.6666666666666667,39503.25,105342
13259,2012,All Issues (Census),3,158013,1.25,1.6666666666666667,39503.25,105342
13259,2013,Payment Months (Type 3),1,31113,1.3333333333333333,1.3333333333333333,10371,10371
13259,2013,All Issues (Census),1,31113,1.3333333333333333,1.3333333333333333,10371,10371
13261,2011,Payment Months (Type 3),1,95078,3,3,190156,190156
13261,2011,All Issues (Census),1,95078,3,3,190156,190156
13261,2012,Payment Months (Type 3),3,730587,1.25,1.6666666666666667,182646.75,487058
13261,2012,All Issues (Census),3,730587,1.25,1.6666666666666667,182646.75,487058
13261,2013,Payment Months (Type 3),2,233395,1.3333333333333333,1.6666666666666667,77798.33,155596.67
13261,2013,All Issues (Census),2,233395,1.3333333333333333,1.6666666666666667,77798.33,155596.67
13263,2011,Payment Months (Type 3),1,95451,3,3,190902,190902
13263,2011,All Issues (Census),1,95451,3,3,190902,190902
13263,2012,Payment Months (Type 3),3,323822,1.25,1.3333333333333333,80955.5,107940.67
13263,2012,All Issues (Census),3,323822,1.25,1.3333333333333333,80955.5,107940.67
13263,2013,Payment Months (Type 3),2,,1.3333333333333333,1.6666666666666667,,
13263,2013,All Issues (Census),2,,1.3333333333333333,1.6666666666666667,,
13263,2017,Payment Months (Type 3),1,,1.3333333333333333,1.3333333333333333,,
13263,2017,All Issues (Census),1,,1.3333333333333333,1.3333333333333333,,
13265,2011,Payment Months (Type 3),1,225152,3,3,450304,450304
13265,2011,All Issues (Census),1,225152,3,3,450304,450304
13265,2012,Payment Months (Type 3),2,575353,1.3333333333333333,1.6666666666666667,191784.33,383568.67
13265,2012,All Issues (Census),2,575353,1.3333333333333333,1.6666666666666667,191784.33,383568.67
13265,2013,Payment Months (Type 3),2,,1.3333333333333333,1.6666666666666667,,
13265,2013,All Issues (Census),2,,1.3333333333333333,1.6666666666666667,,
13265,2017,Payment Months (Type 3),1,,1.3333333333333333,1.3333333333333333,,
13265,2017,All Issues (Census),1,,1.3333333333333333,1.3333333333333333,,
13267,2011,Payment Months (Type 3),3,119328.47,1.5,3,59664.24,238656.94
13267,2011,All Issues (Census),3,119328.47,1.5,3,59664.24,238656.94
13267,2012,Payment Months (Type 3),2,575060,1.25,1.6666666666666667,143765,383373.33
13267,2012,All Issues (Census),2,575060,1.25,1.6666666666666667,143765,383373.33
13269,2011,Payment Months (Type 3),1,81268,3,3,162536,162536
13269,2011,All Issues (Census),1,81268,3,3,162536,162536
13269,2012,Payment Months (Type 3),3,330301,1.25,1.6666666666666667,82575.25,220200.67
13269,2012,All Issues (Census),3,330301,1.25,1.6666666666666667,82575.25,220200.67
13269,2013,Payment Months (Type 3),2,44904,1.3333333333333333,1.6666666666666667,14968,29936
13269,2013,All Issues (Census),2,44904,1.3333333333333333,1.6666666666666667,14968,29936
13269,2017,Payment Months (Type 3),1,2699,1.3333333333333333,1.3333333333333333,899.67,899.67
13269,2017,All Issues (Census),1,2699,1.3333333333333333,1.3333333333333333,899.67,899.67
13271,2011,Payment Months (Type 3),3,135108,1.5,3,67554,270216
13271,2011,All Issues (Census),3,135108,1.5,3,67554,270216
13271,2012,Payment Months (Type 3),3,576756,1.25,1.6666666666666667,144189,384504
13271,2012,All Issues (Census),3,576756,1.25,1.6666666666666667,144189,384504
13273,2011,Payment Months (Type 3),3,41900,1.5,3,20950,83800
13273,2011,All Issues (Census),3,41900,1.5,3,20950,83800
13273,2012,Payment Months (Type 3),3,179517,1.25,1.6666666666666667,44879.25,119678
13273,2012,All Issues (Census),3,179517,1.25,1.6666666666666667,44879.25,119678
13273,2013,Payment Months (Type 3),2,15567,1.3333333333333333,1.6666666666666667,5189,10378
13273,2013,All Issues (Census),2,15567,1.3333333333333333,1.6666666666666667,5189,10378
13275,2011,Payment Months (Type 3),1,80855,3,3,161710,161710
13275,2011,All Issues (Census),1,80855,3,3,161710,161710
13275,2012,Payment Months (Type 3),3,698027,1.25,1.3333333333333333,174506.75,232675.67
13275,2012,All Issues (Census),3,698027,1.25,1.3333333333333333,174506.75,232675.67
13275,2013,Payment Months (Type 3),1,,1.3333333333333333,1.3333333333333333,,
13275,2013,All Issues (Census),1,,1.3333333333333333,1.3333333333333333,,
13277,2011,Payment Months (Type 3),3,94917,1.5,3,47458.5,189834
13277,2011,All Issues (Census),3,94917,1.5,3,47458.5,189834
13277,2012,Payment Months (Type 3),3,636228,1.25,1.6666666666666667,159057,424152
13277,2012,All Issues (Census),3,636228,1.25,1.6666666666666667,159057,424152
13279,2011,Payment Months (Type 3),3,56370,1.5,3,28185,112740
13279,2011,All Issues (Census),3,56370,1.5,3,28185,112740
13279,2012,Payment Months (Type 3),2,379459,1.25,1.6666666666666667,94864.75,252972.67
13279,2012,All Issues (Census),2,379459,1.25,1.6666666666666667,94864.75,252972.67
13281,2016,Threshold (Type 2),2,87723,1.25,1.25,21930.75,21930.75
13281,2017,Payment Months (Type 3),2,76554,1.3333333333333333,1.3333333333333333,25518,25518
13281,2017,All Issues (Census),2,76554,1.3333333333333333,1.3333333333333333,25518,25518
13283,2011,Payment Months (Type 3),1,14779,3,3,29558,29558
13283,2011,All Issues (Census),1,14779,3,3,29558,29558
13283,2012,Payment Months (Type 3),3,120103,1.25,1.6666666666666667,30025.75,80068.67
13283,2012,All Issues (Census),3,120103,1.25,1.6666666666666667,30025.75,80068.67
13285,2011,Payment Months (Type 3),3,105385,1.5,3,52692.5,210770
13285,2011,All Issues (Census),3,105385,1.5,3,52692.5,210770
13285,2012,Payment Months (Type 3),2,498024,1.3333333333333333,1.6666666666666667,166008,332016
13285,2012,All Issues (Census),2,498024,1.3333333333333333,1.6666666666666667,166008,332016
13285,2013,Payment Months (Type 3),1,,1.3333333333333333,1.3333333333333333,,
13285,2013,All Issues (Census),1,,1.3333333333333333,1.3333333333333333,,
13285,2016,Payment Months (Type 3),1,396921,1.3333333333333333,1.3333333333333333,132307,132307
13285,2016,All Issues (Census),1,396921,1.3333333333333333,1.3333333333333333,132307,132307
13285,2017,Payment Months (Type 3),1,,1.3333333333333333,1.3333333333333333,,
13285,2017,All Issues (Census),1,,1.3333333333333333,1.3333333333333333,,
13287,2011,Payment Months (Type 3),1,172781,3,3,345562,345562
13287,2011,All Issues (Census),1,172781,3,3,345562,345562
13287,2012,Payment Months (Type 3),3,1219803,1.25,1.6666666666666667,304950.75,813202
13287,2012,All Issues (Census),3,1219803,1.25,1.6666666666666667,304950.75,813202
13289,2011,Payment Months (Type 3),1,66372,3,3,132744,132744
13289,2011,All Issues (Census),1,66372,3,3,132744,132744
13289,2012,Payment Months (Type 3),3,206755,1.25,1.6666666666666667,51688.75,137836.67
13289,2012,All Issues (Census),3,206755,1.25,1.6666666666666667,51688.75,137836.67
13289,2013,Payment Months (Type 3),2,,1.3333333333333333,1.6666666666666667,,
13289,2013,All Issues (Census),2,,1.3333333333333333,1.6666666666666667,,
13289,2017,Payment Months (Type 3),1,,1.3333333333333333,1.3333333333333333,,
13289,2017,All Issues (Census),1,,1.3333333333333333,1.3333333333333333,,
13291,2017,Payment Months (Type 3),2,179710,1.3333333333333333,1.3333333333333333,59903.33,59903.33
13291,2017,All Issues (Census),2,179710,1.3333333333333333,1.3333333333333333,59903.33,59903.33
13293,2011,Payment Months (Type 3),1,164337,3,3,328674,328674
13293,2011,All Issues (Census),1,164337,3,3,328674,328674
13293,2012,Payment Months (Type 3),3,531616,1.25,1.3333333333333333,132904,177205.33
13293,2012,All Issues (Census),3,531616,1.25,1.3333333333333333,132904,177205.33
13293,2013,Payment Months (Type 3),2,68800,1.3333333333333333,1.6666666666666667,22933.33,45866.67
13293,2013,All Issues (Census),2,68800,1.3333333333333333,1.6666666666666667,22933.33,45866.67
13293,2016,Payment Months (Type 3),1,271214,1.3333333333333333,1.3333333333333333,90404.67,90404.67
13293,2016,All Issues (Census),1,271214,1.3333333333333333,1.3333333333333333,90404.67,90404.67
13293,2017,Payment Months (Type 3),1,40660,1.3333333333333333,1.3333333333333333,13553.33,13553.33
13293,2017,All Issues (Census),1,40660,1.3333333333333333,1.3333333333333333,13553.33,13553.33
13295,2016,Payment Months (Type 3),1,1160379,1.3333333333333333,1.3333333333333333,386793,386793
13295,2016,All Issues (Census),1,1160379,1.3333333333333333,1.3333333333333333,386793,386793
13295,2017,Payment Months (Type 3),2,330345,1.3333333333333333,1.3333333333333333,110115,110115
13295,2017,All Issues (Census),2,330345,1.3333333333333333,1.3333333333333333,110115,110115
13297,2011,Payment Months (Type 3),2,240872,1.5,3,120436,481744
13297,2011,All Issues (Census),2,240872,1.5,3,120436,481744
13297,2012,Payment Months (Type 3),2,876672,1.3333333333333333,1.6666666666666667,292224,584448
13297,2012,All Issues (Census),2,876672,1.3333333333333333,1.6666666666666667,292224,584448
13297,2016,Threshold (Type 2),2,444557,1.25,1.25,111139.25,111139.25
13297,2016,All Issues (Census),2,444557,1.25,1.25,111139.25,111139.25
13297,2017,Payment Months (Type 3),1,,1.3333333333333333,1.3333333333333333,,
13297,2017,All Issues (Census),1,,1.3333333333333333,1.3333333333333333,,
13299,2011,Payment Months (Type 3),3,10177,1.5,3,5088.5,20354
13299,2011,All Issues (Census),3,10177,1.5,3,5088.5,20354
13299,2012,Payment Months (Type 3),2,38090,1.25,1.6666666666666667,9522.5,25393.33
13299,2012,All Issues (Census),2,38090,1.25,1.6666666666666667,9522.5,25393.33
13301,2011,Payment Months (Type 3),1,159182,3,3,318364,318364
13301,2011,All Issues (Census),1,159182,3,3,318364,318364
13301,2012,Payment Months (Type 3),2,599517,1.3333333333333333,1.6666666666666667,199839,399678
13301,2012,All Issues (Census),2,599517,1.3333333333333333,1.6666666666666667,199839,399678
13301,2013,Payment Months (Type 3),2,,1.3333333333333333,1.6666666666666667,,
13301,2013,All Issues (Census),2,,1.3333333333333333,1.6666666666666667,,
13301,2017,Payment Months (Type 3),1,,1.3333333333333333,1.3333333333333333,,
13301,2017,All Issues (Census),1,,1.3333333333333333,1.3333333333333333,,
13303,2011,Payment Months (Type 3),1,115981,3,3,231962,231962
13303,2011,All Issues (Census),1,115981,3,3,231962,231962
13303,2012,Payment Months (Type 3),3,722586,1.25,1.6666666666666667,180646.5,481724
13303,2012,All Issues (Census),3,722586,1.25,1.6666666666666667,180646.5,481724
13303,2013,Payment Months (Type 3),2,,1.3333333333333333,1.6666666666666667,,
13303,2013,All Issues (Census),2,,1.3333333333333333,1.6666666666666667,,
13305,2011,Payment Months (Type 3),3,156487,1.5,3,78243.5,312974
13305,2011,All Issues (Census),3,156487,1.5,3,78243.5,312974
13305,2012,Payment Months (Type 3),2,340983,1.25,1.6666666666666667,85245.75,227322
13305,2012,All Issues (Census),2,340983,1.25,1.6666666666666667,85245.75,227322
13307,2011,Payment Months (Type 3),3,119495,1.5,3,59747.5,238990
13307,2011,All Issues (Census),3,119495,1.5,3,59747.5,238990
13307,2012,Payment Months (Type 3),3,313812,1.25,1.6666666666666667,78453,209208
13307,2012,All Issues (Census),3,313812,1.25,1.6666666666666667,78453,209208
13307,2013,Payment Months (Type 3),2,211114,1.3333333333333333,1.6666666666666667,70371.33,140742.67
13307,2013,All Issues (Census),2,211114,1.3333333333333333,1.6666666666666667,70371.33,140742.67
13309,2011,Payment Months (Type 3),3,23538,1.5,3,11769,47076
13309,2011,All Issues (Census),3,23538,1.5,3,11769,47076
13309,2012,Payment Months (Type 3),3,116680,1.25,1.6666666666666667,29170,77786.67
13309,2012,All Issues (Census),3,116680,1.25,1.6666666666666667,29170,77786.67
13311,2016,Payment Months (Type 3),1,219705,1.3333333333333333,1.3333333333333333,73235,73235
13311,2016,All Issues (Census),1,219705,1.3333333333333333,1.3333333333333333,73235,73235
13311,2017,Payment Months (Type 3),2,171430,1.3333333333333333,1.3333333333333333,57143.33,57143.33
13311,2017,All Issues (Census),2,171430,1.3333333333333333,1.3333333333333333,57143.33,57143.33
13313,2016,Payment Months (Type 3),1,660835,1.3333333333333333,1.3333333333333333,220278.33,220278.33
13313,2016,All Issues (Census),1,660835,1.3333333333333333,1.3333333333333333,220278.33,220278.33
13313,2017,Payment Months (Type 3),2,420924,1.3333333333333333,1.3333333333333333,140308,140308
13313,2017,All Issues (Census),2,420924,1.3333333333333333,1.3333333333333333,140308,140308
13315,2011,Payment Months (Type 3),1,145782,3,3,291564,291564
13315,2011,All Issues (Census),1,145782,3,3,291564,291564
13315,2012,Payment Months (Type 3),3,718188,1.25,1.6666666666666667,179547,478792
13315,2012,All Issues (Census),3,718188,1.25,1.6666666666666667,179547,478792
13315,2013,Payment Months (Type 3),2,331461,1.3333333333333333,1.3333333333333333,110487,110487
13315,2013,All Issues (Census),2,331461,1.3333333333333333,1.3333333333333333,110487,110487
13317,2011,Payment Months (Type 3),1,1067401,3,3,2134802,2134802
13317,2011,All Issues (Census),1,1067401,3,3,2134802,2134802
13317,2012,Payment Months (Type 3),2,2250462,1.3333333333333333,1.6666666666666667,750154,1500308
13317,2012,All Issues (Census),2,2250462,1.3333333333333333,1.6666666666666667,750154,1500308
13317,2013,Payment Months (Type 3),2,,1.3333333333333333,1.6666666666666667,,
13317,2013,All Issues (Census),2,,1.3333333333333333,1.6666666666666667,,
13317,2017,Payment Months (Type 3),1,,1.3333333333333333,1.3333333333333333,,
13317,2017,All Issues (Census),1,,1.3333333333333333,1.3333333333333333,,
13319,2011,Payment Months (Type 3),1,26963,3,3,53926,53926
13319,2011,All Issues (Census),1,26963,3,3,53926,53926
13319,2012,Payment Months (Type 3),3,140692,1.25,1.6666666666666667,35173,93794.67
13319,2012,All Issues (Census),3,140692,1.25,1.6666666666666667,35173,93794.67
13319,2013,Payment Months (Type 3),2,22137,1.3333333333333333,1.6666666666666667,7379,14758
13319,2013,All Issues (Census),2,22137,1.3333333333333333,1.6666666666666667,7379,14758
13319,2017,Payment Months (Type 3),1,,1.3333333333333333,1.3333333333333333,,
13319,2017,All Issues (Census),1,,1.3333333333333333,1.3333333333333333,,
13321,2011,Payment Months (Type 3),1,197017,3,3,394034,394034
13321,2011,All Issues (Census),1,197017,3,3,394034,394034
13321,2012,Payment Months (Type 3),3,1013351,1.25,1.6666666666666667,253337.75,675567.33
13321,2012,All Issues (Census),3,1013351,1.25,1.6666666666666667,253337.75,675567.33
15007,2010,Payment Months (Type 3),2,469075.53,1.5,1.5,234537.77,234537.77
15007,2010,All Issues (Census),2,469075.53,1.5,1.5,234537.77,234537.77
15009,2011,Payment Months (Type 3),2,510806,3,3,1021612,1021612
15009,2011,All Issues (Census),2,510806,3,3,1021612,1021612
16045,2015,Threshold (Type 2),2,157390,4,4,472170,472170
16049,2015,Payment Months (Type 3),1,1665054,1.3333333333333333,1.3333333333333333,555018,555018
16049,2015,All Issues (Census),1,1665054,1.3333333333333333,1.3333333333333333,555018,555018
16049,2021,Payment Months (Type 3),1,2204798,1.6666666666666667,1.6666666666666667,1469865.33,1469865.33
16049,2021,All Issues (Census),1,2204798,1.6666666666666667,1.6666666666666667,1469865.33,1469865.33
16049,2025,Payment Months (Type 3),1,,1.3333333333333333,1.3333333333333333,,
16049,2025,All Issues (Census),1,,1.3333333333333333,1.3333333333333333,,
16059,2015,Payment Months (Type 3),2,555064,4,4,1665192,1665192
16059,2015,All Issues (Census),2,555064,4,4,1665192,1665192
16059,2022,Payment Months (Type 3),2,1618945,4,4,4856835,4856835
16059,2022,All Issues (Census),2,1618945,4,4,4856835,4856835
16059,2025,Payment Months (Type 3),2,,0.25,0.25,,
16059,2025,All Issues (Census),2,,0.25,0.25,,
16069,2021,Payment Months (Type 3),1,973570,1.3333333333333333,1.3333333333333333,324523.33,324523.33
16069,2021,All Issues (Census),1,973570,1.3333333333333333,1.3333333333333333,324523.33,324523.33
16087,2018,Threshold (Type 2),2,263774,4,4,791322,791322
16087,2018,All Issues (Census),2,263774,4,4,791322,791322
16087,2019,Threshold (Type 2),2,751,3,3,1502,1502
16087,2019,All Issues (Census),2,751,3,3,1502,1502
17001,2023,Payment Months (Type 3),1,1178187,1.3333333333333333,1.3333333333333333,392729,392729
17001,2023,All Issues (Census),1,1178187,1.3333333333333333,1.3333333333333333,392729,392729
17007,2021,Payment Months (Type 3),1,,1.5,1.5,,
17007,2021,All Issues (Census),1,,1.5,1.5,,
17097,2021,Payment Months (Type 3),1,,1.5,1.5,,
17097,2021,All Issues (Census),1,,1.5,1.5,,
17109,2023,Threshold (Type 2),2,97287,3,3,194574,194574
17111,2021,Payment Months (Type 3),1,169,1.5,1.5,84.5,84.5
17111,2021,All Issues (Census),1,169,1.5,1.5,84.5,84.5
17149,2023,Payment Months (Type 3),1,601610,1.3333333333333333,1.3333333333333333,200536.67,200536.67
17149,2023,All Issues (Census),1,601610,1.3333333333333333,1.3333333333333333,200536.67,200536.67
17177,2023,Payment Months (Type 3),1,88315,1.5,1.5,44157.5,44157.5
17177,2023,All Issues (Census),1,88315,1.5,1.5,44157.5,44157.5
17201,2023,Payment Months (Type 3),1,17455,1.5,1.5,8727.5,8727.5
17201,2023,All Issues (Census),1,17455,1.5,1.5,8727.5,8727.5
18003,2012,Payment Months (Type 3),1,85972,1.3333333333333333,1.3333333333333333,28657.33,28657.33
18003,2012,All Issues (Census),1,85972,1.3333333333333333,1.3333333333333333,28657.33,28657.33
18005,2012,Payment Months (Type 3),1,264544,1.3333333333333333,1.3333333333333333,88181.33,88181.33
18005,2012,All Issues (Census),1,264544,1.3333333333333333,1.3333333333333333,88181.33,88181.33
18009,2012,Payment Months (Type 3),1,43640,1.3333333333333333,1.3333333333333333,14546.67,14546.67
18009,2012,All Issues (Census),1,43640,1.3333333333333333,1.3333333333333333,14546.67,14546.67
18011,2012,Payment Months (Type 3),1,155293,1.3333333333333333,1.3333333333333333,51764.33,51764.33
18011,2012,All Issues (Census),1,155293,1.3333333333333333,1.3333333333333333,51764.33,51764.33
18013,2012,Payment Months (Type 3),1,64121,1.3333333333333333,1.3333333333333333,21373.67,21373.67
18013,2012,All Issues (Census),1,64121,1.3333333333333333,1.3333333333333333,21373.67,21373.67
18015,2012,Payment Months (Type 3),1,158524,1.3333333333333333,1.3333333333333333,52841.33,52841.33
18015,2012,All Issues (Census),1,158524,1.3333333333333333,1.3333333333333333,52841.33,52841.33
18017,2012,Payment Months (Type 3),1,381970,1.3333333333333333,1.3333333333333333,127323.33,127323.33
18017,2012,All Issues (Census),1,381970,1.3333333333333333,1.3333333333333333,127323.33,127323.33
18021,2012,Payment Months (Type 3),1,297642,1.6666666666666667,1.6666666666666667,198428,198428
18021,2012,All Issues (Census),1,297642,1.6666666666666667,1.6666666666666667,198428,198428
18023,2012,Payment Months (Type 3),1,90139,1.3333333333333333,1.3333333333333333,30046.33,30046.33
18023,2012,All Issues (Census),1,90139,1.3333333333333333,1.3333333333333333,30046.33,30046.33
18025,2012,Payment Months (Type 3),1,479355,1.3333333333333333,1.3333333333333333,159785,159785
18025,2012,All Issues (Census),1,479355,1.3333333333333333,1.3333333333333333,159785,159785
18027,2012,Payment Months (Type 3),1,464940,1.6666666666666667,1.6666666666666667,309960,309960
18027,2012,All Issues (Census),1,464940,1.6666666666666667,1.6666666666666667,309960,309960
18029,2012,Payment Months (Type 3),1,350070,1.3333333333333333,1.3333333333333333,116690,116690
18029,2012,All Issues (Census),1,350070,1.3333333333333333,1.3333333333333333,116690,116690
18031,2012,Payment Months (Type 3),1,309643,1.3333333333333333,1.3333333333333333,103214.33,103214.33
18031,2012,All Issues (Census),1,309643,1.3333333333333333,1.3333333333333333,103214.33,103214.33
18033,2012,Payment Months (Type 3),1,70755,1.3333333333333333,1.3333333333333333,23585,23585
18033,2012,All Issues (Census),1,70755,1.3333333333333333,1.3333333333333333,23585,23585
18035,2012,Payment Months (Type 3),1,161040,1.3333333333333333,1.3333333333333333,53680,53680
18035,2012,All Issues (Census),1,161040,1.3333333333333333,1.3333333333333333,53680,53680
18037,2012,Payment Months (Type 3),1,1552791,1.6666666666666667,1.6666666666666667,1035194,1035194
18037,2012,All Issues (Census),1,1552791,1.6666666666666667,1.6666666666666667,1035194,1035194
18039,2012,Payment Months (Type 3),1,32333,1.3333333333333333,1.3333333333333333,10777.67,10777.67
18039,2012,All Issues (Census),1,32333,1.3333333333333333,1.3333333333333333,10777.67,10777.67
18041,2012,Payment Months (Type 3),1,499722,1.3333333333333333,1.3333333333333333,166574,166574
18041,2012,All Issues (Census),1,499722,1.3333333333333333,1.3333333333333333,166574,166574
18045,2012,Payment Months (Type 3),1,785408,1.3333333333333333,1.3333333333333333,261802.67,261802.67
18045,2012,All Issues (Census),1,785408,1.3333333333333333,1.3333333333333333,261802.67,261802.67
18047,2012,Payment Months (Type 3),1,730770,1.3333333333333333,1.3333333333333333,243590,243590
18047,2012,All Issues (Census),1,730770,1.3333333333333333,1.3333333333333333,243590,243590
18049,2012,Payment Months (Type 3),1,227072,1.3333333333333333,1.3333333333333333,75690.67,75690.67
18049,2012,All Issues (Census),1,227072,1.3333333333333333,1.3333333333333333,75690.67,75690.67
18051,2012,Payment Months (Type 3),1,202541,1.6666666666666667,1.6666666666666667,135027.33,135027.33
18051,2012,All Issues (Census),1,202541,1.6666666666666667,1.6666666666666667,135027.33,135027.33
18053,2012,Payment Months (Type 3),1,42981,1.3333333333333333,1.3333333333333333,14327,14327
18053,2012,All Issues (Census),1,42981,1.3333333333333333,1.3333333333333333,14327,14327
18055,2012,Payment Months (Type 3),1,1239595,1.6666666666666667,1.6666666666666667,826396.67,826396.67
18055,2012,All Issues (Census),1,1239595,1.6666666666666667,1.6666666666666667,826396.67,826396.67
18057,2012,Payment Months (Type 3),1,34714,1.3333333333333333,1.3333333333333333,11571.33,11571.33
18057,2012,All Issues (Census),1,34714,1.3333333333333333,1.3333333333333333,11571.33,11571.33
18059,2012,Payment Months (Type 3),1,159346,1.3333333333333333,1.3333333333333333,53115.33,53115.33
18059,2012,All Issues (Census),1,159346,1.3333333333333333,1.3333333333333333,53115.33,53115.33
18063,2012,Payment Months (Type 3),1,251234,1.3333333333333333,1.3333333333333333,83744.67,83744.67
18063,2012,All Issues (Census),1,251234,1.3333333333333333,1.3333333333333333,83744.67,83744.67
18065,2012,Payment Months (Type 3),1,388307,1.3333333333333333,1.3333333333333333,129435.67,129435.67
18065,2012,All Issues (Census),1,388307,1.3333333333333333,1.3333333333333333,129435.67,129435.67
18067,2012,Payment Months (Type 3),1,48792,1.3333333333333333,1.3333333333333333,16264,16264
18067,2012,All Issues (Census),1,48792,1.3333333333333333,1.3333333333333333,16264,16264
18069,2012,Payment Months (Type 3),1,118636,1.3333333333333333,1.3333333333333333,39545.33,39545.33
18069,2012,All Issues (Census),1,118636,1.3333333333333333,1.3333333333333333,39545.33,39545.33
18071,2012,Payment Months (Type 3),1,799807,1.3333333333333333,1.3333333333333333,266602.33,266602.33
18071,2012,All Issues (Census),1,799807,1.3333333333333333,1.3333333333333333,266602.33,266602.33
18079,2012,Payment Months (Type 3),1,473131,1.3333333333333333,1.3333333333333333,157710.33,157710.33
18079,2012,All Issues (Census),1,473131,1.3333333333333333,1.3333333333333333,157710.33,157710.33
18081,2012,Payment Months (Type 3),1,160406,1.3333333333333333,1.3333333333333333,53468.67,53468.67
18081,2012,All Issues (Census),1,160406,1.3333333333333333,1.3333333333333333,53468.67,53468.67
18083,2012,Payment Months (Type 3),1,285646,1.6666666666666667,1.6666666666666667,190430.67,190430.67
18083,2012,All Issues (Census),1,285646,1.6666666666666667,1.6666666666666667,190430.67,190430.67
18085,2012,Payment Months (Type 3),1,307756,1.3333333333333333,1.3333333333333333,102585.33,102585.33
18085,2012,All Issues (Census),1,307756,1.3333333333333333,1.3333333333333333,102585.33,102585.33
18087,2012,Payment Months (Type 3),1,38221,1.3333333333333333,1.3333333333333333,12740.33,12740.33
18087,2012,All Issues (Census),1,38221,1.3333333333333333,1.3333333333333333,12740.33,12740.33
18093,2012,Payment Months (Type 3),1,2260857,1.6666666666666667,1.6666666666666667,1507238,1507238
18093,2012,All Issues (Census),1,2260857,1.6666666666666667,1.6666666666666667,1507238,1507238
18095,2012,Payment Months (Type 3),1,133268,1.3333333333333333,1.3333333333333333,44422.67,44422.67
18095,2012,All Issues (Census),1,133268,1.3333333333333333,1.3333333333333333,44422.67,44422.67
18097,2012,Payment Months (Type 3),1,8910,1.3333333333333333,1.3333333333333333,2970,2970
18097,2012,All Issues (Census),1,8910,1.3333333333333333,1.3333333333333333,2970,2970
18099,2012,Payment Months (Type 3),1,260566,1.3333333333333333,1.3333333333333333,86855.33,86855.33
18099,2012,All Issues (Census),1,260566,1.3333333333333333,1.3333333333333333,86855.33,86855.33
18101,2012,Payment Months (Type 3),1,247568,1.6666666666666667,1.6666666666666667,165045.33,165045.33
18101,2012,All Issues (Census),1,247568,1.6666666666666667,1.6666666666666667,165045.33,165045.33
18103,2012,Payment Months (Type 3),1,201757,1.3333333333333333,1.3333333333333333,67252.33,67252.33
18103,2012,All Issues (Census),1,201757,1.3333333333333333,1.3333333333333333,67252.33,67252.33
18105,2012,Payment Months (Type 3),1,586985,1.6666666666666667,1.6666666666666667,391323.33,391323.33
18105,2012,All Issues (Census),1,586985,1.6666666666666667,1.6666666666666667,391323.33,391323.33
18107,2012,Payment Months (Type 3),1,372733,1.3333333333333333,1.3333333333333333,124244.33,124244.33
18107,2012,All Issues (Census),1,372733,1.3333333333333333,1.3333333333333333,124244.33,124244.33
18109,2012,Payment Months (Type 3),1,415881,1.3333333333333333,1.3333333333333333,138627,138627
18109,2012,All Issues (Census),1,415881,1.3333333333333333,1.3333333333333333,138627,138627
18113,2012,Payment Months (Type 3),1,401298,1.3333333333333333,1.3333333333333333,133766,133766
18113,2012,All Issues (Census),1,401298,1.3333333333333333,1.3333333333333333,133766,133766
18117,2012,Payment Months (Type 3),1,1039256,1.6666666666666667,1.6666666666666667,692837.33,692837.33
18117,2012,All Issues (Census),1,1039256,1.6666666666666667,1.6666666666666667,692837.33,692837.33
18119,2012,Payment Months (Type 3),1,574937,1.6666666666666667,1.6666666666666667,383291.33,383291.33
18119,2012,All Issues (Census),1,574937,1.6666666666666667,1.6666666666666667,383291.33,383291.33
18121,2012,Payment Months (Type 3),1,612054,1.6666666666666667,1.6666666666666667,408036,408036
18121,2012,All Issues (Census),1,612054,1.6666666666666667,1.6666666666666667,408036,408036
18123,2012,Payment Months (Type 3),1,652054,1.3333333333333333,1.3333333333333333,217351.33,217351.33
18123,2012,All Issues (Census),1,652054,1.3333333333333333,1.3333333333333333,217351.33,217351.33
18125,2012,Payment Months (Type 3),1,203173,1.6666666666666667,1.6666666666666667,135448.67,135448.67
18125,2012,All Issues (Census),1,203173,1.6666666666666667,1.6666666666666667,135448.67,135448.67
18129,2012,Payment Months (Type 3),1,84019,1.6666666666666667,1.6666666666666667,56012.67,56012.67
18129,2012,All Issues (Census),1,84019,1.6666666666666667,1.6666666666666667,56012.67,56012.67
18131,2012,Payment Months (Type 3),1,75024,1.3333333333333333,1.3333333333333333,25008,25008
18131,2012,All Issues (Census),1,75024,1.3333333333333333,1.3333333333333333,25008,25008
18133,2012,Payment Months (Type 3),1,851798.14,1.6666666666666667,1.6666666666666667,567865.43,567865.43
18133,2012,All Issues (Census),1,851798.14,1.6666666666666667,1.6666666666666667,567865.43,567865.43
18137,2012,Payment Months (Type 3),1,689285,1.3333333333333333,1.3333333333333333,229761.67,229761.67
18137,2012,All Issues (Census),1,689285,1.3333333333333333,1.3333333333333333,229761.67,229761.67
18139,2012,Payment Months (Type 3),1,454564,1.3333333333333333,1.3333333333333333,151521.33,151521.33
18139,2012,All Issues (Census),1,454564,1.3333333333333333,1.3333333333333333,151521.33,151521.33
18141,2012,Payment Months (Type 3),1,41652,1.3333333333333333,1.3333333333333333,13884,13884
18141,2012,All Issues (Census),1,41652,1.3333333333333333,1.3333333333333333,13884,13884
18145,2012,Payment Months (Type 3),1,164885,1.3333333333333333,1.3333333333333333,54961.67,54961.67
18145,2012,All Issues (Census),1,164885,1.3333333333333333,1.3333333333333333,54961.67,54961.67
18147,2012,Payment Months (Type 3),1,987886,1.6666666666666667,1.6666666666666667,658590.67,658590.67
18147,2012,All Issues (Census),1,987886,1.6666666666666667,1.6666666666666667,658590.67,658590.67
18151,2012,Payment Months (Type 3),1,100470,1.3333333333333333,1.3333333333333333,33490,33490
18151,2012,All Issues (Census),1,100470,1.3333333333333333,1.3333333333333333,33490,33490
18153,2012,Payment Months (Type 3),1,312522,1.6666666666666667,1.6666666666666667,208348,208348
18153,2012,All Issues (Census),1,312522,1.6666666666666667,1.6666666666666667,208348,208348
18157,2012,Payment Months (Type 3),1,253244,1.3333333333333333,1.3333333333333333,84414.67,84414.67
18157,2012,All Issues (Census),1,253244,1.3333333333333333,1.3333333333333333,84414.67,84414.67
18159,2012,Payment Months (Type 3),1,36420,1.3333333333333333,1.3333333333333333,12140,12140
18159,2012,All Issues (Census),1,36420,1.3333333333333333,1.3333333333333333,12140,12140
18161,2012,Payment Months (Type 3),1,238673,1.3333333333333333,1.3333333333333333,79557.67,79557.67
18161,2012,All Issues (Census),1,238673,1.3333333333333333,1.3333333333333333,79557.67,79557.67
18163,2012,Payment Months (Type 3),1,34344,1.6666666666666667,1.6666666666666667,22896,22896
18163,2012,All Issues (Census),1,34344,1.6666666666666667,1.6666666666666667,22896,22896
18165,2012,Payment Months (Type 3),1,204852,1.6666666666666667,1.6666666666666667,136568,136568
18165,2012,All Issues (Census),1,204852,1.6666666666666667,1.6666666666666667,136568,136568
18167,2012,Payment Months (Type 3),1,343084,1.6666666666666667,1.6666666666666667,228722.67,228722.67
18167,2012,All Issues (Census),1,343084,1.6666666666666667,1.6666666666666667,228722.67,228722.67
18169,2012,Payment Months (Type 3),1,62648,1.3333333333333333,1.3333333333333333,20882.67,20882.67
18169,2012,All Issues (Census),1,62648,1.3333333333333333,1.3333333333333333,20882.67,20882.67
18171,2012,Payment Months (Type 3),1,422470,1.3333333333333333,1.3333333333333333,140823.33,140823.33
18171,2012,All Issues (Census),1,422470,1.3333333333333333,1.3333333333333333,140823.33,140823.33
18173,2012,Payment Months (Type 3),1,345024,1.6666666666666667,1.6666666666666667,230016,230016
18173,2012,All Issues (Census),1,345024,1.6666666666666667,1.6666666666666667,230016,230016
18175,2012,Payment Months (Type 3),1,1432303,1.3333333333333333,1.3333333333333333,477434.33,477434.33
18175,2012,All Issues (Census),1,1432303,1.3333333333333333,1.3333333333333333,477434.33,477434.33
18179,2012,Payment Months (Type 3),1,54293,1.3333333333333333,1.3333333333333333,18097.67,18097.67
18179,2012,All Issues (Census),1,54293,1.3333333333333333,1.3333333333333333,18097.67,18097.67
18183,2012,Payment Months (Type 3),1,78987,1.3333333333333333,1.3333333333333333,26329,26329
18183,2012,All Issues (Census),1,78987,1.3333333333333333,1.3333333333333333,26329,26329
19001,2012,Payment Months (Type 3),2,2154319,1.3333333333333333,1.3333333333333333,718106.33,718106.33
19001,2012,All Issues (Census),2,2154319,1.3333333333333333,1.3333333333333333,718106.33,718106.33
19001,2020,Payment Months (Type 3),2,719548,1.3333333333333333,2,239849.33,719548
19001,2020,All Issues (Census),2,719548,1.3333333333333333,2,239849.33,719548
19003,2012,Payment Months (Type 3),2,1917121.04,1.3333333333333333,1.3333333333333333,639040.35,639040.35
19003,2012,All Issues (Census),2,1917121.04,1.3333333333333333,1.3333333333333333,639040.35,639040.35
19005,2023,Payment Months (Type 3),2,1538762,1.3333333333333333,2,512920.67,1538762
19005,2023,All Issues (Census),2,1538762,1.3333333333333333,2,512920.67,1538762
19007,2012,Payment Months (Type 3),2,2206562,1.3333333333333333,1.3333333333333333,735520.67,735520.67
19007,2012,All Issues (Census),2,2206562,1.3333333333333333,1.3333333333333333,735520.67,735520.67
19007,2018,Payment Months (Type 3),2,595055,1.3333333333333333,2,198351.67,595055
19007,2018,All Issues (Census),2,595055,1.3333333333333333,2,198351.67,595055
19007,2022,Payment Months (Type 3),1,698883,1.5,1.5,349441.5,349441.5
19007,2022,All Issues (Census),1,698883,1.5,1.5,349441.5,349441.5
19007,2023,Payment Months (Type 3),2,1288580,1.3333333333333333,2,429526.67,1288580
19007,2023,All Issues (Census),2,1288580,1.3333333333333333,2,429526.67,1288580
19009,2012,Payment Months (Type 3),2,812987,1.3333333333333333,1.3333333333333333,270995.67,270995.67
19009,2012,All Issues (Census),2,812987,1.3333333333333333,1.3333333333333333,270995.67,270995.67
19009,2020,Payment Months (Type 3),2,326686,1.3333333333333333,2,108895.33,326686
19009,2020,All Issues (Census),2,326686,1.3333333333333333,2,108895.33,326686
19011,2012,Payment Months (Type 3),2,708442,1.3333333333333333,1.3333333333333333,236147.33,236147.33
19011,2012,All Issues (Census),2,708442,1.3333333333333333,1.3333333333333333,236147.33,236147.33
19011,2023,Payment Months (Type 3),2,568760,1.3333333333333333,2,189586.67,568760
19011,2023,All Issues (Census),2,568760,1.3333333333333333,2,189586.67,568760
19011,2024,Payment Months (Type 3),2,292559,1.5,2,146279.5,292559
19011,2024,All Issues (Census),2,292559,1.5,2,146279.5,292559
19013,2012,Payment Months (Type 3),2,85999,1.3333333333333333,1.3333333333333333,28666.33,28666.33
19013,2012,All Issues (Census),2,85999,1.3333333333333333,1.3333333333333333,28666.33,28666.33
19013,2021,Payment Months (Type 3),2,78341,1.3333333333333333,2,26113.67,78341
19013,2021,All Issues (Census),2,78341,1.3333333333333333,2,26113.67,78341
19013,2023,Payment Months (Type 3),2,151543,1.3333333333333333,2,50514.33,151543
19013,2023,All Issues (Census),2,151543,1.3333333333333333,2,50514.33,151543
19013,2024,Payment Months (Type 3),2,93556,1.5,2,46778,93556
19013,2024,All Issues (Census),2,93556,1.5,2,46778,93556
19015,2012,Payment Months (Type 3),2,242190,1.3333333333333333,1.3333333333333333,80730,80730
19015,2012,All Issues (Census),2,242190,1.3333333333333333,1.3333333333333333,80730,80730
19015,2013,Payment Months (Type 3),2,65171,1.5,1.5,32585.5,32585.5
19015,2013,All Issues (Census),2,65171,1.5,1.5,32585.5,32585.5
19015,2020,Payment Months (Type 3),2,104687,1.3333333333333333,2,34895.67,104687
19015,2020,All Issues (Census),2,104687,1.3333333333333333,2,34895.67,104687
19017,2012,Payment Months (Type 3),2,139245,1.3333333333333333,1.3333333333333333,46415,46415
19017,2012,All Issues (Census),2,139245,1.3333333333333333,1.3333333333333333,46415,46415
19017,2021,Payment Months (Type 3),2,89432,1.3333333333333333,2,29810.67,89432
19017,2021,All Issues (Census),2,89432,1.3333333333333333,2,29810.67,89432
19017,2023,Payment Months (Type 3),2,179892,1.3333333333333333,2,59964,179892
19017,2023,All Issues (Census),2,179892,1.3333333333333333,2,59964,179892
19017,2024,Payment Months (Type 3),2,131529,1.5,2,65764.5,131529
19017,2024,All Issues (Census),2,131529,1.5,2,65764.5,131529
19019,2012,Payment Months (Type 3),2,156338,1.3333333333333333,1.3333333333333333,52112.67,52112.67
19019,2012,All Issues (Census),2,156338,1.3333333333333333,1.3333333333333333,52112.67,52112.67
19019,2021,Payment Months (Type 3),1,56252,1.5,1.5,28126,28126
19019,2021,All Issues (Census),1,56252,1.5,1.5,28126,28126
19019,2023,Payment Months (Type 3),2,193967,1.3333333333333333,2,64655.67,193967
19019,2023,All Issues (Census),2,193967,1.3333333333333333,2,64655.67,193967
19019,2024,Payment Months (Type 3),2,139111,1.5,2,69555.5,139111
19019,2024,All Issues (Census),2,139111,1.5,2,69555.5,139111
19021,2012,Payment Months (Type 3),2,335844,1.3333333333333333,1.3333333333333333,111948,111948
19021,2012,All Issues (Census),2,335844,1.3333333333333333,1.3333333333333333,111948,111948
19021,2013,Payment Months (Type 3),2,91435,1.5,1.5,45717.5,45717.5
19021,2013,All Issues (Census),2,91435,1.5,1.5,45717.5,45717.5
19021,2020,Payment Months (Type 3),1,39828,1.5,1.5,19914,19914
19021,2020,All Issues (Census),1,39828,1.5,1.5,19914,19914
19021,2021,Payment Months (Type 3),1,60980,1.5,1.5,30490,30490
19021,2021,All Issues (Census),1,60980,1.5,1.5,30490,30490
19021,2022,Payment Months (Type 3),1,109522,1.5,1.5,54761,54761
19021,2022,All Issues (Census),1,109522,1.5,1.5,54761,54761
19023,2012,Payment Months (Type 3),2,247035,1.3333333333333333,1.3333333333333333,82345,82345
19023,2012,All Issues (Census),2,247035,1.3333333333333333,1.3333333333333333,82345,82345
19023,2021,Payment Months (Type 3),2,90063,1.3333333333333333,2,30021,90063
19023,2021,All Issues (Census),2,90063,1.3333333333333333,2,30021,90063
19023,2023,Payment Months (Type 3),2,263679,1.3333333333333333,2,87893,263679
19023,2023,All Issues (Census),2,263679,1.3333333333333333,2,87893,263679
19023,2024,Payment Months (Type 3),2,158759,1.5,2,79379.5,158759
19023,2024,All Issues (Census),2,158759,1.5,2,79379.5,158759
19025,2012,Payment Months (Type 3),2,258082,1.3333333333333333,1.3333333333333333,86027.33,86027.33
19025,2012,All Issues (Census),2,258082,1.3333333333333333,1.3333333333333333,86027.33,86027.33
19025,2013,Payment Months (Type 3),2,283255,1.5,1.5,141627.5,141627.5
19025,2013,All Issues (Census),2,283255,1.5,1.5,141627.5,141627.5
19025,2020,Payment Months (Type 3),2,97984,1.3333333333333333,2,32661.33,97984
19025,2020,All Issues (Census),2,97984,1.3333333333333333,2,32661.33,97984
19027,2012,Payment Months (Type 3),2,392331.77,1.3333333333333333,1.3333333333333333,130777.26,130777.26
19027,2012,All Issues (Census),2,392331.77,1.3333333333333333,1.3333333333333333,130777.26,130777.26
19027,2013,Payment Months (Type 3),2,416228,1.5,1.5,208114,208114
19027,2013,All Issues (Census),2,416228,1.5,1.5,208114,208114
19027,2020,Payment Months (Type 3),2,158558,1.3333333333333333,2,52852.67,158558
19027,2020,All Issues (Census),2,158558,1.3333333333333333,2,52852.67,158558
19029,2012,Payment Months (Type 3),2,1451514,1.3333333333333333,1.3333333333333333,483838,483838
19029,2012,All Issues (Census),2,1451514,1.3333333333333333,1.3333333333333333,483838,483838
19029,2020,Payment Months (Type 3),2,776851,1.3333333333333333,2,258950.33,776851
19029,2020,All Issues (Census),2,776851,1.3333333333333333,2,258950.33,776851
19031,2012,Payment Months (Type 3),2,703147,1.3333333333333333,1.3333333333333333,234382.33,234382.33
19031,2012,All Issues (Census),2,703147,1.3333333333333333,1.3333333333333333,234382.33,234382.33
19031,2023,Payment Months (Type 3),1,601766,1.5,1.5,300883,300883
19031,2023,All Issues (Census),1,601766,1.5,1.5,300883,300883
19031,2024,Payment Months (Type 3),1,,1.5,1.5,,
19031,2024,All Issues (Census),1,,1.5,1.5,,
19033,2012,Payment Months (Type 3),2,316788,1.3333333333333333,1.3333333333333333,105596,105596
19033,2012,All Issues (Census),2,316788,1.3333333333333333,1.3333333333333333,105596,105596
19033,2013,Payment Months (Type 3),2,,1.5,1.5,,
19033,2013,All Issues (Census),2,,1.5,1.5,,
19033,2021,Payment Months (Type 3),2,87736,1.3333333333333333,2,29245.33,87736
19033,2021,All Issues (Census),2,87736,1.3333333333333333,2,29245.33,87736
19033,2023,Payment Months (Type 3),2,228392,1.3333333333333333,2,76130.67,228392
19033,2023,All Issues (Census),2,228392,1.3333333333333333,2,76130.67,228392
19033,2024,Payment Months (Type 3),2,156927,1.5,1.5,78463.5,78463.5
19033,2024,All Issues (Census),2,156927,1.5,1.5,78463.5,78463.5
19035,2012,Payment Months (Type 3),2,959544,1.3333333333333333,1.3333333333333333,319848,319848
19035,2012,All Issues (Census),2,959544,1.3333333333333333,1.3333333333333333,319848,319848
19035,2013,Payment Months (Type 3),2,4721,1.5,1.5,2360.5,2360.5
19035,2013,All Issues (Census),2,4721,1.5,1.5,2360.5,2360.5
19035,2021,Payment Months (Type 3),2,243201,1.5,1.5,121600.5,121600.5
19035,2021,All Issues (Census),2,243201,1.5,1.5,121600.5,121600.5
19035,2022,Payment Months (Type 3),2,501179,1.3333333333333333,2,167059.67,501179
19035,2022,All Issues (Census),2,501179,1.3333333333333333,2,167059.67,501179
19037,2021,Payment Months (Type 3),1,65718,1.5,1.5,32859,32859
19037,2021,All Issues (Census),1,65718,1.5,1.5,32859,32859
19037,2023,Payment Months (Type 3),2,191862,1.3333333333333333,2,63954,191862
19037,2023,All Issues (Census),2,191862,1.3333333333333333,2,63954,191862
19037,2024,Payment Months (Type 3),2,147817,1.5,2,73908.5,147817
19037,2024,All Issues (Census),2,147817,1.5,2,73908.5,147817
19039,2017,Payment Months (Type 3),2,1650831,1.3333333333333333,1.3333333333333333,550277,550277
19039,2017,All Issues (Census),2,1650831,1.3333333333333333,1.3333333333333333,550277,550277
19041,2012,Payment Months (Type 3),2,512825,1.3333333333333333,1.3333333333333333,170941.67,170941.67
19041,2012,All Issues (Census),2,512825,1.3333333333333333,1.3333333333333333,170941.67,170941.67
19041,2013,Payment Months (Type 3),2,1134,1.5,1.5,567,567
19041,2013,All Issues (Census),2,1134,1.5,1.5,567,567
19041,2021,Payment Months (Type 3),3,181079,1.3333333333333333,2,60359.67,181079
19041,2021,All Issues (Census),3,181079,1.3333333333333333,2,60359.67,181079
19041,2022,Payment Months (Type 3),1,221661,1.5,1.5,110830.5,110830.5
19041,2022,All Issues (Census),1,221661,1.5,1.5,110830.5,110830.5
19043,2012,Payment Months (Type 3),2,1138500,1.3333333333333333,1.3333333333333333,379500,379500
19043,2012,All Issues (Census),2,1138500,1.3333333333333333,1.3333333333333333,379500,379500
19043,2023,Payment Months (Type 3),2,1147079,1.3333333333333333,2,382359.67,1147079
19043,2023,All Issues (Census),2,1147079,1.3333333333333333,2,382359.67,1147079
19043,2024,Payment Months (Type 3),2,812873,1.5,1.5,406436.5,406436.5
19043,2024,All Issues (Census),2,812873,1.5,1.5,406436.5,406436.5
19045,2012,Payment Months (Type 3),2,637258,1.3333333333333333,1.3333333333333333,212419.33,212419.33
19045,2012,All Issues (Census),2,637258,1.3333333333333333,1.3333333333333333,212419.33,212419.33
19047,2012,Payment Months (Type 3),2,1471954,1.3333333333333333,1.3333333333333333,490651.33,490651.33
19047,2012,All Issues (Census),2,1471954,1.3333333333333333,1.3333333333333333,490651.33,490651.33
19047,2013,Payment Months (Type 3),2,398121,1.5,1.5,199060.5,199060.5
19047,2013,All Issues (Census),2,398121,1.5,1.5,199060.5,199060.5
19047,2020,Payment Months (Type 3),2,550776,1.3333333333333333,2,183592,550776
19047,2020,All Issues (Census),2,550776,1.3333333333333333,2,183592,550776
19049,2012,Payment Months (Type 3),2,382922,1.3333333333333333,1.3333333333333333,127640.67,127640.67
19049,2012,All Issues (Census),2,382922,1.3333333333333333,1.3333333333333333,127640.67,127640.67
19049,2020,Payment Months (Type 3),2,115915,1.3333333333333333,2,38638.33,115915
19049,2020,All Issues (Census),2,115915,1.3333333333333333,2,38638.33,115915
19051,2012,Payment Months (Type 3),2,2250514,1.3333333333333333,1.3333333333333333,750171.33,750171.33
19051,2012,All Issues (Census),2,2250514,1.3333333333333333,1.3333333333333333,750171.33,750171.33
19051,2018,Payment Months (Type 3),2,1594753,1.3333333333333333,2,531584.33,1594753
19051,2018,All Issues (Census),2,1594753,1.3333333333333333,2,531584.33,1594753
19051,2022,Payment Months (Type 3),1,1997992,1.5,1.5,998996,998996
19051,2022,All Issues (Census),1,1997992,1.5,1.5,998996,998996
19051,2023,Payment Months (Type 3),2,3457457,1.3333333333333333,2,1152485.67,3457457
19051,2023,All Issues (Census),2,3457457,1.3333333333333333,2,1152485.67,3457457
19053,2017,Payment Months (Type 3),2,1336982,1.3333333333333333,1.3333333333333333,445660.67,445660.67
19053,2017,All Issues (Census),2,1336982,1.3333333333333333,1.3333333333333333,445660.67,445660.67
19055,2012,Payment Months (Type 3),2,691055.58,1.3333333333333333,1.3333333333333333,230351.86,230351.86
19055,2012,All Issues (Census),2,691055.58,1.3333333333333333,1.3333333333333333,230351.86,230351.86
19055,2023,Payment Months (Type 3),1,550300,1.5,1.5,275150,275150
19055,2023,All Issues (Census),1,550300,1.5,1.5,275150,275150
19055,2024,Payment Months (Type 3),2,376684,1.5,1.5,188342,188342
19055,2024,All Issues (Census),2,376684,1.5,1.5,188342,188342
19057,2012,Payment Months (Type 3),2,286363,1.3333333333333333,1.3333333333333333,95454.33,95454.33
19057,2012,All Issues (Census),2,286363,1.3333333333333333,1.3333333333333333,95454.33,95454.33
19059,2013,Payment Months (Type 3),2,,1.5,1.5,,
19059,2013,All Issues (Census),2,,1.5,1.5,,
19059,2021,Payment Months (Type 3),2,134516,1.3333333333333333,2,44838.67,134516
19059,2021,All Issues (Census),2,134516,1.3333333333333333,2,44838.67,134516
19061,2012,Payment Months (Type 3),2,1191949,1.3333333333333333,1.3333333333333333,397316.33,397316.33
19061,2012,All Issues (Census),2,1191949,1.3333333333333333,1.3333333333333333,397316.33,397316.33
19061,2023,Payment Months (Type 3),1,1349781,1.5,1.5,674890.5,674890.5
19061,2023,All Issues (Census),1,1349781,1.5,1.5,674890.5,674890.5
19063,2013,Payment Months (Type 3),2,,1.5,1.5,,
19063,2013,All Issues (Census),2,,1.5,1.5,,
19063,2021,Payment Months (Type 3),2,250733,1.3333333333333333,2,83577.67,250733
19063,2021,All Issues (Census),2,250733,1.3333333333333333,2,83577.67,250733
19065,2012,Payment Months (Type 3),2,814428,1.3333333333333333,1.3333333333333333,271476,271476
19065,2012,All Issues (Census),2,814428,1.3333333333333333,1.3333333333333333,271476,271476
19065,2021,Payment Months (Type 3),1,268915,1.5,1.5,134457.5,134457.5
19065,2021,All Issues (Census),1,268915,1.5,1.5,134457.5,134457.5
19065,2023,Payment Months (Type 3),2,790210,1.3333333333333333,2,263403.33,790210
19065,2023,All Issues (Census),2,790210,1.3333333333333333,2,263403.33,790210
19065,2024,Payment Months (Type 3),2,559467,1.5,2,279733.5,559467
19065,2024,All Issues (Census),2,559467,1.5,2,279733.5,559467
19067,2012,Payment Months (Type 3),2,252688,1.3333333333333333,1.3333333333333333,84229.33,84229.33
19067,2012,All Issues (Census),2,252688,1.3333333333333333,1.3333333333333333,84229.33,84229.33
19067,2021,Payment Months (Type 3),2,96667,1.3333333333333333,2,32222.33,96667
19067,2021,All Issues (Census),2,96667,1.3333333333333333,2,32222.33,96667
19067,2023,Payment Months (Type 3),2,231919,1.3333333333333333,2,77306.33,231919
19067,2023,All Issues (Census),2,231919,1.3333333333333333,2,77306.33,231919
19067,2024,Payment Months (Type 3),2,124841,1.5,2,62420.5,124841
19067,2024,All Issues (Census),2,124841,1.5,2,62420.5,124841
19069,2012,Payment Months (Type 3),2,200615,1.3333333333333333,1.3333333333333333,66871.67,66871.67
19069,2012,All Issues (Census),2,200615,1.3333333333333333,1.3333333333333333,66871.67,66871.67
19069,2013,Payment Months (Type 3),2,,1.5,1.5,,
19069,2013,All Issues (Census),2,,1.5,1.5,,
19069,2021,Payment Months (Type 3),2,56652,1.3333333333333333,2,18884,56652
19069,2021,All Issues (Census),2,56652,1.3333333333333333,2,18884,56652
19069,2023,Payment Months (Type 3),2,117463,1.3333333333333333,2,39154.33,117463
19069,2023,All Issues (Census),2,117463,1.3333333333333333,2,39154.33,117463
19069,2024,Payment Months (Type 3),2,81756,1.5,1.5,40878,40878
19069,2024,All Issues (Census),2,81756,1.5,1.5,40878,40878
19071,2012,Payment Months (Type 3),2,535773,1.3333333333333333,1.3333333333333333,178591,178591
19071,2012,All Issues (Census),2,535773,1.3333333333333333,1.3333333333333333,178591,178591
19073,2012,Payment Months (Type 3),2,449204,1.3333333333333333,1.3333333333333333,149734.67,149734.67
19073,2012,All Issues (Census),2,449204,1.3333333333333333,1.3333333333333333,149734.67,149734.67
19073,2013,Payment Months (Type 3),2,487693,1.5,1.5,243846.5,243846.5
19073,2013,All Issues (Census),2,487693,1.5,1.5,243846.5,243846.5
19073,2020,Payment Months (Type 3),2,129029,1.3333333333333333,2,43009.67,129029
19073,2020,All Issues (Census),2,129029,1.3333333333333333,2,43009.67,129029
19075,2012,Payment Months (Type 3),2,136197,1.3333333333333333,1.3333333333333333,45399,45399
19075,2012,All Issues (Census),2,136197,1.3333333333333333,1.3333333333333333,45399,45399
19075,2021,Payment Months (Type 3),2,53291,1.3333333333333333,2,17763.67,53291
19075,2021,All Issues (Census),2,53291,1.3333333333333333,2,17763.67,53291
19075,2023,Payment Months (Type 3),2,126067,1.3333333333333333,2,42022.33,126067
19075,2023,All Issues (Census),2,126067,1.3333333333333333,2,42022.33,126067
19077,2012,Payment Months (Type 3),2,1940877,1.3333333333333333,1.3333333333333333,646959,646959
19077,2012,All Issues (Census),2,1940877,1.3333333333333333,1.3333333333333333,646959,646959
19077,2020,Payment Months (Type 3),2,1026896,1.3333333333333333,2,342298.67,1026896
19077,2020,All Issues (Census),2,1026896,1.3333333333333333,2,342298.67,1026896
19079,2012,Payment Months (Type 3),2,87378,1.3333333333333333,1.3333333333333333,29126,29126
19079,2012,All Issues (Census),2,87378,1.3333333333333333,1.3333333333333333,29126,29126
19079,2013,Payment Months (Type 3),2,23689,1.5,1.5,11844.5,11844.5
19079,2013,All Issues (Census),2,23689,1.5,1.5,11844.5,11844.5
19079,2020,Payment Months (Type 3),1,27238,1.5,1.5,13619,13619
19079,2020,All Issues (Census),1,27238,1.5,1.5,13619,13619
19079,2021,Threshold (Type 2),3,26465,1.3333333333333333,1.3333333333333333,8821.67,8821.67
19079,2021,All Issues (Census),4,26465,1.3333333333333333,2,8821.67,26465
19081,2012,Payment Months (Type 3),2,136286,1.3333333333333333,1.3333333333333333,45428.67,45428.67
19081,2012,All Issues (Census),2,136286,1.3333333333333333,1.3333333333333333,45428.67,45428.67
19081,2013,Payment Months (Type 3),2,,1.5,1.5,,
19081,2013,All Issues (Census),2,,1.5,1.5,,
19081,2021,Payment Months (Type 3),1,10543,1.5,1.5,5271.5,5271.5
19081,2021,All Issues (Census),1,10543,1.5,1.5,5271.5,5271.5
19081,2023,Payment Months (Type 3),2,100015,1.3333333333333333,2,33338.33,100015
19081,2023,All Issues (Census),2,100015,1.3333333333333333,2,33338.33,100015
19083,2012,Payment Months (Type 3),2,614639,1.3333333333333333,1.3333333333333333,204879.67,204879.67
19083,2012,All Issues (Census),2,614639,1.3333333333333333,1.3333333333333333,204879.67,204879.67
19083,2013,Payment Months (Type 3),2,170308,1.5,1.5,85154,85154
19083,2013,All Issues (Census),2,170308,1.5,1.5,85154,85154
19083,2021,Payment Months (Type 3),2,193202.2,1.3333333333333333,2,64400.73,193202.2
19083,2021,All Issues (Census),2,193202.2,1.3333333333333333,2,64400.73,193202.2
19085,2012,Payment Months (Type 3),2,765544,1.3333333333333333,1.3333333333333333,255181.33,255181.33
19085,2012,All Issues (Census),2,765544,1.3333333333333333,1.3333333333333333,255181.33,255181.33
19085,2013,Payment Months (Type 3),2,763,1.5,2,381.5,763
19085,2013,All Issues (Census),2,763,1.5,2,381.5,763
19085,2020,Payment Months (Type 3),1,224346,1.5,1.5,112173,112173
19085,2020,All Issues (Census),1,224346,1.5,1.5,112173,112173
19085,2023,Payment Months (Type 3),4,719809,1.3333333333333333,2,239936.33,719809
19085,2023,All Issues (Census),4,719809,1.3333333333333333,2,239936.33,719809
19087,2012,Payment Months (Type 3),2,514197,1.3333333333333333,1.3333333333333333,171399,171399
19087,2012,All Issues (Census),2,514197,1.3333333333333333,1.3333333333333333,171399,171399
19087,2022,Payment Months (Type 3),1,156094,1.5,1.5,78047,78047
19087,2022,All Issues (Census),1,156094,1.5,1.5,78047,78047
19089,2023,Payment Months (Type 3),2,254076,1.3333333333333333,2,84692,254076
19089,2023,All Issues (Census),2,254076,1.3333333333333333,2,84692,254076
19089,2024,Payment Months (Type 3),2,176446,1.5,1.5,88223,88223
19089,2024,All Issues (Census),2,176446,1.5,1.5,88223,88223
19091,2012,Payment Months (Type 3),2,95700,1.3333333333333333,1.3333333333333333,31900,31900
19091,2012,All Issues (Census),2,95700,1.3333333333333333,1.3333333333333333,31900,31900
19091,2013,Payment Months (Type 3),2,,1.5,1.5,,
19091,2013,All Issues (Census),2,,1.5,1.5,,
19091,2021,Payment Months (Type 3),1,25220,1.5,1.5,12610,12610
19091,2021,All Issues (Census),1,25220,1.5,1.5,12610,12610
19091,2022,Payment Months (Type 3),1,55088,1.5,1.5,27544,27544
19091,2022,All Issues (Census),1,55088,1.5,1.5,27544,27544
19093,2012,Payment Months (Type 3),2,557733,1.3333333333333333,1.3333333333333333,185911,185911
19093,2012,All Issues (Census),2,557733,1.3333333333333333,1.3333333333333333,185911,185911
19093,2020,Payment Months (Type 3),1,186633,1.5,1.5,93316.5,93316.5
19093,2020,All Issues (Census),1,186633,1.5,1.5,93316.5,93316.5
19095,2012,Payment Months (Type 3),2,998889,1.3333333333333333,1.3333333333333333,332963,332963
19095,2012,All Issues (Census),2,998889,1.3333333333333333,1.3333333333333333,332963,332963
19095,2023,Payment Months (Type 3),2,760889,1.3333333333333333,2,253629.67,760889
19095,2023,All Issues (Census),2,760889,1.3333333333333333,2,253629.67,760889
19095,2024,Payment Months (Type 3),2,434646,1.5,2,217323,434646
19095,2024,All Issues (Census),2,434646,1.5,2,217323,434646
19097,2012,Payment Months (Type 3),2,2462044,1.3333333333333333,1.3333333333333333,820681.33,820681.33
19097,2012,All Issues (Census),2,2462044,1.3333333333333333,1.3333333333333333,820681.33,820681.33
19097,2023,Threshold (Type 2),2,1909153,1.3333333333333333,1.3333333333333333,636384.33,636384.33
19097,2023,Payment Months (Type 3),1,1909153,1.5,1.5,954576.5,954576.5
19097,2023,All Issues (Census),3,1909153,1.3333333333333333,1.5,636384.33,954576.5
19099,2012,Payment Months (Type 3),2,1032687,1.3333333333333333,1.3333333333333333,344229,344229
19099,2012,All Issues (Census),2,1032687,1.3333333333333333,1.3333333333333333,344229,344229
19101,2012,Payment Months (Type 3),2,455468,1.3333333333333333,1.3333333333333333,151822.67,151822.67
19101,2012,All Issues (Census),2,455468,1.3333333333333333,1.3333333333333333,151822.67,151822.67
19101,2017,Payment Months (Type 3),2,253017,1.3333333333333333,1.3333333333333333,84339,84339
19101,2017,All Issues (Census),2,253017,1.3333333333333333,1.3333333333333333,84339,84339
19101,2022,Payment Months (Type 3),1,265901,1.5,1.5,132950.5,132950.5
19101,2022,All Issues (Census),1,265901,1.5,1.5,132950.5,132950.5
19101,2023,Payment Months (Type 3),2,455782,1.3333333333333333,2,151927.33,455782
19101,2023,All Issues (Census),2,455782,1.3333333333333333,2,151927.33,455782
19103,2012,Payment Months (Type 3),2,580338,1.3333333333333333,1.3333333333333333,193446,193446
19103,2012,All Issues (Census),2,580338,1.3333333333333333,1.3333333333333333,193446,193446
19103,2023,Payment Months (Type 3),2,496321,1.3333333333333333,2,165440.33,496321
19103,2023,All Issues (Census),2,496321,1.3333333333333333,2,165440.33,496321
19103,2024,Payment Months (Type 3),2,164693,1.5,1.5,82346.5,82346.5
19103,2024,All Issues (Census),2,164693,1.5,1.5,82346.5,82346.5
19105,2012,Payment Months (Type 3),2,1106969,1.3333333333333333,1.3333333333333333,368989.67,368989.67
19105,2012,All Issues (Census),2,1106969,1.3333333333333333,1.3333333333333333,368989.67,368989.67
19105,2023,Payment Months (Type 3),2,1189431,1.3333333333333333,2,396477,1189431
19105,2023,All Issues (Census),2,1189431,1.3333333333333333,2,396477,1189431
19105,2024,Payment Months (Type 3),1,3132,1.5,1.5,1566,1566
19105,2024,All Issues (Census),1,3132,1.5,1.5,1566,1566
19107,2012,Payment Months (Type 3),2,914209,1.3333333333333333,1.3333333333333333,304736.33,304736.33
19107,2012,All Issues (Census),2,914209,1.3333333333333333,1.3333333333333333,304736.33,304736.33
19107,2022,Payment Months (Type 3),1,550538,1.5,1.5,275269,275269
19107,2022,All Issues (Census),1,550538,1.5,1.5,275269,275269
19107,2023,Payment Months (Type 3),2,922190,1.3333333333333333,2,307396.67,922190
19107,2023,All Issues (Census),2,922190,1.3333333333333333,2,307396.67,922190
19109,2012,Payment Months (Type 3),2,253248,1.3333333333333333,1.3333333333333333,84416,84416
19109,2012,All Issues (Census),2,253248,1.3333333333333333,1.3333333333333333,84416,84416
19109,2013,Payment Months (Type 3),2,,1.5,1.5,,
19109,2013,All Issues (Census),2,,1.5,1.5,,
19109,2021,Payment Months (Type 3),2,98584,1.3333333333333333,2,32861.33,98584
19109,2021,All Issues (Census),2,98584,1.3333333333333333,2,32861.33,98584
19109,2022,Payment Months (Type 3),1,108880,1.5,1.5,54440,54440
19109,2022,All Issues (Census),1,108880,1.5,1.5,54440,54440
19111,2012,Payment Months (Type 3),2,721920,1.3333333333333333,1.3333333333333333,240640,240640
19111,2012,All Issues (Census),2,721920,1.3333333333333333,1.3333333333333333,240640,240640
19113,2012,Payment Months (Type 3),2,340664,1.3333333333333333,1.3333333333333333,113554.67,113554.67
19113,2012,All Issues (Census),2,340664,1.3333333333333333,1.3333333333333333,113554.67,113554.67
19113,2023,Payment Months (Type 3),2,398380,1.3333333333333333,2,132793.33,398380
19113,2023,All Issues (Census),2,398380,1.3333333333333333,2,132793.33,398380
19113,2024,Payment Months (Type 3),2,160442,1.5,1.5,80221,80221
19113,2024,All Issues (Census),2,160442,1.5,1.5,80221,80221
19117,2012,Payment Months (Type 3),2,2072896,1.3333333333333333,1.3333333333333333,690965.33,690965.33
19117,2012,All Issues (Census),2,2072896,1.3333333333333333,1.3333333333333333,690965.33,690965.33
19117,2017,Payment Months (Type 3),2,1285236.72,1.3333333333333333,1.3333333333333333,428412.24,428412.24
19117,2017,All Issues (Census),2,1285236.72,1.3333333333333333,1.3333333333333333,428412.24,428412.24
19117,2023,Payment Months (Type 3),2,2326271,1.3333333333333333,2,775423.67,2326271
19117,2023,All Issues (Census),2,2326271,1.3333333333333333,2,775423.67,2326271
19119,2012,Payment Months (Type 3),2,978560,1.3333333333333333,1.3333333333333333,326186.67,326186.67
19119,2012,All Issues (Census),2,978560,1.3333333333333333,1.3333333333333333,326186.67,326186.67
19119,2013,Payment Months (Type 3),2,3833,1.5,1.5,1916.5,1916.5
19119,2013,All Issues (Census),2,3833,1.5,1.5,1916.5,1916.5
19119,2021,Payment Months (Type 3),1,64116,1.5,1.5,32058,32058
19119,2021,All Issues (Census),1,64116,1.5,1.5,32058,32058
19121,2017,Payment Months (Type 3),2,1704125,1.3333333333333333,1.3333333333333333,568041.67,568041.67
19121,2017,All Issues (Census),2,1704125,1.3333333333333333,1.3333333333333333,568041.67,568041.67
19121,2020,Payment Months (Type 3),1,841907,1.5,1.5,420953.5,420953.5
19121,2020,All Issues (Census),1,841907,1.5,1.5,420953.5,420953.5
19123,2012,Payment Months (Type 3),2,973286,1.3333333333333333,1.3333333333333333,324428.67,324428.67
19123,2012,All Issues (Census),2,973286,1.3333333333333333,1.3333333333333333,324428.67,324428.67
19123,2022,Payment Months (Type 3),1,403270,1.5,1.5,201635,201635
19123,2022,All Issues (Census),1,403270,1.5,1.5,201635,201635
19123,2023,Payment Months (Type 3),2,827867,1.3333333333333333,2,275955.67,827867
19123,2023,All Issues (Census),2,827867,1.3333333333333333,2,275955.67,827867
19125,2012,Payment Months (Type 3),2,1043350,1.3333333333333333,1.3333333333333333,347783.33,347783.33
19125,2012,All Issues (Census),2,1043350,1.3333333333333333,1.3333333333333333,347783.33,347783.33
19125,2017,Payment Months (Type 3),2,602626,1.3333333333333333,1.3333333333333333,200875.33,200875.33
19125,2017,All Issues (Census),2,602626,1.3333333333333333,1.3333333333333333,200875.33,200875.33
19127,2012,Payment Months (Type 3),2,526730,1.3333333333333333,1.3333333333333333,175576.67,175576.67
19127,2012,All Issues (Census),2,526730,1.3333333333333333,1.3333333333333333,175576.67,175576.67
19127,2021,Payment Months (Type 3),2,138355,1.3333333333333333,2,46118.33,138355
19127,2021,All Issues (Census),2,138355,1.3333333333333333,2,46118.33,138355
19129,2012,Payment Months (Type 3),2,266594,1.3333333333333333,1.3333333333333333,88864.67,88864.67
19129,2012,All Issues (Census),2,266594,1.3333333333333333,1.3333333333333333,88864.67,88864.67
19129,2023,Payment Months (Type 3),1,175146,1.5,1.5,87573,87573
19129,2023,All Issues (Census),1,175146,1.5,1.5,87573,87573
19131,2023,Payment Months (Type 3),2,204549,1.3333333333333333,2,68183,204549
19131,2023,All Issues (Census),2,204549,1.3333333333333333,2,68183,204549
19131,2024,Payment Months (Type 3),2,129705,1.5,1.5,64852.5,64852.5
19131,2024,All Issues (Census),2,129705,1.5,1.5,64852.5,64852.5
19133,2012,Payment Months (Type 3),2,1131663,1.3333333333333333,1.3333333333333333,377221,377221
19133,2012,All Issues (Census),2,1131663,1.3333333333333333,1.3333333333333333,377221,377221
19133,2013,Payment Months (Type 3),2,568,1.5,2,284,568
19133,2013,All Issues (Census),2,568,1.5,2,284,568
19133,2020,Payment Months (Type 3),1,283501,1.5,1.5,141750.5,141750.5
19133,2020,All Issues (Census),1,283501,1.5,1.5,141750.5,141750.5
19133,2022,Payment Months (Type 3),2,641443,1.3333333333333333,2,213814.33,641443
19133,2022,All Issues (Census),2,641443,1.3333333333333333,2,213814.33,641443
19133,2023,Payment Months (Type 3),4,980303,1.3333333333333333,2.5,326767.67,1470454.5
19133,2023,All Issues (Census),4,980303,1.3333333333333333,2.5,326767.67,1470454.5
19135,2012,Payment Months (Type 3),2,1825081,1.3333333333333333,1.3333333333333333,608360.33,608360.33
19135,2012,All Issues (Census),2,1825081,1.3333333333333333,1.3333333333333333,608360.33,608360.33
19135,2018,Payment Months (Type 3),1,704526,1.5,1.5,352263,352263
19135,2018,All Issues (Census),1,704526,1.5,1.5,352263,352263
19135,2022,Payment Months (Type 3),1,1122215,1.5,1.5,561107.5,561107.5
19135,2022,All Issues (Census),1,1122215,1.5,1.5,561107.5,561107.5
19135,2023,Payment Months (Type 3),2,2067417,1.3333333333333333,2,689139,2067417
19135,2023,All Issues (Census),2,2067417,1.3333333333333333,2,689139,2067417
19137,2012,Payment Months (Type 3),2,911738,1.3333333333333333,1.3333333333333333,303912.67,303912.67
19137,2012,All Issues (Census),2,911738,1.3333333333333333,1.3333333333333333,303912.67,303912.67
19139,2012,Payment Months (Type 3),2,300590,1.3333333333333333,1.3333333333333333,100196.67,100196.67
19139,2012,All Issues (Census),2,300590,1.3333333333333333,1.3333333333333333,100196.67,100196.67
19139,2023,Payment Months (Type 3),1,348540,1.5,1.5,174270,174270
19139,2023,All Issues (Census),1,348540,1.5,1.5,174270,174270
19141,2012,Payment Months (Type 3),2,455495,1.3333333333333333,1.3333333333333333,151831.67,151831.67
19141,2012,All Issues (Census),2,455495,1.3333333333333333,1.3333333333333333,151831.67,151831.67
19141,2013,Payment Months (Type 3),2,206,1.5,1.5,103,103
19141,2013,All Issues (Census),2,206,1.5,1.5,103,103
19141,2021,Payment Months (Type 3),2,111469,1.5,1.5,55734.5,55734.5
19141,2021,All Issues (Census),2,111469,1.5,1.5,55734.5,55734.5
19141,2022,Payment Months (Type 3),2,335318,1.3333333333333333,2,111772.67,335318
19141,2022,All Issues (Census),2,335318,1.3333333333333333,2,111772.67,335318
19143,2012,Payment Months (Type 3),2,90696,1.3333333333333333,1.3333333333333333,30232,30232
19143,2012,All Issues (Census),2,90696,1.3333333333333333,1.3333333333333333,30232,30232
19143,2013,Payment Months (Type 3),2,,1.5,1.5,,
19143,2013,All Issues (Census),2,,1.5,1.5,,
19143,2021,Payment Months (Type 3),1,16681,1.5,1.5,8340.5,8340.5
19143,2021,All Issues (Census),1,16681,1.5,1.5,8340.5,8340.5
19145,2012,Payment Months (Type 3),2,1347471,1.3333333333333333,1.3333333333333333,449157,449157
19145,2012,All Issues (Census),2,1347471,1.3333333333333333,1.3333333333333333,449157,449157
19147,2013,Payment Months (Type 3),2,,1.5,1.5,,
19147,2013,All Issues (Census),2,,1.5,1.5,,
19147,2021,Payment Months (Type 3),3,40014,1.3333333333333333,2,13338,40014
19147,2021,All Issues (Census),3,40014,1.3333333333333333,2,13338,40014
19147,2022,Payment Months (Type 3),1,43729,1.5,1.5,21864.5,21864.5
19147,2022,All Issues (Census),1,43729,1.5,1.5,21864.5,21864.5
19149,2012,Payment Months (Type 3),2,1448048,1.3333333333333333,1.3333333333333333,482682.67,482682.67
19149,2012,All Issues (Census),2,1448048,1.3333333333333333,1.3333333333333333,482682.67,482682.67
19149,2013,Payment Months (Type 3),2,939720,2,2,939720,939720
19149,2013,All Issues (Census),2,939720,2,2,939720,939720
19149,2021,Payment Months (Type 3),1,105279,1.5,1.5,52639.5,52639.5
19149,2021,All Issues (Census),1,105279,1.5,1.5,52639.5,52639.5
19149,2022,Payment Months (Type 3),2,674945,1.3333333333333333,2,224981.67,674945
19149,2022,All Issues (Census),2,674945,1.3333333333333333,2,224981.67,674945
19151,2012,Payment Months (Type 3),2,50320,1.3333333333333333,1.3333333333333333,16773.33,16773.33
19151,2012,All Issues (Census),2,50320,1.3333333333333333,1.3333333333333333,16773.33,16773.33
19151,2013,Payment Months (Type 3),2,13566,1.5,1.5,6783,6783
19151,2013,All Issues (Census),2,13566,1.5,1.5,6783,6783
19151,2020,Payment Months (Type 3),1,8083,1.5,1.5,4041.5,4041.5
19151,2020,All Issues (Census),1,8083,1.5,1.5,4041.5,4041.5
19151,2021,Payment Months (Type 3),1,12857,1.5,1.5,6428.5,6428.5
19151,2021,All Issues (Census),1,12857,1.5,1.5,6428.5,6428.5
19151,2022,Payment Months (Type 3),1,20010,1.5,1.5,10005,10005
19151,2022,All Issues (Census),1,20010,1.5,1.5,10005,10005
19153,2012,Payment Months (Type 3),2,139398,1.3333333333333333,1.3333333333333333,46466,46466
19153,2012,All Issues (Census),2,139398,1.3333333333333333,1.3333333333333333,46466,46466
19153,2020,Payment Months (Type 3),1,29857.96,1.5,1.5,14928.98,14928.98
19153,2020,All Issues (Census),1,29857.96,1.5,1.5,14928.98,14928.98
19155,2012,Payment Months (Type 3),2,433468,1.3333333333333333,1.3333333333333333,144489.33,144489.33
19155,2012,All Issues (Census),2,433468,1.3333333333333333,1.3333333333333333,144489.33,144489.33
19155,2013,Payment Months (Type 3),2,533,1.5,1.5,266.5,266.5
19155,2013,All Issues (Census),2,533,1.5,1.5,266.5,266.5
19155,2020,Threshold (Type 2),3,115878,1.3333333333333333,1.3333333333333333,38626,38626
19155,2020,All Issues (Census),4,115878,1.3333333333333333,2,38626,115878
19155,2023,Payment Months (Type 3),1,360815,1.5,1.5,180407.5,180407.5
19155,2023,All Issues (Census),1,360815,1.5,1.5,180407.5,180407.5
19156,2012,Payment Months (Type 3),2,359310,1.3333333333333333,1.3333333333333333,119770,119770
19156,2012,All Issues (Census),2,359310,1.3333333333333333,1.3333333333333333,119770,119770
19156,2013,Payment Months (Type 3),2,,1.5,1.5,,
19156,2013,All Issues (Census),2,,1.5,1.5,,
19156,2020,Threshold (Type 2),4,112243,1.3333333333333333,1.3333333333333333,37414.33,37414.33
19156,2020,All Issues (Census),4,112243,1.3333333333333333,1.3333333333333333,37414.33,37414.33
19157,2012,Payment Months (Type 3),2,1036894,1.3333333333333333,1.3333333333333333,345631.33,345631.33
19157,2012,All Issues (Census),2,1036894,1.3333333333333333,1.3333333333333333,345631.33,345631.33
19157,2023,Payment Months (Type 3),1,484754,1.5,1.5,242377,242377
19157,2023,All Issues (Census),1,484754,1.5,1.5,242377,242377
19157,2024,Payment Months (Type 3),2,278724,1.5,2,139362,278724
19157,2024,All Issues (Census),2,278724,1.5,2,139362,278724
19161,2012,Payment Months (Type 3),2,396502,1.3333333333333333,1.3333333333333333,132167.33,132167.33
19161,2012,All Issues (Census),2,396502,1.3333333333333333,1.3333333333333333,132167.33,132167.33
19161,2013,Payment Months (Type 3),2,428471,1.5,1.5,214235.5,214235.5
19161,2013,All Issues (Census),2,428471,1.5,1.5,214235.5,214235.5
19161,2020,Payment Months (Type 3),2,101404,1.3333333333333333,2,33801.33,101404
19161,2020,All Issues (Census),2,101404,1.3333333333333333,2,33801.33,101404
19163,2012,Payment Months (Type 3),2,268566,1.3333333333333333,1.3333333333333333,89522,89522
19163,2012,All Issues (Census),2,268566,1.3333333333333333,1.3333333333333333,89522,89522
19165,2012,Payment Months (Type 3),2,548966,1.3333333333333333,1.3333333333333333,182988.67,182988.67
19165,2012,All Issues (Census),2,548966,1.3333333333333333,1.3333333333333333,182988.67,182988.67
19165,2020,Payment Months (Type 3),2,185068,1.3333333333333333,2,61689.33,185068
19165,2020,All Issues (Census),2,185068,1.3333333333333333,2,61689.33,185068
19167,2012,Payment Months (Type 3),2,170629,1.3333333333333333,1.3333333333333333,56876.33,56876.33
19167,2012,All Issues (Census),2,170629,1.3333333333333333,1.3333333333333333,56876.33,56876.33
19167,2013,Payment Months (Type 3),2,105952,1.5,2,52976,105952
19167,2013,All Issues (Census),2,105952,1.5,2,52976,105952
19167,2021,Payment Months (Type 3),1,26342,1.5,1.5,13171,13171
19167,2021,All Issues (Census),1,26342,1.5,1.5,13171,13171
19167,2022,Payment Months (Type 3),2,79061,1.3333333333333333,2,26353.67,79061
19167,2022,All Issues (Census),2,79061,1.3333333333333333,2,26353.67,79061
19169,2012,Payment Months (Type 3),2,138898,1.3333333333333333,1.3333333333333333,46299.33,46299.33
19169,2012,All Issues (Census),2,138898,1.3333333333333333,1.3333333333333333,46299.33,46299.33
19169,2021,Payment Months (Type 3),1,28591,1.5,1.5,14295.5,14295.5
19169,2021,All Issues (Census),1,28591,1.5,1.5,14295.5,14295.5
19171,2012,Payment Months (Type 3),2,938262,1.3333333333333333,1.3333333333333333,312754,312754
19171,2012,All Issues (Census),2,938262,1.3333333333333333,1.3333333333333333,312754,312754
19171,2021,Payment Months (Type 3),1,165492,1.5,1.5,82746,82746
19171,2021,All Issues (Census),1,165492,1.5,1.5,82746,82746
19171,2023,Payment Months (Type 3),2,600276,1.3333333333333333,2,200092,600276
19171,2023,All Issues (Census),2,600276,1.3333333333333333,2,200092,600276
19171,2024,Payment Months (Type 3),2,407838,1.5,2,203919,407838
19171,2024,All Issues (Census),2,407838,1.5,2,203919,407838
19173,2012,Threshold (Type 2),4,443665,3,3,887330,887330
19175,2017,Payment Months (Type 3),2,373233,1.3333333333333333,1.3333333333333333,124411,124411
19175,2017,All Issues (Census),2,373233,1.3333333333333333,1.3333333333333333,124411,124411
19177,2012,Payment Months (Type 3),2,1368409,1.3333333333333333,1.3333333333333333,456136.33,456136.33
19177,2012,All Issues (Census),2,1368409,1.3333333333333333,1.3333333333333333,456136.33,456136.33
19177,2018,Payment Months (Type 3),2,524520,1.3333333333333333,2,174840,524520
19177,2018,All Issues (Census),2,524520,1.3333333333333333,2,174840,524520
19177,2022,Payment Months (Type 3),1,658449,1.5,1.5,329224.5,329224.5
19177,2022,All Issues (Census),1,658449,1.5,1.5,329224.5,329224.5
19177,2023,Payment Months (Type 3),2,1229785,1.3333333333333333,2,409928.33,1229785
19177,2023,All Issues (Census),2,1229785,1.3333333333333333,2,409928.33,1229785
19179,2012,Payment Months (Type 3),2,1342117,1.3333333333333333,1.3333333333333333,447372.33,447372.33
19179,2012,All Issues (Census),2,1342117,1.3333333333333333,1.3333333333333333,447372.33,447372.33
19179,2017,Payment Months (Type 3),2,710935,1.3333333333333333,1.3333333333333333,236978.33,236978.33
19179,2017,All Issues (Census),2,710935,1.3333333333333333,1.3333333333333333,236978.33,236978.33
19179,2018,Payment Months (Type 3),1,544358,1.5,1.5,272179,272179
19179,2018,All Issues (Census),1,544358,1.5,1.5,272179,272179
19179,2022,Payment Months (Type 3),1,754582,1.5,1.5,377291,377291
19179,2022,All Issues (Census),1,754582,1.5,1.5,377291,377291
19179,2023,Payment Months (Type 3),2,1308331,1.3333333333333333,2,436110.33,1308331
19179,2023,All Issues (Census),2,1308331,1.3333333333333333,2,436110.33,1308331
19181,2017,Payment Months (Type 3),2,792278,1.3333333333333333,1.3333333333333333,264092.67,264092.67
19181,2017,All Issues (Census),2,792278,1.3333333333333333,1.3333333333333333,264092.67,264092.67
19183,2022,Payment Months (Type 3),1,304730,1.5,1.5,152365,152365
19183,2022,All Issues (Census),1,304730,1.5,1.5,152365,152365
19183,2024,Payment Months (Type 3),1,3174,1.5,1.5,1587,1587
19183,2024,All Issues (Census),1,3174,1.5,1.5,1587,1587
19185,2012,Payment Months (Type 3),2,2347444,1.3333333333333333,1.3333333333333333,782481.33,782481.33
19185,2012,All Issues (Census),2,2347444,1.3333333333333333,1.3333333333333333,782481.33,782481.33
19185,2017,Payment Months (Type 3),2,1334448,1.3333333333333333,1.3333333333333333,444816,444816
19185,2017,All Issues (Census),2,1334448,1.3333333333333333,1.3333333333333333,444816,444816
19185,2018,Payment Months (Type 3),1,1109405,1.5,1.5,554702.5,554702.5
19185,2018,All Issues (Census),1,1109405,1.5,1.5,554702.5,554702.5
19185,2023,Payment Months (Type 3),2,2458582,1.3333333333333333,2,819527.33,2458582
19185,2023,All Issues (Census),2,2458582,1.3333333333333333,2,819527.33,2458582
19187,2012,Payment Months (Type 3),2,158321,1.3333333333333333,1.3333333333333333,52773.67,52773.67
19187,2012,All Issues (Census),2,158321,1.3333333333333333,1.3333333333333333,52773.67,52773.67
19187,2013,Payment Months (Type 3),2,180236,1.5,1.5,90118,90118
19187,2013,All Issues (Census),2,180236,1.5,1.5,90118,90118
19187,2020,Payment Months (Type 3),2,35872,1.3333333333333333,2,11957.33,35872
19187,2020,All Issues (Census),2,35872,1.3333333333333333,2,11957.33,35872
19187,2021,Payment Months (Type 3),1,25223,1.5,1.5,12611.5,12611.5
19187,2021,All Issues (Census),1,25223,1.5,1.5,12611.5,12611.5
19189,2012,Payment Months (Type 3),2,14268,1.3333333333333333,1.3333333333333333,4756,4756
19189,2012,All Issues (Census),2,14268,1.3333333333333333,1.3333333333333333,4756,4756
19189,2013,Payment Months (Type 3),2,,1.5,1.5,,
19189,2013,All Issues (Census),2,,1.5,1.5,,
19189,2023,Payment Months (Type 3),1,20753,1.5,1.5,10376.5,10376.5
19189,2023,All Issues (Census),1,20753,1.5,1.5,10376.5,10376.5
19191,2023,Payment Months (Type 3),2,1067047,1.3333333333333333,2,355682.33,1067047
19191,2023,All Issues (Census),2,1067047,1.3333333333333333,2,355682.33,1067047
19191,2024,Payment Months (Type 3),2,807081,1.5,1.5,403540.5,403540.5
19191,2024,All Issues (Census),2,807081,1.5,1.5,403540.5,403540.5
19193,2012,Payment Months (Type 3),2,1595935.64,1.3333333333333333,1.3333333333333333,531978.55,531978.55
19193,2012,All Issues (Census),2,1595935.64,1.3333333333333333,1.3333333333333333,531978.55,531978.55
19193,2013,Payment Months (Type 3),2,84737,1.5,2,42368.5,84737
19193,2013,All Issues (Census),2,84737,1.5,2,42368.5,84737
19193,2021,Payment Months (Type 3),1,342539.95,1.5,1.5,171269.98,171269.98
19193,2021,All Issues (Census),1,342539.95,1.5,1.5,171269.98,171269.98
19193,2022,Payment Months (Type 3),2,1271283,1.3333333333333333,2,423761,1271283
19193,2022,All Issues (Census),2,1271283,1.3333333333333333,2,423761,1271283
19193,2023,Payment Months (Type 3),4,1161700,1.3333333333333333,2.5,387233.33,1742550
19193,2023,All Issues (Census),4,1161700,1.3333333333333333,2.5,387233.33,1742550
19195,2012,Payment Months (Type 3),2,97994,1.3333333333333333,1.3333333333333333,32664.67,32664.67
19195,2012,All Issues (Census),2,97994,1.3333333333333333,1.3333333333333333,32664.67,32664.67
19195,2013,Payment Months (Type 3),2,,1.5,1.5,,
19195,2013,All Issues (Census),2,,1.5,1.5,,
19195,2023,Payment Months (Type 3),2,34462,1.3333333333333333,2,11487.33,34462
19195,2023,All Issues (Census),2,34462,1.3333333333333333,2,11487.33,34462
19195,2024,Payment Months (Type 3),2,7290,1.5,1.5,3645,3645
19195,2024,All Issues (Census),2,7290,1.5,1.5,3645,3645
19197,2012,Payment Months (Type 3),2,71583,1.3333333333333333,1.3333333333333333,23861,23861
19197,2012,All Issues (Census),2,71583,1.3333333333333333,1.3333333333333333,23861,23861
19197,2013,Payment Months (Type 3),2,,1.5,1.5,,
19197,2013,All Issues (Census),2,,1.5,1.5,,
19197,2021,Payment Months (Type 3),2,39524,1.3333333333333333,2,13174.67,39524
19197,2021,All Issues (Census),2,39524,1.3333333333333333,2,13174.67,39524
19197,2023,Payment Months (Type 3),2,107429,1.3333333333333333,2,35809.67,107429
19197,2023,All Issues (Census),2,107429,1.3333333333333333,2,35809.67,107429
20001,2011,Payment Months (Type 3),1,118274.97,2,2,118274.97,118274.97
20001,2011,All Issues (Census),1,118274.97,2,2,118274.97,118274.97
20001,2012,Payment Months (Type 3),2,2553849,2.5,3,3830773.5,5107698
20001,2012,All Issues (Census),2,2553849,2.5,3,3830773.5,5107698
20001,2022,Payment Months (Type 3),1,2223472,2,2,2223472,2223472
20001,2022,All Issues (Census),1,2223472,2,2,2223472,2223472
20001,2023,Payment Months (Type 3),3,2483033,2,5,2483033,9932132
20001,2023,All Issues (Census),3,2483033,2,5,2483033,9932132
20003,2011,Payment Months (Type 3),1,185111,2,2,185111,185111
20003,2011,All Issues (Census),1,185111,2,2,185111,185111
20003,2012,Payment Months (Type 3),2,2610763,2.5,3,3916144.5,5221526
20003,2012,All Issues (Census),2,2610763,2.5,3,3916144.5,5221526
20003,2013,Payment Months (Type 3),1,246469,4,4,739407,739407
20003,2013,All Issues (Census),1,246469,4,4,739407,739407
20003,2023,Payment Months (Type 3),1,2355614.02,2,2,2355614.02,2355614.02
20003,2023,All Issues (Census),1,2355614.02,2,2,2355614.02,2355614.02
20005,2012,Payment Months (Type 3),1,1431194,2,2,1431194,1431194
20005,2012,All Issues (Census),1,1431194,2,2,1431194,1431194
20005,2018,Payment Months (Type 3),1,740019,2,2,740019,740019
20005,2018,All Issues (Census),1,740019,2,2,740019,740019
20007,2011,Payment Months (Type 3),2,778357,3,3,1556714,1556714
20007,2011,All Issues (Census),2,778357,3,3,1556714,1556714
20007,2012,Payment Months (Type 3),1,4348614,2.5,2.5,6522921,6522921
20007,2012,All Issues (Census),1,4348614,2.5,2.5,6522921,6522921
20007,2013,Payment Months (Type 3),2,3839180,1.25,1.5,959795,1919590
20007,2013,All Issues (Census),2,3839180,1.25,1.5,959795,1919590
20007,2022,Payment Months (Type 3),1,3682773,2,2,3682773,3682773
20007,2022,All Issues (Census),1,3682773,2,2,3682773,3682773
20007,2023,Payment Months (Type 3),1,4643538,1.25,1.25,1160884.5,1160884.5
20007,2023,All Issues (Census),1,4643538,1.25,1.25,1160884.5,1160884.5
20009,2011,Payment Months (Type 3),3,239783,1.5,3,119891.5,479566
20009,2011,All Issues (Census),3,239783,1.5,3,119891.5,479566
20009,2012,Payment Months (Type 3),2,1638474,2.5,3,2457711,3276948
20009,2012,All Issues (Census),2,1638474,2.5,3,2457711,3276948
20009,2013,Payment Months (Type 3),2,1556520,1.5,5,778260,6226080
20009,2013,All Issues (Census),2,1556520,1.5,5,778260,6226080
20009,2018,Payment Months (Type 3),1,472711,3,3,945422,945422
20009,2018,All Issues (Census),1,472711,3,3,945422,945422
20009,2022,Payment Months (Type 3),1,1272506,1.5,1.5,636253,636253
20009,2022,All Issues (Census),1,1272506,1.5,1.5,636253,636253
20009,2023,Payment Months (Type 3),1,1843308,2,2,1843308,1843308
20009,2023,All Issues (Census),1,1843308,2,2,1843308,1843308
20011,2012,Payment Months (Type 3),2,4332816,2.5,3,6499224,8665632
20011,2012,All Issues (Census),2,4332816,2.5,3,6499224,8665632
20011,2022,Payment Months (Type 3),1,3778316.57,2,2,3778316.57,3778316.57
20011,2022,All Issues (Census),1,3778316.57,2,2,3778316.57,3778316.57
20011,2023,Payment Months (Type 3),3,4107561.36,1.5,4,2053780.68,12322684.08
20011,2023,All Issues (Census),3,4107561.36,1.5,4,2053780.68,12322684.08
20013,2012,Payment Months (Type 3),1,1026137,2,2,1026137,1026137
20013,2012,All Issues (Census),1,1026137,2,2,1026137,1026137
20013,2018,Payment Months (Type 3),1,390909,1.5,1.5,195454.5,195454.5
20013,2018,All Issues (Census),1,390909,1.5,1.5,195454.5,195454.5
20015,2011,Payment Months (Type 3),1,409979,3,3,819958,819958
20015,2011,All Issues (Census),1,409979,3,3,819958,819958
20015,2012,Payment Months (Type 3),2,4578178.29,2.5,3,6867267.44,9156356.58
20015,2012,All Issues (Census),2,4578178.29,2.5,3,6867267.44,9156356.58
20015,2013,Payment Months (Type 3),1,4317654.98,4,4,12952964.94,12952964.94
20015,2013,All Issues (Census),1,4317654.98,4,4,12952964.94,12952964.94
20015,2018,Payment Months (Type 3),1,2252303,1.5,1.5,1126151.5,1126151.5
20015,2018,All Issues (Census),1,2252303,1.5,1.5,1126151.5,1126151.5
20015,2022,Payment Months (Type 3),1,3210115,2,2,3210115,3210115
20015,2022,All Issues (Census),1,3210115,2,2,3210115,3210115
20015,2023,Payment Months (Type 3),3,6056990,2,5,6056990,24227960
20015,2023,All Issues (Census),3,6056990,2,5,6056990,24227960
20017,2012,Payment Months (Type 3),1,4995876,2.5,2.5,7493814,7493814
20017,2012,All Issues (Census),1,4995876,2.5,2.5,7493814,7493814
20017,2013,Payment Months (Type 3),1,3589275,4,4,10767825,10767825
20017,2013,All Issues (Census),1,3589275,4,4,10767825,10767825
20017,2018,Payment Months (Type 3),1,1992468,2,2,1992468,1992468
20017,2018,All Issues (Census),1,1992468,2,2,1992468,1992468
20017,2023,Payment Months (Type 3),1,4868127,2,2,4868127,4868127
20017,2023,All Issues (Census),1,4868127,2,2,4868127,4868127
20019,2011,Payment Months (Type 3),1,449413,2,2,449413,449413
20019,2011,All Issues (Census),1,449413,2,2,449413,449413
20019,2012,Payment Months (Type 3),2,2641199,2,3,2641199,5282398
20019,2012,All Issues (Census),2,2641199,2,3,2641199,5282398
20019,2013,Payment Months (Type 3),1,2117724,4,4,6353172,6353172
20019,2013,All Issues (Census),1,2117724,4,4,6353172,6353172
20019,2022,Payment Months (Type 3),2,2698725,1.5,2,1349362.5,2698725
20019,2022,All Issues (Census),2,2698725,1.5,2,1349362.5,2698725
20019,2023,Payment Months (Type 3),3,3949169,2.5,5,5923753.5,15796676
20019,2023,All Issues (Census),3,3949169,2.5,5,5923753.5,15796676
20019,2024,Payment Months (Type 3),1,2558236,4,4,7674708,7674708
20019,2024,All Issues (Census),1,2558236,4,4,7674708,7674708
20021,2012,Payment Months (Type 3),1,2545732.51,2.5,2.5,3818598.76,3818598.76
20021,2012,All Issues (Census),1,2545732.51,2.5,2.5,3818598.76,3818598.76
20021,2018,Payment Months (Type 3),1,1169306,1.5,1.5,584653,584653
20021,2018,All Issues (Census),1,1169306,1.5,1.5,584653,584653
20021,2022,Payment Months (Type 3),1,2327763,2,2,2327763,2327763
20021,2022,All Issues (Census),1,2327763,2,2,2327763,2327763
20021,2023,Payment Months (Type 3),2,1791178,1.5,5,895589,7164712
20021,2023,All Issues (Census),2,1791178,1.5,5,895589,7164712
20023,2012,Payment Months (Type 3),1,2771518.31,2.5,2.5,4157277.46,4157277.46
20023,2012,All Issues (Census),1,2771518.31,2.5,2.5,4157277.46,4157277.46
20023,2013,Payment Months (Type 3),2,2952137,2.5,5,4428205.5,11808548
20023,2013,All Issues (Census),2,2952137,2.5,5,4428205.5,11808548
20023,2014,Payment Months (Type 3),2,2218660.32,2,4,2218660.32,6655980.96
20023,2014,All Issues (Census),2,2218660.32,2,4,2218660.32,6655980.96
20023,2021,Payment Months (Type 3),2,294946,2,3,294946,589892
20023,2021,All Issues (Census),2,294946,2,3,294946,589892
20023,2022,Payment Months (Type 3),2,1898220,1.5,2,949110,1898220
20023,2022,All Issues (Census),2,1898220,1.5,2,949110,1898220
20023,2023,Payment Months (Type 3),2,2075552,2,4,2075552,6226656
20023,2023,All Issues (Census),2,2075552,2,4,2075552,6226656
20025,2011,Payment Months (Type 3),2,1052499,3,3,2104998,2104998
20025,2011,All Issues (Census),2,1052499,3,3,2104998,2104998
20025,2012,Payment Months (Type 3),1,4329016,2.5,2.5,6493524,6493524
20025,2012,All Issues (Census),1,4329016,2.5,2.5,6493524,6493524
20025,2013,Payment Months (Type 3),2,3785212,1.25,1.5,946303,1892606
20025,2013,All Issues (Census),2,3785212,1.25,1.5,946303,1892606
20025,2022,Payment Months (Type 3),1,4845090.58,2.5,2.5,7267635.87,7267635.87
20025,2022,All Issues (Census),1,4845090.58,2.5,2.5,7267635.87,7267635.87
20025,2023,Payment Months (Type 3),1,5841393,1.25,1.25,1460348.25,1460348.25
20025,2023,All Issues (Census),1,5841393,1.25,1.25,1460348.25,1460348.25
20027,2012,Payment Months (Type 3),1,1809349,1.5,1.5,904674.5,904674.5
20027,2012,All Issues (Census),1,1809349,1.5,1.5,904674.5,904674.5
20027,2013,Payment Months (Type 3),1,20793,4,4,62379,62379
20027,2013,All Issues (Census),1,20793,4,4,62379,62379
20029,2012,Payment Months (Type 3),1,2368440,2,2,2368440,2368440
20029,2012,All Issues (Census),1,2368440,2,2,2368440,2368440
20031,2011,Payment Months (Type 3),1,336664,2,2,336664,336664
20031,2011,All Issues (Census),1,336664,2,2,336664,336664
20031,2012,Payment Months (Type 3),2,3751344,2.5,3,5627016,7502688
20031,2012,All Issues (Census),2,3751344,2.5,3,5627016,7502688
20031,2013,Payment Months (Type 3),1,2627762,4,4,7883286,7883286
20031,2013,All Issues (Census),1,2627762,4,4,7883286,7883286
20031,2018,Payment Months (Type 3),1,1115501,1.5,1.5,557750.5,557750.5
20031,2018,All Issues (Census),1,1115501,1.5,1.5,557750.5,557750.5
20031,2023,Payment Months (Type 3),3,3842573,2,4,3842573,11527719
20031,2023,All Issues (Census),3,3842573,2,4,3842573,11527719
20033,2011,Payment Months (Type 3),2,50051,3,3,100102,100102
20033,2011,All Issues (Census),2,50051,3,3,100102,100102
20033,2012,Payment Months (Type 3),1,214287,2.5,2.5,321430.5,321430.5
20033,2012,All Issues (Census),1,214287,2.5,2.5,321430.5,321430.5
20033,2013,Payment Months (Type 3),2,198063,1.25,1.5,49515.75,99031.5
20033,2013,All Issues (Census),2,198063,1.25,1.5,49515.75,99031.5
20033,2022,Payment Months (Type 3),1,144574,2,2,144574,144574
20033,2022,All Issues (Census),1,144574,2,2,144574,144574
20033,2023,Payment Months (Type 3),1,255000,1.25,1.25,63750,63750
20033,2023,All Issues (Census),1,255000,1.25,1.25,63750,63750
20035,2011,Payment Months (Type 3),1,693507,3,3,1387014,1387014
20035,2011,All Issues (Census),1,693507,3,3,1387014,1387014
20035,2012,Payment Months (Type 3),1,4486027,2,2,4486027,4486027
20035,2012,All Issues (Census),1,4486027,2,2,4486027,4486027
20035,2013,Payment Months (Type 3),1,3656566,1.25,1.25,914141.5,914141.5
20035,2013,All Issues (Census),1,3656566,1.25,1.25,914141.5,914141.5
20035,2022,Payment Months (Type 3),1,4776131,2,2,4776131,4776131
20035,2022,All Issues (Census),1,4776131,2,2,4776131,4776131
20035,2023,Payment Months (Type 3),2,6795879,1.25,2,1698969.75,6795879
20035,2023,All Issues (Census),2,6795879,1.25,2,1698969.75,6795879
20037,2012,Payment Months (Type 3),2,4169207.35,2.5,3,6253811.03,8338414.7
20037,2012,All Issues (Census),2,4169207.35,2.5,3,6253811.03,8338414.7
20037,2022,Payment Months (Type 3),1,3219841,2,2,3219841,3219841
20037,2022,All Issues (Census),1,3219841,2,2,3219841,3219841
20037,2023,Payment Months (Type 3),3,3751593,1.5,5,1875796.5,15006372
20037,2023,All Issues (Census),3,3751593,1.5,5,1875796.5,15006372
20039,2012,Payment Months (Type 3),1,2756060.4,2.5,2.5,4134090.6,4134090.6
20039,2012,All Issues (Census),1,2756060.4,2.5,2.5,4134090.6,4134090.6
20039,2013,Payment Months (Type 3),2,3037315.28,2.5,5,4555972.92,12149261.12
20039,2013,All Issues (Census),2,3037315.28,2.5,5,4555972.92,12149261.12
20039,2014,Payment Months (Type 3),1,2200699.93,4,4,6602099.79,6602099.79
20039,2014,All Issues (Census),1,2200699.93,4,4,6602099.79,6602099.79
20039,2021,Payment Months (Type 3),2,48971,2,3,48971,97942
20039,2021,All Issues (Census),2,48971,2,3,48971,97942
20039,2022,Payment Months (Type 3),2,2252823,1.5,2.5,1126411.5,3379234.5
20039,2022,All Issues (Census),2,2252823,1.5,2.5,1126411.5,3379234.5
20039,2023,Payment Months (Type 3),2,2547210,2,5,2547210,10188840
20039,2023,All Issues (Census),2,2547210,2,5,2547210,10188840
20041,2012,Payment Months (Type 3),1,2667800,2.5,2.5,4001700,4001700
20041,2012,All Issues (Census),1,2667800,2.5,2.5,4001700,4001700
20041,2013,Payment Months (Type 3),1,1623985,4,4,4871955,4871955
20041,2013,All Issues (Census),1,1623985,4,4,4871955,4871955
20041,2018,All Issues (Census),1,910244,2,2,910244,910244
20041,2023,Payment Months (Type 3),1,1867170,2,2,1867170,1867170
20041,2023,All Issues (Census),1,1867170,2,2,1867170,1867170
20043,2012,Payment Months (Type 3),1,649262,2,2,649262,649262
20043,2012,All Issues (Census),1,649262,2,2,649262,649262
20043,2018,Payment Months (Type 3),1,285130,1.5,1.5,142565,142565
20043,2018,All Issues (Census),1,285130,1.5,1.5,142565,142565
20045,2012,Payment Months (Type 3),1,1569611.9,2.5,2.5,2354417.85,2354417.85
20045,2012,All Issues (Census),1,1569611.9,2.5,2.5,2354417.85,2354417.85
20045,2013,Payment Months (Type 3),1,,4,4,,
20045,2013,All Issues (Census),1,,4,4,,
20045,2018,Payment Months (Type 3),1,812530,2.5,2.5,1218795,1218795
20045,2018,All Issues (Census),1,812530,2.5,2.5,1218795,1218795
20047,2011,Payment Months (Type 3),2,122253,3,3,244506,244506
20047,2011,All Issues (Census),2,122253,3,3,244506,244506
20047,2012,Payment Months (Type 3),2,1171337,2.5,4,1757005.5,3514011
20047,2012,All Issues (Census),2,1171337,2.5,4,1757005.5,3514011
20047,2013,Payment Months (Type 3),2,1056081,1.5,4,528040.5,3168243
20047,2013,All Issues (Census),2,1056081,2,4,1056081,3168243
20047,2018,Payment Months (Type 3),1,495881,4,4,1487643,1487643
20047,2018,All Issues (Census),1,495881,4,4,1487643,1487643
20047,2022,Payment Months (Type 3),1,1136590,2,2,1136590,1136590
20047,2022,All Issues (Census),1,1136590,2,2,1136590,1136590
20047,2023,Payment Months (Type 3),2,1686412,1.25,1.5,421603,843206
20047,2023,All Issues (Census),2,1686412,1.25,1.5,421603,843206
20049,2011,Payment Months (Type 3),1,295878,3,3,591756,591756
20049,2011,All Issues (Census),1,295878,3,3,591756,591756
20049,2012,Payment Months (Type 3),2,2772535,2.5,3,4158802.5,5545070
20049,2012,All Issues (Census),2,2772535,2.5,3,4158802.5,5545070
20049,2013,Payment Months (Type 3),1,775634,4,4,2326902,2326902
20049,2013,All Issues (Census),1,775634,4,4,2326902,2326902
20049,2022,Payment Months (Type 3),1,2137378,2,2,2137378,2137378
20049,2022,All Issues (Census),1,2137378,2,2,2137378,2137378
20049,2023,Payment Months (Type 3),3,2940760,2.5,5,4411140,11763040
20049,2023,All Issues (Census),3,2940760,2.5,5,4411140,11763040
20049,2024,Payment Months (Type 3),1,8513,4,4,25539,25539
20049,2024,All Issues (Census),1,8513,4,4,25539,25539
20051,2012,Payment Months (Type 3),1,3396059.73,2.5,2.5,5094089.6,5094089.6
20051,2012,All Issues (Census),1,3396059.73,2.5,2.5,5094089.6,5094089.6
20051,2013,Boundary (Type 1),1,3793938,4,4,11381814,11381814
20051,2013,Payment Months (Type 3),1,3793938,5,5,15175752,15175752
20051,2013,All Issues (Census),2,3793938,4,5,11381814,15175752
20051,2022,Payment Months (Type 3),1,2369860,2,2,2369860,2369860
20051,2022,All Issues (Census),1,2369860,2,2,2369860,2369860
20051,2023,Payment Months (Type 3),3,3398524,2,5,3398524,13594096
20051,2023,All Issues (Census),3,3398524,2,5,3398524,13594096
20051,2024,Payment Months (Type 3),1,697292.03,4,4,2091876.09,2091876.09
20051,2024,All Issues (Census),1,697292.03,4,4,2091876.09,2091876.09
20053,2011,Payment Months (Type 3),3,412414,1.5,3,206207,824828
20053,2011,All Issues (Census),3,412414,1.5,3,206207,824828
20053,2012,Payment Months (Type 3),1,3413706,2.5,2.5,5120559,5120559
20053,2012,All Issues (Census),1,3413706,2.5,2.5,5120559,5120559
20053,2013,Payment Months (Type 3),1,834952,4,4,2504856,2504856
20053,2013,All Issues (Census),1,834952,4,4,2504856,2504856
20053,2022,Payment Months (Type 3),1,2780126,1.5,1.5,1390063,1390063
20053,2022,All Issues (Census),1,2780126,1.5,1.5,1390063,1390063
20053,2023,Payment Months (Type 3),1,4083188,2,2,4083188,4083188
20053,2023,All Issues (Census),1,4083188,2,2,4083188,4083188
20055,2011,Payment Months (Type 3),3,80822,1.5,3,40411,161644
20055,2011,All Issues (Census),3,80822,1.5,3,40411,161644
20055,2012,Payment Months (Type 3),2,687389,2.5,5,1031083.5,2749556
20055,2012,All Issues (Census),2,687389,2.5,5,1031083.5,2749556
20055,2013,Payment Months (Type 3),2,798280,2.5,5,1197420,3193120
20055,2013,All Issues (Census),2,798280,2.5,5,1197420,3193120
20055,2018,Payment Months (Type 3),1,268326,3,3,536652,536652
20055,2018,All Issues (Census),1,268326,3,3,536652,536652
20055,2020,Payment Months (Type 3),1,252526,4,4,757578,757578
20055,2020,All Issues (Census),1,252526,4,4,757578,757578
20055,2022,Payment Months (Type 3),1,650707,2.5,2.5,976060.5,976060.5
20055,2022,All Issues (Census),1,650707,2.5,2.5,976060.5,976060.5
20055,2023,Payment Months (Type 3),2,907694,1.25,1.5,226923.5,453847
20055,2023,All Issues (Census),2,907694,1.25,1.5,226923.5,453847
20055,2024,Payment Months (Type 3),1,503376,3,3,1006752,1006752
20055,2024,All Issues (Census),1,503376,3,3,1006752,1006752
20057,2011,Payment Months (Type 3),2,220372,3,3,440744,440744
20057,2011,All Issues (Census),2,220372,3,3,440744,440744
20057,2012,Payment Months (Type 3),2,1112384,2,4,1112384,3337152
20057,2012,All Issues (Census),2,1112384,2,4,1112384,3337152
20057,2013,Payment Months (Type 3),2,1294831,2,5,1294831,5179324
20057,2013,All Issues (Census),2,1294831,2,5,1294831,5179324
20057,2018,Payment Months (Type 3),1,913371,4,4,2740113,2740113
20057,2018,All Issues (Census),1,913371,4,4,2740113,2740113
20057,2022,Payment Months (Type 3),1,1521621,2.5,2.5,2282431.5,2282431.5
20057,2022,All Issues (Census),1,1521621,2.5,2.5,2282431.5,2282431.5
20057,2023,Payment Months (Type 3),2,1644881,1.25,1.5,411220.25,822440.5
20057,2023,All Issues (Census),2,1644881,1.25,1.5,411220.25,822440.5
20057,2024,Payment Months (Type 3),1,461744,3,3,923488,923488
20057,2024,All Issues (Census),1,461744,3,3,923488,923488
20059,2012,Payment Months (Type 3),1,2861633.2,2.5,2.5,4292449.8,4292449.8
20059,2012,All Issues (Census),1,2861633.2,2.5,2.5,4292449.8,4292449.8
20059,2013,Payment Months (Type 3),1,21416,4,4,64248,64248
20059,2013,All Issues (Census),1,21416,4,4,64248,64248
20059,2018,Payment Months (Type 3),1,1198158,2,2,1198158,1198158
20059,2018,All Issues (Census),1,1198158,2,2,1198158,1198158
20059,2023,Payment Months (Type 3),1,2230693,1.5,1.5,1115346.5,1115346.5
20059,2023,All Issues (Census),1,2230693,1.5,1.5,1115346.5,1115346.5
20061,2012,Payment Months (Type 3),1,1029367,2,2,1029367,1029367
20061,2012,All Issues (Census),1,1029367,2,2,1029367,1029367
20061,2013,Payment Months (Type 3),1,16093,4,4,48279,48279
20061,2013,All Issues (Census),1,16093,4,4,48279,48279
20061,2018,Payment Months (Type 3),1,679349,2,2,679349,679349
20061,2018,All Issues (Census),1,679349,2,2,679349,679349
20061,2023,Payment Months (Type 3),1,1115530,2,2,1115530,1115530
20061,2023,All Issues (Census),1,1115530,2,2,1115530,1115530
20063,2012,Payment Months (Type 3),1,2701010.02,2.5,2.5,4051515.03,4051515.03
20063,2012,All Issues (Census),1,2701010.02,2.5,2.5,4051515.03,4051515.03
20063,2013,Payment Months (Type 3),2,2994693,2.5,5,4492039.5,11978772
20063,2013,All Issues (Census),2,2994693,2.5,5,4492039.5,11978772
20063,2022,Payment Months (Type 3),1,885241,2.5,2.5,1327861.5,1327861.5
20063,2022,All Issues (Census),1,885241,2.5,2.5,1327861.5,1327861.5
20063,2023,Payment Months (Type 3),3,1121678,1.5,5,560839,4486712
20063,2023,All Issues (Census),3,1121678,1.5,5,560839,4486712
20065,2012,Payment Months (Type 3),1,2899247.97,2.5,2.5,4348871.96,4348871.96
20065,2012,All Issues (Census),1,2899247.97,2.5,2.5,4348871.96,4348871.96
20065,2013,Payment Months (Type 3),2,3049023,2.5,5,4573534.5,12196092
20065,2013,All Issues (Census),2,3049023,2.5,5,4573534.5,12196092
20065,2014,Threshold (Type 2),4,1709838,1.3333333333333333,1.3333333333333333,569946,569946
20065,2014,All Issues (Census),4,1709838,1.3333333333333333,1.3333333333333333,569946,569946
20065,2022,Payment Months (Type 3),1,1787990,2,2,1787990,1787990
20065,2022,All Issues (Census),1,1787990,2,2,1787990,1787990
20065,2023,Payment Months (Type 3),3,2784935,2,4,2784935,8354805
20065,2023,All Issues (Census),3,2784935,2,4,2784935,8354805
20065,2024,Payment Months (Type 3),1,30649,4,4,91947,91947
20065,2024,All Issues (Census),1,30649,4,4,91947,91947
20067,2011,Payment Months (Type 3),2,59544,3,3,119088,119088
20067,2011,All Issues (Census),2,59544,3,3,119088,119088
20067,2012,Payment Months (Type 3),2,255827,2.5,5,383740.5,1023308
20067,2012,All Issues (Census),2,255827,2.5,5,383740.5,1023308
20067,2013,Payment Months (Type 3),2,299847,2.5,5,449770.5,1199388
20067,2013,All Issues (Census),2,299847,2.5,5,449770.5,1199388
20067,2014,Payment Months (Type 3),2,190167,2,4,190167,570501
20067,2014,All Issues (Census),2,190167,2,4,190167,570501
20067,2015,Payment Months (Type 3),1,30103,4,4,90309,90309
20067,2015,All Issues (Census),1,30103,4,4,90309,90309
20067,2018,Payment Months (Type 3),1,143449,4,4,430347,430347
20067,2018,All Issues (Census),1,143449,4,4,430347,430347
20067,2020,Payment Months (Type 3),1,130251,4,4,390753,390753
20067,2020,All Issues (Census),1,130251,4,4,390753,390753
20067,2022,Payment Months (Type 3),1,351831,2.5,2.5,527746.5,527746.5
20067,2022,All Issues (Census),1,351831,2.5,2.5,527746.5,527746.5
20067,2023,Payment Months (Type 3),1,372370,1.25,1.25,93092.5,93092.5
20067,2023,All Issues (Census),1,372370,1.25,1.25,93092.5,93092.5
20069,2011,Payment Months (Type 3),3,104632,1.5,3,52316,209264
20069,2011,All Issues (Census),3,104632,1.5,3,52316,209264
20069,2012,Payment Months (Type 3),2,684890,2.5,5,1027335,2739560
20069,2012,All Issues (Census),2,684890,2.5,5,1027335,2739560
20069,2013,Payment Months (Type 3),2,845117,2.5,5,1267675.5,3380468
20069,2013,All Issues (Census),2,845117,2.5,5,1267675.5,3380468
20069,2014,Payment Months (Type 3),1,667981,2,2,667981,667981
20069,2014,All Issues (Census),1,667981,2,2,667981,667981
20069,2015,Payment Months (Type 3),1,738,4,4,2214,2214
20069,2015,All Issues (Census),1,738,4,4,2214,2214
20069,2018,Payment Months (Type 3),1,323878,4,4,971634,971634
20069,2018,All Issues (Census),1,323878,4,4,971634,971634
20069,2020,Payment Months (Type 3),1,107826,4,4,323478,323478
20069,2020,All Issues (Census),1,107826,4,4,323478,323478
20069,2022,Payment Months (Type 3),1,897100,2.5,2.5,1345650,1345650
20069,2022,All Issues (Census),1,897100,2.5,2.5,1345650,1345650
20069,2023,Payment Months (Type 3),1,1021221,1.25,1.25,255305.25,255305.25
20069,2023,All Issues (Census),1,1021221,1.25,1.25,255305.25,255305.25
20071,2012,Payment Months (Type 3),1,221883,2.5,2.5,332824.5,332824.5
20071,2012,All Issues (Census),1,221883,2.5,2.5,332824.5,332824.5
20071,2013,Payment Months (Type 3),2,247529,2,5,247529,990116
20071,2013,All Issues (Census),2,247529,2,5,247529,990116
20071,2014,Payment Months (Type 3),1,202352,2,2,202352,202352
20071,2014,All Issues (Census),1,202352,2,2,202352,202352
20071,2020,Payment Months (Type 3),1,141385,2,2,141385,141385
20071,2020,All Issues (Census),1,141385,2,2,141385,141385
20071,2021,Payment Months (Type 3),2,21391,2,4,21391,64173
20071,2021,All Issues (Census),2,21391,2,4,21391,64173
20071,2022,Payment Months (Type 3),1,215926,1.5,1.5,107963,107963
20071,2022,All Issues (Census),1,215926,1.5,1.5,107963,107963
20071,2023,Payment Months (Type 3),1,576417.4,1.25,1.25,144104.35,144104.35
20071,2023,All Issues (Census),1,576417.4,1.25,1.25,144104.35,144104.35
20073,2011,Payment Months (Type 3),1,690523,3,3,1381046,1381046
20073,2011,All Issues (Census),1,690523,3,3,1381046,1381046
20073,2012,Payment Months (Type 3),2,7743142,2.5,3,11614713,15486284
20073,2012,All Issues (Census),2,7743142,2.5,3,11614713,15486284
20073,2013,Payment Months (Type 3),1,7503646,4,4,22510938,22510938
20073,2013,All Issues (Census),1,7503646,4,4,22510938,22510938
20073,2022,Payment Months (Type 3),1,4361676,2,2,4361676,4361676
20073,2022,All Issues (Census),1,4361676,2,2,4361676,4361676
20073,2023,Payment Months (Type 3),3,9381132,2.5,5,14071698,37524528
20073,2023,All Issues (Census),3,9381132,2.5,5,14071698,37524528
20075,2011,Payment Months (Type 3),3,268516,1.5,3,134258,537032
20075,2011,All Issues (Census),3,268516,1.5,3,134258,537032
20075,2012,Payment Months (Type 3),2,764906,2.5,3,1147359,1529812
20075,2012,All Issues (Census),2,764906,2.5,3,1147359,1529812
20075,2013,Payment Months (Type 3),2,834211,2,5,834211,3336844
20075,2013,All Issues (Census),2,834211,2,5,834211,3336844
20075,2014,Payment Months (Type 3),1,556703,1.5,1.5,278351.5,278351.5
20075,2014,All Issues (Census),1,556703,1.5,1.5,278351.5,278351.5
20075,2018,Payment Months (Type 3),1,323354,3,3,646708,646708
20075,2018,All Issues (Census),1,323354,3,3,646708,646708
20075,2020,Payment Months (Type 3),1,317128,2,2,317128,317128
20075,2020,All Issues (Census),1,317128,2,2,317128,317128
20075,2021,Payment Months (Type 3),2,169244,2,4,169244,507732
20075,2021,All Issues (Census),2,169244,2,4,169244,507732
20075,2022,Payment Months (Type 3),1,1054912,2,2,1054912,1054912
20075,2022,All Issues (Census),1,1054912,2,2,1054912,1054912
20075,2023,Payment Months (Type 3),1,1135886,1.25,1.25,283971.5,283971.5
20075,2023,All Issues (Census),1,1135886,1.25,1.25,283971.5,283971.5
20077,2011,Payment Months (Type 3),1,199598,3,3,399196,399196
20077,2011,All Issues (Census),1,199598,3,3,399196,399196
20077,2012,Payment Months (Type 3),1,3229345,2.5,2.5,4844017.5,4844017.5
20077,2012,All Issues (Census),1,3229345,2.5,2.5,4844017.5,4844017.5
20077,2013,Payment Months (Type 3),2,2641162,1.25,1.5,660290.5,1320581
20077,2013,All Issues (Census),2,2641162,1.25,1.5,660290.5,1320581
20077,2014,Boundary (Type 1),1,2219178,1.3333333333333333,1.3333333333333333,739726,739726
20077,2014,All Issues (Census),1,2219178,1.3333333333333333,1.3333333333333333,739726,739726
20077,2022,Payment Months (Type 3),1,3144854,2,2,3144854,3144854
20077,2022,All Issues (Census),1,3144854,2,2,3144854,3144854
20077,2023,Payment Months (Type 3),1,4015498,1.25,1.25,1003874.5,1003874.5
20077,2023,All Issues (Census),1,4015498,1.25,1.25,1003874.5,1003874.5
20079,2011,Payment Months (Type 3),1,47460,3,3,94920,94920
20079,2011,All Issues (Census),1,47460,3,3,94920,94920
20079,2012,Payment Months (Type 3),2,507562,2.5,3,761343,1015124
20079,2012,All Issues (Census),2,507562,2.5,3,761343,1015124
20079,2013,Payment Months (Type 3),1,476229,5,5,1904916,1904916
20079,2013,All Issues (Census),1,476229,5,5,1904916,1904916
20079,2018,Payment Months (Type 3),1,228662,1.5,1.5,114331,114331
20079,2018,All Issues (Census),1,228662,1.5,1.5,114331,114331
20079,2022,Payment Months (Type 3),1,246976,1.5,1.5,123488,123488
20079,2022,All Issues (Census),1,246976,1.5,1.5,123488,123488
20079,2023,Payment Months (Type 3),1,585545,2,2,585545,585545
20079,2023,All Issues (Census),1,585545,2,2,585545,585545
20081,2011,Payment Months (Type 3),2,22091,3,3,44182,44182
20081,2011,All Issues (Census),2,22091,3,3,44182,44182
20081,2012,Payment Months (Type 3),2,175869,2.5,5,263803.5,703476
20081,2012,All Issues (Census),2,175869,2.5,5,263803.5,703476
20081,2013,Payment Months (Type 3),2,295603,2.5,5,443404.5,1182412
20081,2013,All Issues (Census),2,295603,2.5,5,443404.5,1182412
20081,2014,Payment Months (Type 3),1,236398,4,4,709194,709194
20081,2014,All Issues (Census),1,236398,4,4,709194,709194
20081,2018,Payment Months (Type 3),1,95800,4,4,287400,287400
20081,2018,All Issues (Census),1,95800,4,4,287400,287400
20081,2022,Payment Months (Type 3),1,217185,2.5,2.5,325777.5,325777.5
20081,2022,All Issues (Census),1,217185,2.5,2.5,325777.5,325777.5
20081,2023,Payment Months (Type 3),1,190461,1.25,1.25,47615.25,47615.25
20081,2023,All Issues (Census),1,190461,1.25,1.25,47615.25,47615.25
20083,2011,Payment Months (Type 3),3,364400,1.5,3,182200,728800
20083,2011,All Issues (Census),3,364400,1.5,3,182200,728800
20083,2012,Payment Months (Type 3),2,2029429,2.5,4,3044143.5,6088287
20083,2012,All Issues (Census),2,2029429,2.5,4,3044143.5,6088287
20083,2013,Payment Months (Type 3),2,2271876,2,4,2271876,6815628
20083,2013,All Issues (Census),2,2271876,2,4,2271876,6815628
20083,2018,Payment Months (Type 3),1,762546,4,4,2287638,2287638
20083,2018,All Issues (Census),1,762546,4,4,2287638,2287638
20083,2022,Payment Months (Type 3),1,2336181,2.5,2.5,3504271.5,3504271.5
20083,2022,All Issues (Census),1,2336181,2.5,2.5,3504271.5,3504271.5
20083,2023,Payment Months (Type 3),2,2985417,1.25,1.5,746354.25,1492708.5
20083,2023,All Issues (Census),2,2985417,1.25,1.5,746354.25,1492708.5
20083,2024,Payment Months (Type 3),1,1993899,3,3,3987798,3987798
20083,2024,All Issues (Census),1,1993899,3,3,3987798,3987798
20085,2012,Payment Months (Type 3),1,3131902,2,2,3131902,3131902
20085,2012,All Issues (Census),1,3131902,2,2,3131902,3131902
20085,2013,Payment Months (Type 3),1,,4,4,,
20085,2013,All Issues (Census),1,,4,4,,
20085,2018,Payment Months (Type 3),1,1833090,2,2,1833090,1833090
20085,2018,All Issues (Census),1,1833090,2,2,1833090,1833090
20087,2012,Payment Months (Type 3),1,1675179,2,2,1675179,1675179
20087,2012,All Issues (Census),1,1675179,2,2,1675179,1675179
20087,2013,Payment Months (Type 3),1,,4,4,,
20087,2013,All Issues (Census),1,,4,4,,
20087,2018,Payment Months (Type 3),1,1121822,2.5,2.5,1682733,1682733
20087,2018,All Issues (Census),1,1121822,2.5,2.5,1682733,1682733
20089,2012,Payment Months (Type 3),1,3448451,2,2,3448451,3448451
20089,2012,All Issues (Census),1,3448451,2,2,3448451,3448451
20089,2013,Payment Months (Type 3),1,2209393,5,5,8837572,8837572
20089,2013,All Issues (Census),1,2209393,5,5,8837572,8837572
20089,2023,Payment Months (Type 3),1,2097680,2,2,2097680,2097680
20089,2023,All Issues (Census),1,2097680,2,2,2097680,2097680
20089,2024,Payment Months (Type 3),1,519218,4,4,1557654,1557654
20089,2024,All Issues (Census),1,519218,4,4,1557654,1557654
20091,2012,Payment Months (Type 3),1,749356,2.5,2.5,1124034,1124034
20091,2012,All Issues (Census),1,749356,2.5,2.5,1124034,1124034
20091,2018,Payment Months (Type 3),1,381391.63,2.5,2.5,572087.45,572087.45
20091,2018,All Issues (Census),1,381391.63,2.5,2.5,572087.45,572087.45
20093,2011,Payment Months (Type 3),3,255501.91,1.5,3,127750.96,511003.82
20093,2011,All Issues (Census),3,255501.91,1.5,3,127750.96,511003.82
20093,2012,Payment Months (Type 3),2,708825,2.5,4,1063237.5,2126475
20093,2012,All Issues (Census),2,708825,2.5,4,1063237.5,2126475
20093,2013,Payment Months (Type 3),2,771172,2,5,771172,3084688
20093,2013,All Issues (Census),2,771172,2,5,771172,3084688
20093,2014,Payment Months (Type 3),1,594001,1.5,1.5,297000.5,297000.5
20093,2014,All Issues (Census),1,594001,1.5,1.5,297000.5,297000.5
20093,2018,Payment Months (Type 3),1,233258,3,3,466516,466516
20093,2018,All Issues (Census),1,233258,3,3,466516,466516
20093,2020,Payment Months (Type 3),1,395978,4,4,1187934,1187934
20093,2020,All Issues (Census),1,395978,4,4,1187934,1187934
20093,2022,Payment Months (Type 3),1,675306,2.5,2.5,1012959,1012959
20093,2022,All Issues (Census),1,675306,2.5,2.5,1012959,1012959
20093,2023,Payment Months (Type 3),1,876704,1.25,1.25,219176,219176
20093,2023,All Issues (Census),1,876704,1.25,1.25,219176,219176
20093,2024,Payment Months (Type 3),1,424756,3,3,849512,849512
20093,2024,All Issues (Census),1,424756,3,3,849512,849512
20095,2011,Payment Months (Type 3),1,450168,3,3,900336,900336
20095,2011,All Issues (Census),1,450168,3,3,900336,900336
20095,2012,Payment Months (Type 3),2,2866172,1.5,4,1433086,8598516
20095,2012,All Issues (Census),2,2866172,1.5,4,1433086,8598516
20095,2013,Payment Months (Type 3),1,3131637.96,5,5,12526551.84,12526551.84
20095,2013,All Issues (Census),1,3131637.96,5,5,12526551.84,12526551.84
20095,2018,Payment Months (Type 3),1,1538207,3,3,3076414,3076414
20095,2018,All Issues (Census),1,1538207,3,3,3076414,3076414
20095,2022,Payment Months (Type 3),1,2844429,2,2,2844429,2844429
20095,2022,All Issues (Census),1,2844429,2,2,2844429,2844429
20095,2023,Payment Months (Type 3),1,5242602,1.25,1.25,1310650.5,1310650.5
20095,2023,All Issues (Census),1,5242602,1.25,1.25,1310650.5,1310650.5
20097,2011,Payment Months (Type 3),2,472710,3,3,945420,945420
20097,2011,All Issues (Census),2,472710,3,3,945420,945420
20097,2012,Payment Months (Type 3),2,3034445,2.5,4,4551667.5,9103335
20097,2012,All Issues (Census),2,3034445,2.5,4,4551667.5,9103335
20097,2013,Payment Months (Type 3),2,2839560.75,1.5,5,1419780.38,11358243
20097,2013,All Issues (Census),2,2839560.75,1.5,5,1419780.38,11358243
20097,2018,Payment Months (Type 3),1,1816387,4,4,5449161,5449161
20097,2018,All Issues (Census),1,1816387,4,4,5449161,5449161
20097,2022,Payment Months (Type 3),1,3285664.69,2,2,3285664.69,3285664.69
20097,2022,All Issues (Census),1,3285664.69,2,2,3285664.69,3285664.69
20097,2023,Payment Months (Type 3),2,4460442,1.25,1.5,1115110.5,2230221
20097,2023,All Issues (Census),2,4460442,1.25,1.5,1115110.5,2230221
20099,2012,Payment Months (Type 3),2,5830947,2.5,3,8746420.5,11661894
20099,2012,All Issues (Census),2,5830947,2.5,3,8746420.5,11661894
20099,2013,Payment Months (Type 3),1,1383955,4,4,4151865,4151865
20099,2013,All Issues (Census),1,1383955,4,4,4151865,4151865
20099,2018,Payment Months (Type 3),1,2655417,1.5,1.5,1327708.5,1327708.5
20099,2018,All Issues (Census),1,2655417,1.5,1.5,1327708.5,1327708.5
20099,2022,Payment Months (Type 3),1,5485566,2,2,5485566,5485566
20099,2022,All Issues (Census),1,5485566,2,2,5485566,5485566
20099,2023,Payment Months (Type 3),2,5419929,2,5,5419929,21679716
20099,2023,All Issues (Census),2,5419929,2,5,5419929,21679716
20101,2011,Payment Months (Type 3),3,207635,1.5,3,103817.5,415270
20101,2011,All Issues (Census),3,207635,1.5,3,103817.5,415270
20101,2012,Payment Months (Type 3),2,1416099,2.5,3,2124148.5,2832198
20101,2012,All Issues (Census),2,1416099,2.5,3,2124148.5,2832198
20101,2013,Payment Months (Type 3),2,1511339,2.5,5,2267008.5,6045356
20101,2013,All Issues (Census),2,1511339,2.5,5,2267008.5,6045356
20101,2022,Payment Months (Type 3),1,1741012,2.5,2.5,2611518,2611518
20101,2022,All Issues (Census),1,1741012,2.5,2.5,2611518,2611518
20101,2023,Payment Months (Type 3),2,2172939,1.25,1.5,543234.75,1086469.5
20101,2023,All Issues (Census),2,2172939,1.25,1.5,543234.75,1086469.5
20103,2012,Payment Months (Type 3),1,870197,2,2,870197,870197
20103,2012,All Issues (Census),1,870197,2,2,870197,870197
20103,2013,Payment Months (Type 3),1,,4,4,,
20103,2013,All Issues (Census),1,,4,4,,
20103,2018,Payment Months (Type 3),1,621689,2.5,2.5,932533.5,932533.5
20103,2018,All Issues (Census),1,621689,2.5,2.5,932533.5,932533.5
20105,2012,Payment Months (Type 3),1,3974677,2.5,2.5,5962015.5,5962015.5
20105,2012,All Issues (Census),1,3974677,2.5,2.5,5962015.5,5962015.5
20105,2013,Payment Months (Type 3),1,1066855,4,4,3200565,3200565
20105,2013,All Issues (Census),1,1066855,4,4,3200565,3200565
20105,2022,Payment Months (Type 3),1,2264519,1.5,1.5,1132259.5,1132259.5
20105,2022,All Issues (Census),1,2264519,1.5,1.5,1132259.5,1132259.5
20105,2023,Payment Months (Type 3),2,3451302,2,2,3451302,3451302
20105,2023,All Issues (Census),2,3451302,2,2,3451302,3451302
20105,2024,Payment Months (Type 3),1,315137,4,4,945411,945411
20105,2024,All Issues (Census),1,315137,4,4,945411,945411
20107,2012,Payment Months (Type 3),2,3570712,2.5,3,5356068,7141424
20107,2012,All Issues (Census),2,3570712,2.5,3,5356068,7141424
20107,2023,Payment Months (Type 3),1,3274597,1.5,1.5,1637298.5,1637298.5
20107,2023,All Issues (Census),1,3274597,1.5,1.5,1637298.5,1637298.5
20109,2012,Payment Months (Type 3),1,2708456.85,2.5,2.5,4062685.28,4062685.28
20109,2012,All Issues (Census),1,2708456.85,2.5,2.5,4062685.28,4062685.28
20109,2013,Payment Months (Type 3),2,3227735,2.5,5,4841602.5,12910940
20109,2013,All Issues (Census),2,3227735,2.5,5,4841602.5,12910940
20109,2014,Payment Months (Type 3),1,2363884,2,2,2363884,2363884
20109,2014,All Issues (Census),1,2363884,2,2,2363884,2363884
20109,2021,Payment Months (Type 3),2,3301,2,3,3301,6602
20109,2021,All Issues (Census),2,3301,2,3,3301,6602
20109,2022,Payment Months (Type 3),1,2455076,2,2,2455076,2455076
20109,2022,All Issues (Census),1,2455076,2,2,2455076,2455076
20109,2023,Payment Months (Type 3),2,3263157.25,2.5,5,4894735.88,13052629
20109,2023,All Issues (Census),2,3263157.25,2.5,5,4894735.88,13052629
20111,2011,Payment Months (Type 3),1,334202,3,3,668404,668404
20111,2011,All Issues (Census),1,334202,3,3,668404,668404
20111,2012,Payment Months (Type 3),2,4084529,2.5,3,6126793.5,8169058
20111,2012,All Issues (Census),2,4084529,2.5,3,6126793.5,8169058
20111,2013,Payment Months (Type 3),1,246833,4,4,740499,740499
20111,2013,All Issues (Census),1,246833,4,4,740499,740499
20111,2018,Payment Months (Type 3),1,2539277,2,2,2539277,2539277
20111,2018,All Issues (Census),1,2539277,2,2,2539277,2539277
20111,2023,Payment Months (Type 3),1,4269695,2,2,4269695,4269695
20111,2023,All Issues (Census),1,4269695,2,2,4269695,4269695
20113,2011,Payment Months (Type 3),1,236315,3,3,472630,472630
20113,2011,All Issues (Census),1,236315,3,3,472630,472630
20113,2012,Payment Months (Type 3),2,2010813,2.5,3,3016219.5,4021626
20113,2012,All Issues (Census),2,2010813,2.5,3,3016219.5,4021626
20113,2013,Payment Months (Type 3),1,1684618,4,4,5053854,5053854
20113,2013,All Issues (Census),1,1684618,4,4,5053854,5053854
20113,2018,Payment Months (Type 3),1,723369,1.5,1.5,361684.5,361684.5
20113,2018,All Issues (Census),1,723369,1.5,1.5,361684.5,361684.5
20113,2022,Payment Months (Type 3),1,1209773,1.5,1.5,604886.5,604886.5
20113,2022,All Issues (Census),1,1209773,1.5,1.5,604886.5,604886.5
20113,2023,Payment Months (Type 3),1,1898669,2,2,1898669,1898669
20113,2023,All Issues (Census),1,1898669,2,2,1898669,1898669
20115,2011,Payment Months (Type 3),1,306671,3,3,613342,613342
20115,2011,All Issues (Census),1,306671,3,3,613342,613342
20115,2012,Payment Months (Type 3),1,3789229.3,2.5,2.5,5683843.95,5683843.95
20115,2012,All Issues (Census),1,3789229.3,2.5,2.5,5683843.95,5683843.95
20115,2013,Payment Months (Type 3),1,2761958,4,4,8285874,8285874
20115,2013,All Issues (Census),1,2761958,4,4,8285874,8285874
20115,2018,Payment Months (Type 3),1,1897258,2,2,1897258,1897258
20115,2018,All Issues (Census),1,1897258,2,2,1897258,1897258
20115,2023,Payment Months (Type 3),2,3779811,1.5,2,1889905.5,3779811
20115,2023,All Issues (Census),2,3779811,1.5,2,1889905.5,3779811
20117,2012,Payment Months (Type 3),1,2128931,2,2,2128931,2128931
20117,2012,All Issues (Census),1,2128931,2,2,2128931,2128931
20119,2011,Payment Months (Type 3),2,588352,3,3,1176704,1176704
20119,2011,All Issues (Census),2,588352,3,3,1176704,1176704
20119,2012,Payment Months (Type 3),1,1929601,2.5,2.5,2894401.5,2894401.5
20119,2012,All Issues (Census),1,1929601,2.5,2.5,2894401.5,2894401.5
20119,2013,Payment Months (Type 3),2,2004039,1.25,2,501009.75,2004039
20119,2013,All Issues (Census),2,2004039,1.25,2,501009.75,2004039
20119,2014,Payment Months (Type 3),1,1891866,2,2,1891866,1891866
20119,2014,All Issues (Census),1,1891866,2,2,1891866,1891866
20119,2022,Payment Months (Type 3),1,2352030,2.5,2.5,3528045,3528045
20119,2022,All Issues (Census),1,2352030,2.5,2.5,3528045,3528045
20119,2023,Payment Months (Type 3),1,2717403.25,1.25,1.25,679350.81,679350.81
20119,2023,All Issues (Census),1,2717403.25,1.25,1.25,679350.81,679350.81
20121,2012,Payment Months (Type 3),1,3016530.71,2.5,2.5,4524796.06,4524796.06
20121,2012,All Issues (Census),1,3016530.71,2.5,2.5,4524796.06,4524796.06
20121,2018,Payment Months (Type 3),1,1164950.79,2,2,1164950.79,1164950.79
20121,2018,All Issues (Census),1,1164950.79,2,2,1164950.79,1164950.79
20121,2023,Payment Months (Type 3),1,1672634,1.5,1.5,836317,836317
20121,2023,All Issues (Census),1,1672634,1.5,1.5,836317,836317
20123,2012,Payment Months (Type 3),1,2071159,2,2,2071159,2071159
20123,2012,All Issues (Census),1,2071159,2,2,2071159,2071159
20123,2013,Payment Months (Type 3),1,604099,4,4,1812297,1812297
20123,2013,All Issues (Census),1,604099,4,4,1812297,1812297
20123,2022,Payment Months (Type 3),1,827993,1.5,1.5,413996.5,413996.5
20123,2022,All Issues (Census),1,827993,1.5,1.5,413996.5,413996.5
20123,2023,Payment Months (Type 3),2,1680537,1.5,2,840268.5,1680537
20123,2023,All Issues (Census),2,1680537,1.5,2,840268.5,1680537
20123,2024,Payment Months (Type 3),1,325556,4,4,976668,976668
20123,2024,All Issues (Census),1,325556,4,4,976668,976668
20125,2011,Payment Months (Type 3),1,327990,2,2,327990,327990
20125,2011,All Issues (Census),1,327990,2,2,327990,327990
20125,2012,Payment Months (Type 3),2,3582239,2,3,3582239,7164478
20125,2012,All Issues (Census),2,3582239,2,3,3582239,7164478
20125,2013,Payment Months (Type 3),1,850144,4,4,2550432,2550432
20125,2013,All Issues (Census),1,850144,4,4,2550432,2550432
20125,2022,Payment Months (Type 3),2,3332316,1.5,2,1666158,3332316
20125,2022,All Issues (Census),2,3332316,1.5,2,1666158,3332316
20125,2023,Payment Months (Type 3),3,5400113.17,2.5,5,8100169.76,21600452.68
20125,2023,All Issues (Census),3,5400113.17,2.5,5,8100169.76,21600452.68
20125,2024,Payment Months (Type 3),1,2873049,4,4,8619147,8619147
20125,2024,All Issues (Census),1,2873049,4,4,8619147,8619147
20127,2012,Payment Months (Type 3),1,4648737.98,2.5,2.5,6973106.97,6973106.97
20127,2012,All Issues (Census),1,4648737.98,2.5,2.5,6973106.97,6973106.97
20127,2013,Payment Months (Type 3),1,3080991,4,4,9242973,9242973
20127,2013,All Issues (Census),1,3080991,4,4,9242973,9242973
20127,2018,Payment Months (Type 3),1,2472004,2,2,2472004,2472004
20127,2018,All Issues (Census),1,2472004,2,2,2472004,2472004
20127,2023,Payment Months (Type 3),1,4624952,2,2,4624952,4624952
20127,2023,All Issues (Census),1,4624952,2,2,4624952,4624952
20129,2011,Payment Months (Type 3),2,498610.49,3,3,997220.98,997220.98
20129,2011,All Issues (Census),2,498610.49,3,3,997220.98,997220.98
20129,2012,Payment Months (Type 3),2,1297905,1.25,2.5,324476.25,1946857.5
20129,2012,All Issues (Census),2,1297905,1.25,2.5,324476.25,1946857.5
20129,2013,Payment Months (Type 3),2,1320325,1.25,2,330081.25,1320325
20129,2013,All Issues (Census),2,1320325,1.25,2,330081.25,1320325
20129,2014,Payment Months (Type 3),1,1285010,2,2,1285010,1285010
20129,2014,All Issues (Census),1,1285010,2,2,1285010,1285010
20129,2022,Payment Months (Type 3),1,1261475,2,2,1261475,1261475
20129,2022,All Issues (Census),1,1261475,2,2,1261475,1261475
20129,2023,Payment Months (Type 3),1,1344894,1.25,1.25,336223.5,336223.5
20129,2023,All Issues (Census),1,1344894,1.25,1.25,336223.5,336223.5
20131,2012,Payment Months (Type 3),1,2658691,2,2,2658691,2658691
20131,2012,All Issues (Census),1,2658691,2,2,2658691,2658691
20131,2018,Payment Months (Type 3),1,1235875,2,2,1235875,1235875
20131,2018,All Issues (Census),1,1235875,2,2,1235875,1235875
20133,2011,Payment Months (Type 3),1,56230,2,2,56230,56230
20133,2011,All Issues (Census),1,56230,2,2,56230,56230
20133,2012,Payment Months (Type 3),2,4211581,2.5,3,6317371.5,8423162
20133,2012,All Issues (Census),2,4211581,2.5,3,6317371.5,8423162
20133,2022,Payment Months (Type 3),1,3249578,2,2,3249578,3249578
20133,2022,All Issues (Census),1,3249578,2,2,3249578,3249578
20133,2023,Payment Months (Type 3),3,3547850,1.5,5,1773925,14191400
20133,2023,All Issues (Census),3,3547850,1.5,5,1773925,14191400
20135,2011,Payment Months (Type 3),3,566179.4,1.5,3,283089.7,1132358.8
20135,2011,All Issues (Census),3,566179.4,1.5,3,283089.7,1132358.8
20135,2012,Payment Months (Type 3),2,2723712,2.5,3,4085568,5447424
20135,2012,All Issues (Census),2,2723712,2.5,3,4085568,5447424
20135,2013,Payment Months (Type 3),2,2604299,2,4,2604299,7812897
20135,2013,All Issues (Census),2,2604299,2,4,2604299,7812897
20135,2022,Payment Months (Type 3),1,2925198,2.5,2.5,4387797,4387797
20135,2022,All Issues (Census),1,2925198,2.5,2.5,4387797,4387797
20135,2023,Payment Months (Type 3),2,3324934,1.25,2,831233.5,3324934
20135,2023,All Issues (Census),2,3324934,1.25,2,831233.5,3324934
20135,2024,Payment Months (Type 3),1,2272746,3,3,4545492,4545492
20135,2024,All Issues (Census),1,2272746,3,3,4545492,4545492
20137,2012,Payment Months (Type 3),1,3397242,2.5,2.5,5095863,5095863
20137,2012,All Issues (Census),1,3397242,2.5,2.5,5095863,5095863
20137,2013,Payment Months (Type 3),2,3759567,2.5,5,5639350.5,15038268
20137,2013,All Issues (Census),2,3759567,2.5,5,5639350.5,15038268
20137,2021,Payment Months (Type 3),2,97442,2,3,97442,194884
20137,2021,All Issues (Census),2,97442,2,3,97442,194884
20137,2022,Payment Months (Type 3),2,2189379,1.5,2,1094689.5,2189379
20137,2022,All Issues (Census),2,2189379,1.5,2,1094689.5,2189379
20137,2023,Payment Months (Type 3),3,2944314.89,1.5,4,1472157.45,8832944.67
20137,2023,All Issues (Census),3,2944314.89,1.5,4,1472157.45,8832944.67
20139,2012,Payment Months (Type 3),1,3287465,2.5,2.5,4931197.5,4931197.5
20139,2012,All Issues (Census),1,3287465,2.5,2.5,4931197.5,4931197.5
20139,2013,Payment Months (Type 3),1,17964,4,4,53892,53892
20139,2013,All Issues (Census),1,17964,4,4,53892,53892
20139,2018,Payment Months (Type 3),1,1519357,2,2,1519357,1519357
20139,2018,All Issues (Census),1,1519357,2,2,1519357,1519357
20139,2023,Payment Months (Type 3),1,3041374,1.5,1.5,1520687,1520687
20139,2023,All Issues (Census),1,3041374,1.5,1.5,1520687,1520687
20141,2012,Payment Months (Type 3),1,3395222,2.5,2.5,5092833,5092833
20141,2012,All Issues (Census),1,3395222,2.5,2.5,5092833,5092833
20141,2013,Payment Months (Type 3),1,2915522,5,5,11662088,11662088
20141,2013,All Issues (Census),1,2915522,5,5,11662088,11662088
20141,2023,Payment Months (Type 3),2,2749670,2,2,2749670,2749670
20141,2023,All Issues (Census),2,2749670,2,2,2749670,2749670
20141,2024,Payment Months (Type 3),1,7275,4,4,21825,21825
20141,2024,All Issues (Census),1,7275,4,4,21825,21825
20143,2012,Payment Months (Type 3),1,3391244,2.5,2.5,5086866,5086866
20143,2012,All Issues (Census),1,3391244,2.5,2.5,5086866,5086866
20143,2022,Payment Months (Type 3),1,1558101,1.5,1.5,779050.5,779050.5
20143,2022,All Issues (Census),1,1558101,1.5,1.5,779050.5,779050.5
20145,2011,Payment Months (Type 3),1,94269,3,3,188538,188538
20145,2011,All Issues (Census),1,94269,3,3,188538,188538
20145,2012,Payment Months (Type 3),2,982399,2.5,3,1473598.5,1964798
20145,2012,All Issues (Census),2,982399,2.5,3,1473598.5,1964798
20145,2013,Payment Months (Type 3),2,907356,1.5,4,453678,2722068
20145,2013,All Issues (Census),2,907356,1.5,4,453678,2722068
20145,2018,Payment Months (Type 3),1,319143,4,4,957429,957429
20145,2018,All Issues (Census),1,319143,4,4,957429,957429
20145,2022,Payment Months (Type 3),1,758721,2.5,2.5,1138081.5,1138081.5
20145,2022,All Issues (Census),1,758721,2.5,2.5,1138081.5,1138081.5
20145,2023,Payment Months (Type 3),2,1060271,1.25,1.5,265067.75,530135.5
20145,2023,All Issues (Census),2,1060271,1.25,1.5,265067.75,530135.5
20145,2024,Payment Months (Type 3),1,631686.52,3,3,1263373.04,1263373.04
20145,2024,All Issues (Census),1,631686.52,3,3,1263373.04,1263373.04
20147,2012,Payment Months (Type 3),1,4665448,2,2,4665448,4665448
20147,2012,All Issues (Census),1,4665448,2,2,4665448,4665448
20147,2013,Payment Months (Type 3),2,5084697,2,5,5084697,20338788
20147,2013,All Issues (Census),2,5084697,2,5,5084697,20338788
20147,2021,Payment Months (Type 3),2,,1.5,3,,
20147,2021,All Issues (Census),2,,1.5,3,,
20147,2023,Payment Months (Type 3),2,3281010.91,1.5,1.5,1640505.46,1640505.46
20147,2023,All Issues (Census),2,3281010.91,1.5,1.5,1640505.46,1640505.46
20149,2012,Payment Months (Type 3),1,4459326,2,2,4459326,4459326
20149,2012,All Issues (Census),1,4459326,2,2,4459326,4459326
20149,2013,Payment Months (Type 3),1,,4,4,,
20149,2013,All Issues (Census),1,,4,4,,
20149,2018,Payment Months (Type 3),1,2035913,2,2,2035913,2035913
20149,2018,All Issues (Census),1,2035913,2,2,2035913,2035913
20151,2011,Payment Months (Type 3),1,94273,3,3,188546,188546
20151,2011,All Issues (Census),1,94273,3,3,188546,188546
20151,2012,Payment Months (Type 3),2,911145.02,2,4,911145.02,2733435.06
20151,2012,All Issues (Census),2,911145.02,2,4,911145.02,2733435.06
20151,2013,Payment Months (Type 3),2,963684,1.5,5,481842,3854736
20151,2013,All Issues (Census),2,963684,1.5,5,481842,3854736
20151,2018,All Issues (Census),1,559074,3,3,1118148,1118148
20151,2022,Payment Months (Type 3),1,1191844,2,2,1191844,1191844
20151,2022,All Issues (Census),1,1191844,2,2,1191844,1191844
20151,2023,Payment Months (Type 3),2,1492455,1.25,1.5,373113.75,746227.5
20151,2023,All Issues (Census),2,1492455,1.25,1.5,373113.75,746227.5
20153,2012,Payment Months (Type 3),1,3276462,2.5,2.5,4914693,4914693
20153,2012,All Issues (Census),1,3276462,2.5,2.5,4914693,4914693
20153,2013,Payment Months (Type 3),2,3448305,2.5,5,5172457.5,13793220
20153,2013,All Issues (Census),2,3448305,2.5,5,5172457.5,13793220
20153,2014,Payment Months (Type 3),2,2592814,2,4,2592814,7778442
20153,2014,All Issues (Census),2,2592814,2,4,2592814,7778442
20153,2021,Payment Months (Type 3),2,383651,2,3,383651,767302
20153,2021,All Issues (Census),2,383651,2,3,383651,767302
20153,2022,Payment Months (Type 3),2,2928010,1.5,2.5,1464005,4392015
20153,2022,All Issues (Census),2,2928010,1.5,2.5,1464005,4392015
20153,2023,Payment Months (Type 3),2,2557205,2,5,2557205,10228820
20153,2023,All Issues (Census),2,2557205,2,5,2557205,10228820
20155,2011,Payment Months (Type 3),1,443033,3,3,886066,886066
20155,2011,All Issues (Census),1,443033,3,3,886066,886066
20155,2012,Payment Months (Type 3),2,2577284,2.5,4,3865926,7731852
20155,2012,All Issues (Census),2,2577284,2.5,4,3865926,7731852
20155,2013,Payment Months (Type 3),1,2284948.8,5,5,9139795.2,9139795.2
20155,2013,All Issues (Census),1,2284948.8,5,5,9139795.2,9139795.2
20155,2018,Payment Months (Type 3),1,1258862,3,3,2517724,2517724
20155,2018,All Issues (Census),1,1258862,3,3,2517724,2517724
20155,2022,Payment Months (Type 3),1,2407027,2,2,2407027,2407027
20155,2022,All Issues (Census),1,2407027,2,2,2407027,2407027
20155,2023,Payment Months (Type 3),2,3641574,1.25,2,910393.5,3641574
20155,2023,All Issues (Census),2,3641574,1.25,2,910393.5,3641574
20157,2023,Payment Months (Type 3),1,1149201,2,2,1149201,1149201
20157,2023,All Issues (Census),1,1149201,2,2,1149201,1149201
20157,2024,Payment Months (Type 3),1,297026,4,4,891078,891078
20157,2024,All Issues (Census),1,297026,4,4,891078,891078
20159,2011,Payment Months (Type 3),1,87480,3,3,174960,174960
20159,2011,All Issues (Census),1,87480,3,3,174960,174960
20159,2012,Payment Months (Type 3),2,1338765,2.5,3,2008147.5,2677530
20159,2012,All Issues (Census),2,1338765,2.5,3,2008147.5,2677530
20159,2013,Payment Months (Type 3),1,1203834,4,4,3611502,3611502
20159,2013,All Issues (Census),1,1203834,4,4,3611502,3611502
20159,2018,Payment Months (Type 3),1,474013,3,3,948026,948026
20159,2018,All Issues (Census),1,474013,3,3,948026,948026
20159,2022,Payment Months (Type 3),1,870767,1.5,1.5,435383.5,435383.5
20159,2022,All Issues (Census),1,870767,1.5,1.5,435383.5,435383.5
20159,2023,Payment Months (Type 3),1,1460379,2,2,1460379,1460379
20159,2023,All Issues (Census),1,1460379,2,2,1460379,1460379
20161,2012,Payment Months (Type 3),1,1569185,2,2,1569185,1569185
20161,2012,All Issues (Census),1,1569185,2,2,1569185,1569185
20161,2013,Payment Months (Type 3),1,,4,4,,
20161,2013,All Issues (Census),1,,4,4,,
20161,2018,Payment Months (Type 3),1,797868,1.5,1.5,398934,398934
20161,2018,All Issues (Census),1,797868,1.5,1.5,398934,398934
20161,2023,Payment Months (Type 3),1,1580330,1.5,1.5,790165,790165
20161,2023,All Issues (Census),1,1580330,1.5,1.5,790165,790165
20163,2012,Payment Months (Type 3),1,3309394,2.5,2.5,4964091,4964091
20163,2012,All Issues (Census),1,3309394,2.5,2.5,4964091,4964091
20163,2013,Payment Months (Type 3),2,3607508.98,2,5,3607508.98,14430035.92
20163,2013,All Issues (Census),2,3607508.98,2,5,3607508.98,14430035.92
20163,2023,Payment Months (Type 3),2,3087566,2,2,3087566,3087566
20163,2023,All Issues (Census),2,3087566,2,2,3087566,3087566
20163,2024,Payment Months (Type 3),1,9053,4,4,27159,27159
20163,2024,All Issues (Census),1,9053,4,4,27159,27159
20165,2011,Payment Months (Type 3),3,207050,2,2,207050,207050
20165,2011,All Issues (Census),3,207050,2,2,207050,207050
20165,2012,Payment Months (Type 3),1,1739327,2.5,2.5,2608990.5,2608990.5
20165,2012,All Issues (Census),1,1739327,2.5,2.5,2608990.5,2608990.5
20165,2013,Payment Months (Type 3),2,1535058,1.5,5,767529,6140232
20165,2013,All Issues (Census),2,1535058,1.5,5,767529,6140232
20165,2022,Payment Months (Type 3),1,1256538,2.5,2.5,1884807,1884807
20165,2022,All Issues (Census),1,1256538,2.5,2.5,1884807,1884807
20165,2023,Payment Months (Type 3),2,1584526,1.25,2,396131.5,1584526
20165,2023,All Issues (Census),2,1584526,1.25,2,396131.5,1584526
20165,2024,Payment Months (Type 3),1,1109731,3,3,2219462,2219462
20165,2024,All Issues (Census),1,1109731,3,3,2219462,2219462
20167,2012,Payment Months (Type 3),1,3725629.81,2.5,2.5,5588444.72,5588444.72
20167,2012,All Issues (Census),1,3725629.81,2.5,2.5,5588444.72,5588444.72
20167,2013,Payment Months (Type 3),1,3309617,5,5,13238468,13238468
20167,2013,All Issues (Census),1,3309617,5,5,13238468,13238468
20167,2022,Payment Months (Type 3),2,2375041,1.5,1.5,1187520.5,1187520.5
20167,2022,All Issues (Census),2,2375041,1.5,1.5,1187520.5,1187520.5
20167,2023,Payment Months (Type 3),3,3872854,2,4,3872854,11618562
20167,2023,All Issues (Census),3,3872854,2,4,3872854,11618562
20167,2024,Payment Months (Type 3),1,754847,4,4,2264541,2264541
20167,2024,All Issues (Census),1,754847,4,4,2264541,2264541
20169,2012,Payment Months (Type 3),1,2476718,2.5,2.5,3715077,3715077
20169,2012,All Issues (Census),1,2476718,2.5,2.5,3715077,3715077
20169,2013,Payment Months (Type 3),1,136773,4,4,410319,410319
20169,2013,All Issues (Census),1,136773,4,4,410319,410319
20169,2018,Payment Months (Type 3),1,765641,1.5,1.5,382820.5,382820.5
20169,2018,All Issues (Census),1,765641,1.5,1.5,382820.5,382820.5
20169,2023,Payment Months (Type 3),1,1793296,2,2,1793296,1793296
20169,2023,All Issues (Census),1,1793296,2,2,1793296,1793296
20171,2011,Payment Months (Type 3),3,96323,1.5,3,48161.5,192646
20171,2011,All Issues (Census),3,96323,1.5,3,48161.5,192646
20171,2012,Payment Months (Type 3),1,595190,2.5,2.5,892785,892785
20171,2012,All Issues (Census),1,595190,2.5,2.5,892785,892785
20171,2013,Payment Months (Type 3),2,658038,2.5,5,987057,2632152
20171,2013,All Issues (Census),2,658038,2.5,5,987057,2632152
20171,2014,Payment Months (Type 3),1,405763,2,2,405763,405763
20171,2014,All Issues (Census),1,405763,2,2,405763,405763
20171,2022,Payment Months (Type 3),1,675170,2.5,2.5,1012755,1012755
20171,2022,All Issues (Census),1,675170,2.5,2.5,1012755,1012755
20171,2023,Payment Months (Type 3),1,836663,1.25,1.25,209165.75,209165.75
20171,2023,All Issues (Census),1,836663,1.25,1.25,209165.75,209165.75
20173,2011,Payment Months (Type 3),1,44959,3,3,89918,89918
20173,2011,All Issues (Census),1,44959,3,3,89918,89918
20173,2012,Payment Months (Type 3),2,627940.46,2.5,4,941910.69,1883821.38
20173,2012,All Issues (Census),2,627940.46,2.5,4,941910.69,1883821.38
20173,2013,Payment Months (Type 3),1,478557,5,5,1914228,1914228
20173,2013,All Issues (Census),1,478557,5,5,1914228,1914228
20173,2018,Payment Months (Type 3),1,228299,3,3,456598,456598
20173,2018,All Issues (Census),1,228299,3,3,456598,456598
20173,2022,Payment Months (Type 3),1,508744,2,2,508744,508744
20173,2022,All Issues (Census),1,508744,2,2,508744,508744
20173,2023,Payment Months (Type 3),1,770165,2,2,770165,770165
20173,2023,All Issues (Census),1,770165,2,2,770165,770165
20175,2011,Payment Months (Type 3),1,229635,3,3,459270,459270
20175,2011,All Issues (Census),1,229635,3,3,459270,459270
20175,2012,Payment Months (Type 3),2,886105,1.25,2.5,221526.25,1329157.5
20175,2012,All Issues (Census),2,886105,1.25,2.5,221526.25,1329157.5
20175,2013,Payment Months (Type 3),2,984187,1.25,2.5,246046.75,1476280.5
20175,2013,All Issues (Census),2,984187,1.25,2.5,246046.75,1476280.5
20175,2014,Payment Months (Type 3),1,859463,2,2,859463,859463
20175,2014,All Issues (Census),1,859463,2,2,859463,859463
20175,2022,Payment Months (Type 3),1,1091500,2.5,2.5,1637250,1637250
20175,2022,All Issues (Census),1,1091500,2.5,2.5,1637250,1637250
20175,2023,Payment Months (Type 3),1,1293724,1.25,1.25,323431,323431
20175,2023,All Issues (Census),1,1293724,1.25,1.25,323431,323431
20177,2012,Payment Months (Type 3),1,1309847,2.5,2.5,1964770.5,1964770.5
20177,2012,All Issues (Census),1,1309847,2.5,2.5,1964770.5,1964770.5
20177,2013,Payment Months (Type 3),1,,4,4,,
20177,2013,All Issues (Census),1,,4,4,,
20177,2018,Payment Months (Type 3),1,615322,2,2,615322,615322
20177,2018,All Issues (Census),1,615322,2,2,615322,615322
20179,2012,Payment Months (Type 3),1,2321597,2.5,2.5,3482395.5,3482395.5
20179,2012,All Issues (Census),1,2321597,2.5,2.5,3482395.5,3482395.5
20179,2013,Payment Months (Type 3),2,2563435,2.5,5,3845152.5,10253740
20179,2013,All Issues (Census),2,2563435,2.5,5,3845152.5,10253740
20179,2022,Payment Months (Type 3),2,2106502,1.5,2,1053251,2106502
20179,2022,All Issues (Census),2,2106502,1.5,2,1053251,2106502
20179,2023,Payment Months (Type 3),2,2511444,2.5,5,3767166,10045776
20179,2023,All Issues (Census),2,2511444,2.5,5,3767166,10045776
20181,2012,Payment Months (Type 3),1,892318,2.5,2.5,1338477,1338477
20181,2012,All Issues (Census),1,892318,2.5,2.5,1338477,1338477
20181,2013,Payment Months (Type 3),2,857531,2.5,5,1286296.5,3430124
20181,2013,All Issues (Census),2,857531,2.5,5,1286296.5,3430124
20181,2014,Payment Months (Type 3),1,620362,2,2,620362,620362
20181,2014,All Issues (Census),1,620362,2,2,620362,620362
20181,2021,Payment Months (Type 3),2,4962,2,4,4962,14886
20181,2021,All Issues (Census),2,4962,2,4,4962,14886
20181,2022,Payment Months (Type 3),2,566247,1.5,2,283123.5,566247
20181,2022,All Issues (Census),2,566247,1.5,2,283123.5,566247
20181,2023,Payment Months (Type 3),2,757253,2,4,757253,2271759
20181,2023,All Issues (Census),2,757253,2,4,757253,2271759
20183,2012,Payment Months (Type 3),1,3158310,2,2,3158310,3158310
20183,2012,All Issues (Census),1,3158310,2,2,3158310,3158310
20183,2013,Payment Months (Type 3),2,2703642,1.5,5,1351821,10814568
20183,2013,All Issues (Census),2,2703642,2,5,2703642,10814568
20183,2023,Payment Months (Type 3),1,1799755,2,2,1799755,1799755
20183,2023,All Issues (Census),1,1799755,2,2,1799755,1799755
20183,2024,Payment Months (Type 3),1,2034,4,4,6102,6102
20183,2024,All Issues (Census),1,2034,4,4,6102,6102
20185,2011,Payment Months (Type 3),1,194033,3,3,388066,388066
20185,2011,All Issues (Census),1,194033,3,3,388066,388066
20185,2012,Payment Months (Type 3),2,1776846,2.5,4,2665269,5330538
20185,2012,All Issues (Census),2,1776846,2.5,4,2665269,5330538
20185,2013,Payment Months (Type 3),2,1635627,1.5,4,817813.5,4906881
20185,2013,All Issues (Census),2,1635627,1.5,4,817813.5,4906881
20185,2018,Payment Months (Type 3),1,1136518,4,4,3409554,3409554
20185,2018,All Issues (Census),1,1136518,4,4,3409554,3409554
20185,2022,Payment Months (Type 3),1,2186050,2,2,2186050,2186050
20185,2022,All Issues (Census),1,2186050,2,2,2186050,2186050
20185,2023,Payment Months (Type 3),2,3284867,1.25,2,821216.75,3284867
20185,2023,All Issues (Census),2,3284867,1.25,2,821216.75,3284867
20187,2011,Payment Months (Type 3),3,132257,1.5,3,66128.5,264514
20187,2011,All Issues (Census),3,132257,1.5,3,66128.5,264514
20187,2012,Payment Months (Type 3),2,259941,2.5,4,389911.5,779823
20187,2012,All Issues (Census),2,259941,2.5,4,389911.5,779823
20187,2013,Payment Months (Type 3),2,361299,2,5,361299,1445196
20187,2013,All Issues (Census),2,361299,2,5,361299,1445196
20187,2014,Payment Months (Type 3),1,206060,2,2,206060,206060
20187,2014,All Issues (Census),1,206060,2,2,206060,206060
20187,2015,Payment Months (Type 3),1,,4,4,,
20187,2015,All Issues (Census),1,,4,4,,
20187,2018,Payment Months (Type 3),1,122141,3,3,244282,244282
20187,2018,All Issues (Census),1,122141,3,3,244282,244282
20187,2020,Payment Months (Type 3),1,182195,4,4,546585,546585
20187,2020,All Issues (Census),1,182195,4,4,546585,546585
20187,2021,Payment Months (Type 3),2,17149,2,4,17149,51447
20187,2021,All Issues (Census),2,17149,2,4,17149,51447
20187,2022,Payment Months (Type 3),1,331692,2,2,331692,331692
20187,2022,All Issues (Census),1,331692,2,2,331692,331692
20187,2023,Payment Months (Type 3),1,301480,1.25,1.25,75370,75370
20187,2023,All Issues (Census),1,301480,1.25,1.25,75370,75370
20189,2011,Payment Months (Type 3),2,101538,1.5,3,50769,203076
20189,2011,All Issues (Census),2,101538,1.5,3,50769,203076
20189,2012,Payment Months (Type 3),2,653108,1.25,2.5,163277,979662
20189,2012,All Issues (Census),2,653108,1.25,2.5,163277,979662
20189,2013,Payment Months (Type 3),2,771473,1.25,2.5,192868.25,1157209.5
20189,2013,All Issues (Census),2,771473,1.25,2.5,192868.25,1157209.5
20189,2014,Payment Months (Type 3),1,672302.36,2,2,672302.36,672302.36
20189,2014,All Issues (Census),1,672302.36,2,2,672302.36,672302.36
20189,2022,Payment Months (Type 3),1,557531,2.5,2.5,836296.5,836296.5
20189,2022,All Issues (Census),1,557531,2.5,2.5,836296.5,836296.5
20189,2023,Payment Months (Type 3),1,520327,1.25,1.25,130081.75,130081.75
20189,2023,All Issues (Census),1,520327,1.25,1.25,130081.75,130081.75
20191,2011,Payment Months (Type 3),1,46247,3,3,92494,92494
20191,2011,All Issues (Census),1,46247,3,3,92494,92494
20191,2012,Payment Months (Type 3),1,1375957,2.5,2.5,2063935.5,2063935.5
20191,2012,All Issues (Census),1,1375957,2.5,2.5,2063935.5,2063935.5
20191,2013,Payment Months (Type 3),1,1379927,1.25,1.25,344981.75,344981.75
20191,2013,All Issues (Census),1,1379927,1.25,1.25,344981.75,344981.75
20191,2022,Payment Months (Type 3),1,1200844,2,2,1200844,1200844
20191,2022,All Issues (Census),1,1200844,2,2,1200844,1200844
20191,2023,Payment Months (Type 3),2,1659866,1.25,2,414966.5,1659866
20191,2023,All Issues (Census),2,1659866,1.25,2,414966.5,1659866
20193,2012,Payment Months (Type 3),1,1140048.98,2.5,2.5,1710073.47,1710073.47
20193,2012,All Issues (Census),1,1140048.98,2.5,2.5,1710073.47,1710073.47
20193,2013,Payment Months (Type 3),2,1268921,2.5,5,1903381.5,5075684
20193,2013,All Issues (Census),2,1268921,2.5,5,1903381.5,5075684
20193,2014,Payment Months (Type 3),1,796994,2,2,796994,796994
20193,2014,All Issues (Census),1,796994,2,2,796994,796994
20193,2021,Payment Months (Type 3),2,6450,2,3,6450,12900
20193,2021,All Issues (Census),2,6450,2,3,6450,12900
20193,2022,Payment Months (Type 3),2,895792,1.5,2,447896,895792
20193,2022,All Issues (Census),2,895792,1.5,2,447896,895792
20193,2023,Payment Months (Type 3),2,1038806.46,2.5,5,1558209.69,4155225.84
20193,2023,All Issues (Census),2,1038806.46,2.5,5,1558209.69,4155225.84
20195,2012,Payment Months (Type 3),1,2857075,2.5,2.5,4285612.5,4285612.5
20195,2012,All Issues (Census),1,2857075,2.5,2.5,4285612.5,4285612.5
20195,2013,Payment Months (Type 3),2,2983569,2.5,5,4475353.5,11934276
20195,2013,All Issues (Census),2,2983569,2.5,5,4475353.5,11934276
20195,2022,Payment Months (Type 3),1,2572157,2.5,2.5,3858235.5,3858235.5
20195,2022,All Issues (Census),1,2572157,2.5,2.5,3858235.5,3858235.5
20195,2023,Payment Months (Type 3),3,3247395,2,5,3247395,12989580
20195,2023,All Issues (Census),3,3247395,2,5,3247395,12989580
20195,2024,Payment Months (Type 3),1,20049,4,4,60147,60147
20195,2024,All Issues (Census),1,20049,4,4,60147,60147
20197,2012,Payment Months (Type 3),1,5569172,2.5,2.5,8353758,8353758
20197,2012,All Issues (Census),1,5569172,2.5,2.5,8353758,8353758
20197,2013,Payment Months (Type 3),1,13270,4,4,39810,39810
20197,2013,All Issues (Census),1,13270,4,4,39810,39810
20197,2018,Payment Months (Type 3),1,2914060.44,2,2,2914060.44,2914060.44
20197,2018,All Issues (Census),1,2914060.44,2,2,2914060.44,2914060.44
20197,2023,Payment Months (Type 3),1,3681102,1.5,1.5,1840551,1840551
20197,2023,All Issues (Census),1,3681102,1.5,1.5,1840551,1840551
20199,2012,Payment Months (Type 3),1,2069384,2.5,2.5,3104076,3104076
20199,2012,All Issues (Census),1,2069384,2.5,2.5,3104076,3104076
20199,2013,Payment Months (Type 3),2,2084727,2,5,2084727,8338908
20199,2013,All Issues (Census),2,2084727,2,5,2084727,8338908
20199,2014,Payment Months (Type 3),1,1620957,2,2,1620957,1620957
20199,2014,All Issues (Census),1,1620957,2,2,1620957,1620957
20199,2020,Payment Months (Type 3),1,666414,2,2,666414,666414
20199,2020,All Issues (Census),1,666414,2,2,666414,666414
20199,2021,Payment Months (Type 3),2,5873,2,4,5873,17619
20199,2021,All Issues (Census),2,5873,2,4,5873,17619
20199,2022,Payment Months (Type 3),1,987954,1.5,1.5,493977,493977
20199,2022,All Issues (Census),1,987954,1.5,1.5,493977,493977
20199,2023,Payment Months (Type 3),2,1570823,2,4,1570823,4712469
20199,2023,All Issues (Census),2,1570823,2,4,1570823,4712469
20201,2012,Payment Months (Type 3),1,2977791,2,2,2977791,2977791
20201,2012,All Issues (Census),1,2977791,2,2,2977791,2977791
20203,2012,Payment Months (Type 3),1,1038616,2.5,2.5,1557924,1557924
20203,2012,All Issues (Census),1,1038616,2.5,2.5,1557924,1557924
20203,2013,Payment Months (Type 3),2,1012978.47,2,5,1012978.47,4051913.88
20203,2013,All Issues (Census),2,1012978.47,2,5,1012978.47,4051913.88
20203,2014,Payment Months (Type 3),1,650080.04,2,2,650080.04,650080.04
20203,2014,All Issues (Census),1,650080.04,2,2,650080.04,650080.04
20203,2021,Payment Months (Type 3),2,1202,2,3,1202,2404
20203,2021,All Issues (Census),2,1202,2,3,1202,2404
20203,2022,Payment Months (Type 3),1,522360,2,2,522360,522360
20203,2022,All Issues (Census),1,522360,2,2,522360,522360
20203,2023,Payment Months (Type 3),1,834542,1.25,1.25,208635.5,208635.5
20203,2023,All Issues (Census),1,834542,1.25,1.25,208635.5,208635.5
20205,2011,Payment Months (Type 3),1,233589,2,2,233589,233589
20205,2011,All Issues (Census),1,233589,2,2,233589,233589
20205,2012,Payment Months (Type 3),2,2619229,2.5,3,3928843.5,5238458
20205,2012,All Issues (Census),2,2619229,2.5,3,3928843.5,5238458
20205,2013,Payment Months (Type 3),1,751483,4,4,2254449,2254449
20205,2013,All Issues (Census),1,751483,4,4,2254449,2254449
20205,2022,Payment Months (Type 3),1,2006449,2,2,2006449,2006449
20205,2022,All Issues (Census),1,2006449,2,2,2006449,2006449
20205,2023,Payment Months (Type 3),3,2938921,2.5,5,4408381.5,11755684
20205,2023,All Issues (Census),3,2938921,2.5,5,4408381.5,11755684
20205,2024,Payment Months (Type 3),1,10078,4,4,30234,30234
20205,2024,All Issues (Census),1,10078,4,4,30234,30234
20207,2011,Payment Months (Type 3),1,175448,3,3,350896,350896
20207,2011,All Issues (Census),1,175448,3,3,350896,350896
20207,2012,Payment Months (Type 3),2,2078371,2.5,3,3117556.5,4156742
20207,2012,All Issues (Census),2,2078371,2.5,3,3117556.5,4156742
20207,2013,Payment Months (Type 3),1,1628199,4,4,4884597,4884597
20207,2013,All Issues (Census),1,1628199,4,4,4884597,4884597
20207,2022,Payment Months (Type 3),1,1543972.41,2,2,1543972.41,1543972.41
20207,2022,All Issues (Census),1,1543972.41,2,2,1543972.41,1543972.41
20207,2023,Payment Months (Type 3),3,1877416,2,5,1877416,7509664
20207,2023,All Issues (Census),3,1877416,2,5,1877416,7509664
20209,2012,Payment Months (Type 3),1,56465,2,2,56465,56465
20209,2012,All Issues (Census),1,56465,2,2,56465,56465
20209,2018,Payment Months (Type 3),1,22394,2.5,2.5,33591,33591
20209,2018,All Issues (Census),1,22394,2.5,2.5,33591,33591
21007,2012,Payment Months (Type 3),2,488304,1.25,1.25,122076,122076
21007,2012,All Issues (Census),2,488304,1.25,1.25,122076,122076
21033,2012,Payment Months (Type 3),2,1186209,1.25,1.25,296552.25,296552.25
21033,2012,All Issues (Census),2,1186209,1.25,1.25,296552.25,296552.25
21035,2012,Payment Months (Type 3),2,929532,1.25,1.25,232383,232383
21035,2012,All Issues (Census),2,929532,1.25,1.25,232383,232383
21039,2012,Payment Months (Type 3),2,239753,1.25,1.25,59938.25,59938.25
21039,2012,All Issues (Census),2,239753,1.25,1.25,59938.25,59938.25
21055,2012,Payment Months (Type 3),2,1188057,1.25,1.25,297014.25,297014.25
21055,2012,All Issues (Census),2,1188057,1.25,1.25,297014.25,297014.25
21059,2012,Payment Months (Type 3),2,903401,1.25,1.25,225850.25,225850.25
21059,2012,All Issues (Census),2,903401,1.25,1.25,225850.25,225850.25
21075,2012,Payment Months (Type 3),2,96666,1.25,1.25,24166.5,24166.5
21075,2012,All Issues (Census),2,96666,1.25,1.25,24166.5,24166.5
21083,2012,Payment Months (Type 3),2,418732,1.25,1.25,104683,104683
21083,2012,All Issues (Census),2,418732,1.25,1.25,104683,104683
21101,2012,Payment Months (Type 3),2,228404,1.25,1.25,57101,57101
21101,2012,All Issues (Census),2,228404,1.25,1.25,57101,57101
21105,2012,Payment Months (Type 3),2,162712,1.25,1.25,40678,40678
21105,2012,All Issues (Census),2,162712,1.25,1.25,40678,40678
21107,2012,Payment Months (Type 3),2,426032,1.25,1.25,106508,106508
21107,2012,All Issues (Census),2,426032,1.25,1.25,106508,106508
21139,2012,Payment Months (Type 3),2,1315100,1.25,1.25,328775,328775
21139,2012,All Issues (Census),2,1315100,1.25,1.25,328775,328775
21143,2012,Payment Months (Type 3),2,333920,1.25,1.25,83480,83480
21143,2012,All Issues (Census),2,333920,1.25,1.25,83480,83480
21145,2012,Payment Months (Type 3),2,101522,1.25,1.25,25380.5,25380.5
21145,2012,All Issues (Census),2,101522,1.25,1.25,25380.5,25380.5
21149,2012,Payment Months (Type 3),2,463882,1.25,1.25,115970.5,115970.5
21149,2012,All Issues (Census),2,463882,1.25,1.25,115970.5,115970.5
21157,2012,Payment Months (Type 3),2,567054,1.25,1.25,141763.5,141763.5
21157,2012,All Issues (Census),2,567054,1.25,1.25,141763.5,141763.5
21221,2012,Payment Months (Type 3),2,1240741,1.25,1.25,310185.25,310185.25
21221,2012,All Issues (Census),2,1240741,1.25,1.25,310185.25,310185.25
21225,2012,Payment Months (Type 3),2,741224,1.25,1.25,185306,185306
21225,2012,All Issues (Census),2,741224,1.25,1.25,185306,185306
21233,2012,Payment Months (Type 3),2,547183,1.25,1.25,136795.75,136795.75
21233,2012,All Issues (Census),2,547183,1.25,1.25,136795.75,136795.75
22001,2011,Payment Months (Type 3),2,24764,3,3,49528,49528
22001,2011,All Issues (Census),2,24764,3,3,49528,49528
22003,2011,Payment Months (Type 3),2,43378,3,3,86756,86756
22003,2011,All Issues (Census),2,43378,3,3,86756,86756
22009,2011,Payment Months (Type 3),2,167122,3,3,334244,334244
22009,2011,All Issues (Census),2,167122,3,3,334244,334244
22011,2011,Payment Months (Type 3),2,171163,3,3,342326,342326
22011,2011,All Issues (Census),2,171163,3,3,342326,342326
22013,2011,Payment Months (Type 3),2,108656,3,3,217312,217312
22013,2011,All Issues (Census),2,108656,3,3,217312,217312
22015,2011,Payment Months (Type 3),2,460990,3,3,921980,921980
22015,2011,All Issues (Census),2,460990,3,3,921980,921980
22017,2011,Payment Months (Type 3),2,241429,3,3,482858,482858
22017,2011,All Issues (Census),2,241429,3,3,482858,482858
22019,2011,Payment Months (Type 3),2,293730,3,3,587460,587460
22019,2011,All Issues (Census),2,293730,3,3,587460,587460
22021,2011,Payment Months (Type 3),2,17598,3,3,35196,35196
22021,2011,All Issues (Census),2,17598,3,3,35196,35196
22023,2011,Payment Months (Type 3),3,63584,1.5,3,31792,127168
22023,2011,All Issues (Census),3,63584,1.5,3,31792,127168
22025,2011,Payment Months (Type 3),2,57534,3,3,115068,115068
22025,2011,All Issues (Census),2,57534,3,3,115068,115068
22027,2011,Payment Months (Type 3),2,185278,3,3,370556,370556
22027,2011,All Issues (Census),2,185278,3,3,370556,370556
22029,2011,Payment Months (Type 3),2,111017,1.5,1.5,55508.5,55508.5
22029,2011,All Issues (Census),2,111017,1.5,1.5,55508.5,55508.5
22031,2011,Payment Months (Type 3),2,436923,3,3,873846,873846
22031,2011,All Issues (Census),2,436923,3,3,873846,873846
22039,2011,Payment Months (Type 3),3,95406,1.5,3,47703,190812
22039,2011,All Issues (Census),3,95406,1.5,3,47703,190812
22041,2011,Payment Months (Type 3),2,631740,3,3,1263480,1263480
22041,2011,All Issues (Census),2,631740,3,3,1263480,1263480
22043,2011,Payment Months (Type 3),2,253485,3,3,506970,506970
22043,2011,All Issues (Census),2,253485,3,3,506970,506970
22049,2011,Payment Months (Type 3),2,62859,3,3,125718,125718
22049,2011,All Issues (Census),2,62859,3,3,125718,125718
22049,2024,Threshold (Type 2),3,34660,1.25,1.3333333333333333,8665,11553.33
22049,2024,All Issues (Census),3,34660,1.25,1.3333333333333333,8665,11553.33
22053,2011,Payment Months (Type 3),2,122536,3,3,245072,245072
22053,2011,All Issues (Census),2,122536,3,3,245072,245072
22055,2011,Payment Months (Type 3),2,4205,3,3,8410,8410
22055,2011,All Issues (Census),2,4205,3,3,8410,8410
22059,2011,Payment Months (Type 3),2,9186,3,3,18372,18372
22059,2011,All Issues (Census),2,9186,3,3,18372,18372
22061,2011,Payment Months (Type 3),2,174662,3,3,349324,349324
22061,2011,All Issues (Census),2,174662,3,3,349324,349324
22067,2011,Payment Months (Type 3),2,216512,3,3,433024,433024
22067,2011,All Issues (Census),2,216512,3,3,433024,433024
22069,2011,Payment Months (Type 3),2,1192003.62,3,3,2384007.24,2384007.24
22069,2011,All Issues (Census),2,1192003.62,3,3,2384007.24,2384007.24
22073,2011,Payment Months (Type 3),2,94055,3,3,188110,188110
22073,2011,All Issues (Census),2,94055,3,3,188110,188110
22079,2010,Payment Months (Type 3),2,329781.39,1.5,1.5,164890.7,164890.7
22079,2010,All Issues (Census),2,329781.39,1.5,1.5,164890.7,164890.7
22079,2011,Payment Months (Type 3),2,823048,3,3,1646096,1646096
22079,2011,All Issues (Census),2,823048,3,3,1646096,1646096
22081,2011,Payment Months (Type 3),2,390366,3,3,780732,780732
22081,2011,All Issues (Census),2,390366,3,3,780732,780732
22083,2011,Payment Months (Type 3),2,450756.64,3,3,901513.28,901513.28
22083,2011,All Issues (Census),2,450756.64,3,3,901513.28,901513.28
22085,2011,Payment Months (Type 3),2,371334,3,3,742668,742668
22085,2011,All Issues (Census),2,371334,3,3,742668,742668
22097,2011,Payment Months (Type 3),2,199404,3,3,398808,398808
22097,2011,All Issues (Census),2,199404,3,3,398808,398808
22107,2010,Payment Months (Type 3),2,4108,1.5,1.5,2054,2054
22107,2010,All Issues (Census),2,4108,1.5,1.5,2054,2054
22111,2011,Payment Months (Type 3),2,440772,3,3,881544,881544
22111,2011,All Issues (Census),2,440772,3,3,881544,881544
22113,2011,Payment Months (Type 3),2,15537,3,3,31074,31074
22113,2011,All Issues (Census),2,15537,3,3,31074,31074
22115,2010,Payment Months (Type 3),2,2355,1.5,1.5,1177.5,1177.5
22115,2010,All Issues (Census),2,2355,1.5,1.5,1177.5,1177.5
22115,2011,Payment Months (Type 3),2,123586,3,3,247172,247172
22115,2011,All Issues (Census),2,123586,3,3,247172,247172
22117,2011,Payment Months (Type 3),2,165273,1.5,1.5,82636.5,82636.5
22117,2011,All Issues (Census),2,165273,1.5,1.5,82636.5,82636.5
22119,2011,Payment Months (Type 3),2,99543,3,3,199086,199086
22119,2011,All Issues (Census),2,99543,3,3,199086,199086
22123,2011,Payment Months (Type 3),2,164506,2,2,164506,164506
22123,2011,All Issues (Census),2,164506,2,2,164506,164506
22127,2011,Payment Months (Type 3),2,47806,3,3,95612,95612
22127,2011,All Issues (Census),2,47806,3,3,95612,95612
24001,2024,Payment Months (Type 3),1,224719,1.3333333333333333,1.3333333333333333,74906.33,74906.33
24001,2024,All Issues (Census),1,224719,1.3333333333333333,1.3333333333333333,74906.33,74906.33
24023,2024,Payment Months (Type 3),1,540227.37,1.3333333333333333,1.3333333333333333,180075.79,180075.79
24023,2024,All Issues (Census),1,540227.37,1.3333333333333333,1.3333333333333333,180075.79,180075.79
27001,2021,Payment Months (Type 3),1,265091,2,2,265091,265091
27001,2021,All Issues (Census),1,265091,2,2,265091,265091
27003,2021,Payment Months (Type 3),1,6821,2,2,6821,6821
27003,2021,All Issues (Census),1,6821,2,2,6821,6821
27005,2012,Payment Months (Type 3),1,588645,1.5,1.5,294322.5,294322.5
27005,2012,All Issues (Census),1,588645,1.5,1.5,294322.5,294322.5
27005,2021,Payment Months (Type 3),2,709684,1.5,2,354842,709684
27005,2021,All Issues (Census),2,709684,1.5,2,354842,709684
27007,2012,Payment Months (Type 3),1,906356,1.5,1.5,453178,453178
27007,2012,All Issues (Census),1,906356,1.5,1.5,453178,453178
27007,2021,Payment Months (Type 3),4,1079134,1.25,2.5,269783.5,1618701
27007,2021,All Issues (Census),4,1079134,1.25,2.5,269783.5,1618701
27009,2021,Payment Months (Type 3),1,211358,2,2,211358,211358
27009,2021,All Issues (Census),1,211358,2,2,211358,211358
27011,2012,Payment Months (Type 3),1,109040,1.5,1.5,54520,54520
27011,2012,All Issues (Census),1,109040,1.5,1.5,54520,54520
27013,2012,Payment Months (Type 3),1,11096,2,2,11096,11096
27013,2012,All Issues (Census),1,11096,2,2,11096,11096
27013,2021,Payment Months (Type 3),1,17173,1.5,1.5,8586.5,8586.5
27013,2021,All Issues (Census),1,17173,1.5,1.5,8586.5,8586.5
27015,2012,Payment Months (Type 3),1,145543,2,2,145543,145543
27015,2012,All Issues (Census),1,145543,2,2,145543,145543
27017,2021,Payment Months (Type 3),1,279499,2,2,279499,279499
27017,2021,All Issues (Census),1,279499,2,2,279499,279499
27021,2021,Payment Months (Type 3),2,1374633,1.5,2,687316.5,1374633
27021,2021,All Issues (Census),2,1374633,1.5,2,687316.5,1374633
27023,2012,Payment Months (Type 3),1,124324,1.5,1.5,62162,62162
27023,2012,All Issues (Census),1,124324,1.5,1.5,62162,62162
27023,2021,Payment Months (Type 3),1,29190,1.5,1.5,14595,14595
27023,2021,All Issues (Census),1,29190,1.5,1.5,14595,14595
27027,2012,Payment Months (Type 3),1,316735,1.5,1.5,158367.5,158367.5
27027,2012,All Issues (Census),1,316735,1.5,1.5,158367.5,158367.5
27027,2021,Payment Months (Type 3),1,303695,2,2,303695,303695
27027,2021,All Issues (Census),1,303695,2,2,303695,303695
27029,2012,Payment Months (Type 3),1,1190845,1.5,1.5,595422.5,595422.5
27029,2012,All Issues (Census),1,1190845,1.5,1.5,595422.5,595422.5
27029,2021,Payment Months (Type 3),4,1634308,1.25,2.5,408577,2451462
27029,2021,All Issues (Census),4,1634308,1.25,2.5,408577,2451462
27031,2021,Payment Months (Type 3),1,4983,2,2,4983,4983
27031,2021,All Issues (Census),1,4983,2,2,4983,4983
27033,2012,Payment Months (Type 3),1,290630,2,2,290630,290630
27033,2012,All Issues (Census),1,290630,2,2,290630,290630
27033,2021,Payment Months (Type 3),1,77755,1.5,1.5,38877.5,38877.5
27033,2021,All Issues (Census),1,77755,1.5,1.5,38877.5,38877.5
27035,2021,Payment Months (Type 3),2,387225,1.5,2,193612.5,387225
27035,2021,All Issues (Census),2,387225,1.5,2,193612.5,387225
27041,2021,Payment Months (Type 3),1,275839,2,2,275839,275839
27041,2021,All Issues (Census),1,275839,2,2,275839,275839
27043,2012,Payment Months (Type 3),1,13204,2,2,13204,13204
27043,2012,All Issues (Census),1,13204,2,2,13204,13204
27043,2021,Payment Months (Type 3),1,8828,2,2,8828,8828
27043,2021,All Issues (Census),1,8828,2,2,8828,8828
27045,2012,Payment Months (Type 3),1,1924000,2,2,1924000,1924000
27045,2012,All Issues (Census),1,1924000,2,2,1924000,1924000
27047,2012,Payment Months (Type 3),1,37945,1.3333333333333333,1.3333333333333333,12648.33,12648.33
27047,2012,All Issues (Census),1,37945,1.3333333333333333,1.3333333333333333,12648.33,12648.33
27051,2021,Payment Months (Type 3),1,48752,2,2,48752,48752
27051,2021,All Issues (Census),1,48752,2,2,48752,48752
27053,2021,Payment Months (Type 3),1,6496,2,2,6496,6496
27053,2021,All Issues (Census),1,6496,2,2,6496,6496
27057,2021,Payment Months (Type 3),2,324949,1.5,2,162474.5,324949
27057,2021,All Issues (Census),2,324949,1.5,2,162474.5,324949
27059,2021,Payment Months (Type 3),1,45716,1.5,1.5,22858,22858
27059,2021,All Issues (Census),1,45716,1.5,1.5,22858,22858
27061,2021,Payment Months (Type 3),2,184888,1.5,2,92444,184888
27061,2021,All Issues (Census),2,184888,1.5,2,92444,184888
27063,2012,Payment Months (Type 3),1,129098,1.3333333333333333,1.3333333333333333,43032.67,43032.67
27063,2012,All Issues (Census),1,129098,1.3333333333333333,1.3333333333333333,43032.67,43032.67
27063,2021,Payment Months (Type 3),1,78984,1.3333333333333333,1.3333333333333333,26328,26328
27063,2021,All Issues (Census),1,78984,1.3333333333333333,1.3333333333333333,26328,26328
27067,2012,Payment Months (Type 3),1,207036,1.5,1.5,103518,103518
27067,2012,All Issues (Census),1,207036,1.5,1.5,103518,103518
27067,2021,Payment Months (Type 3),1,106579,2,2,106579,106579
27067,2021,All Issues (Census),1,106579,2,2,106579,106579
27069,2012,Payment Months (Type 3),1,722714,1.5,1.5,361357,361357
27069,2012,All Issues (Census),1,722714,1.5,1.5,361357,361357
27069,2021,Payment Months (Type 3),2,691160,1.5,2,345580,691160
27069,2021,All Issues (Census),2,691160,1.5,2,345580,691160
27071,2012,Payment Months (Type 3),1,193515,1.5,1.5,96757.5,96757.5
27071,2012,All Issues (Census),1,193515,1.5,1.5,96757.5,96757.5
27071,2021,Payment Months (Type 3),3,171044,1.25,2.5,42761,256566
27071,2021,All Issues (Census),3,171044,1.25,2.5,42761,256566
27073,2012,Payment Months (Type 3),1,347292,1.5,1.5,173646,173646
27073,2012,All Issues (Census),1,347292,1.5,1.5,173646,173646
27073,2021,Payment Months (Type 3),1,201979,2,2,201979,201979
27073,2021,All Issues (Census),1,201979,2,2,201979,201979
27075,2021,Payment Months (Type 3),1,,2,2,,
27075,2021,All Issues (Census),1,,2,2,,
27077,2012,Payment Months (Type 3),1,99473.46,1.5,1.5,49736.73,49736.73
27077,2012,All Issues (Census),1,99473.46,1.5,1.5,49736.73,49736.73
27077,2021,Payment Months (Type 3),4,49692,1.25,2.5,12423,74538
27077,2021,All Issues (Census),4,49692,1.25,2.5,12423,74538
27079,2012,Payment Months (Type 3),1,105750,2,2,105750,105750
27079,2012,All Issues (Census),1,105750,2,2,105750,105750
27081,2012,Payment Months (Type 3),1,505450,1.5,1.5,252725,252725
27081,2012,All Issues (Census),1,505450,1.5,1.5,252725,252725
27081,2021,Payment Months (Type 3),1,386778,2,2,386778,386778
27081,2021,All Issues (Census),1,386778,2,2,386778,386778
27083,2012,Payment Months (Type 3),1,242328,1.5,1.5,121164,121164
27083,2012,All Issues (Census),1,242328,1.5,1.5,121164,121164
27083,2021,Payment Months (Type 3),1,186058,2,2,186058,186058
27083,2021,All Issues (Census),1,186058,2,2,186058,186058
27085,2012,Payment Months (Type 3),1,,1.5,1.5,,
27085,2012,All Issues (Census),1,,1.5,1.5,,
27085,2021,Payment Months (Type 3),1,5009,2,2,5009,5009
27085,2021,All Issues (Census),1,5009,2,2,5009,5009
27087,2012,Payment Months (Type 3),1,293928,1.5,1.5,146964,146964
27087,2012,All Issues (Census),1,293928,1.5,1.5,146964,146964
27087,2021,Payment Months (Type 3),2,385407,1.5,2.5,192703.5,578110.5
27087,2021,All Issues (Census),2,385407,1.5,2.5,192703.5,578110.5
27089,2012,Payment Months (Type 3),1,338635,1.5,1.5,169317.5,169317.5
27089,2012,All Issues (Census),1,338635,1.5,1.5,169317.5,169317.5
27089,2021,Payment Months (Type 3),2,367755,1.5,2,183877.5,367755
27089,2021,All Issues (Census),2,367755,1.5,2,183877.5,367755
27091,2012,Payment Months (Type 3),1,17730,1.3333333333333333,1.3333333333333333,5910,5910
27091,2012,All Issues (Census),1,17730,1.3333333333333333,1.3333333333333333,5910,5910
27091,2021,Payment Months (Type 3),1,16086,1.3333333333333333,1.3333333333333333,5362,5362
27091,2021,All Issues (Census),1,16086,1.3333333333333333,1.3333333333333333,5362,5362
27093,2012,Payment Months (Type 3),1,113816,1.5,1.5,56908,56908
27093,2012,All Issues (Census),1,113816,1.5,1.5,56908,56908
27093,2021,Payment Months (Type 3),1,166309,2,2,166309,166309
27093,2021,All Issues (Census),1,166309,2,2,166309,166309
27095,2021,Payment Months (Type 3),1,127124,1.5,1.5,63562,63562
27095,2021,All Issues (Census),1,127124,1.5,1.5,63562,63562
27097,2021,Payment Months (Type 3),1,1043727,1.5,1.5,521863.5,521863.5
27097,2021,All Issues (Census),1,1043727,1.5,1.5,521863.5,521863.5
27099,2012,Payment Months (Type 3),1,186981,2,2,186981,186981
27099,2012,All Issues (Census),1,186981,2,2,186981,186981
27101,2012,Payment Months (Type 3),1,374284,2,2,374284,374284
27101,2012,All Issues (Census),1,374284,2,2,374284,374284
27101,2021,Payment Months (Type 3),1,158967,1.5,1.5,79483.5,79483.5
27101,2021,All Issues (Census),1,158967,1.5,1.5,79483.5,79483.5
27103,2012,Payment Months (Type 3),1,16580,2,2,16580,16580
27103,2012,All Issues (Census),1,16580,2,2,16580,16580
27105,2012,Payment Months (Type 3),1,319408,2,2,319408,319408
27105,2012,All Issues (Census),1,319408,2,2,319408,319408
27107,2012,Payment Months (Type 3),1,162405,1.5,1.5,81202.5,81202.5
27107,2012,All Issues (Census),1,162405,1.5,1.5,81202.5,81202.5
27107,2021,Payment Months (Type 3),2,259359.96,1.5,2.5,129679.98,389039.94
27107,2021,All Issues (Census),2,259359.96,1.5,2.5,129679.98,389039.94
27111,2021,Payment Months (Type 3),2,1003293,1.5,2,501646.5,1003293
27111,2021,All Issues (Census),2,1003293,1.5,2,501646.5,1003293
27112,2021,Payment Months (Type 3),2,550552,1.5,2,275276,550552
27112,2021,All Issues (Census),2,550552,1.5,2,275276,550552
27113,2012,Payment Months (Type 3),1,299775,1.5,1.5,149887.5,149887.5
27113,2012,All Issues (Census),1,299775,1.5,1.5,149887.5,149887.5
27113,2021,Payment Months (Type 3),4,322966,1.25,2.5,80741.5,484449
27113,2021,All Issues (Census),4,322966,1.25,2.5,80741.5,484449
27117,2012,Payment Months (Type 3),1,944381.83,2,2,944381.83,944381.83
27117,2012,All Issues (Census),1,944381.83,2,2,944381.83,944381.83
27117,2021,Payment Months (Type 3),1,419705,1.5,1.5,209852.5,209852.5
27117,2021,All Issues (Census),1,419705,1.5,1.5,209852.5,209852.5
27119,2012,Payment Months (Type 3),1,414538,1.5,1.5,207269,207269
27119,2012,All Issues (Census),1,414538,1.5,1.5,207269,207269
27119,2021,Payment Months (Type 3),2,706210,1.5,2.5,353105,1059315
27119,2021,All Issues (Census),2,706210,1.5,2.5,353105,1059315
27120,2012,Payment Months (Type 3),1,125555,1.5,1.5,62777.5,62777.5
27120,2012,All Issues (Census),1,125555,1.5,1.5,62777.5,62777.5
27120,2021,Payment Months (Type 3),2,248975,1.5,2.5,124487.5,373462.5
27120,2021,All Issues (Census),2,248975,1.5,2.5,124487.5,373462.5
27121,2012,Payment Months (Type 3),1,512513,1.5,1.5,256256.5,256256.5
27121,2012,All Issues (Census),1,512513,1.5,1.5,256256.5,256256.5
27121,2021,Payment Months (Type 3),1,469080,2,2,469080,469080
27121,2021,All Issues (Census),1,469080,2,2,469080,469080
27125,2012,Payment Months (Type 3),1,310285,1.5,1.5,155142.5,155142.5
27125,2012,All Issues (Census),1,310285,1.5,1.5,155142.5,155142.5
27125,2021,Payment Months (Type 3),4,163633,1.25,2.5,40908.25,245449.5
27125,2021,All Issues (Census),4,163633,1.25,2.5,40908.25,245449.5
27127,2012,Threshold (Type 2),3,40675,3,3,81350,81350
27127,2012,All Issues (Census),3,40675,3,3,81350,81350
27127,2021,Payment Months (Type 3),1,98640,2,2,98640,98640
27127,2021,All Issues (Census),1,98640,2,2,98640,98640
27129,2021,Payment Months (Type 3),1,29269,2,2,29269,29269
27129,2021,All Issues (Census),1,29269,2,2,29269,29269
27133,2012,Payment Months (Type 3),1,559418,2,2,559418,559418
27133,2012,All Issues (Census),1,559418,2,2,559418,559418
27133,2020,Payment Months (Type 3),1,20115,1.5,1.5,10057.5,10057.5
27133,2020,All Issues (Census),1,20115,1.5,1.5,10057.5,10057.5
27135,2012,Payment Months (Type 3),1,765748,1.5,1.5,382874,382874
27135,2012,All Issues (Census),1,765748,1.5,1.5,382874,382874
27135,2021,Payment Months (Type 3),2,827353,1.5,2,413676.5,827353
27135,2021,All Issues (Census),2,827353,1.5,2,413676.5,827353
27137,2021,Payment Months (Type 3),2,299564,1.5,2,149782,299564
27137,2021,All Issues (Census),2,299564,1.5,2,149782,299564
27138,2021,Payment Months (Type 3),2,170683,1.5,2,85341.5,170683
27138,2021,All Issues (Census),2,170683,1.5,2,85341.5,170683
27141,2012,Payment Months (Type 3),1,1074,1.5,1.5,537,537
27141,2012,All Issues (Census),1,1074,1.5,1.5,537,537
27141,2021,Payment Months (Type 3),1,114518,2,2,114518,114518
27141,2021,All Issues (Census),1,114518,2,2,114518,114518
27143,2012,Payment Months (Type 3),1,,2,2,,
27143,2012,All Issues (Census),1,,2,2,,
27145,2012,Payment Months (Type 3),1,354341,1.5,1.5,177170.5,177170.5
27145,2012,All Issues (Census),1,354341,1.5,1.5,177170.5,177170.5
27145,2021,Payment Months (Type 3),2,562820,1.5,2,281410,562820
27145,2021,All Issues (Census),2,562820,1.5,2,281410,562820
27147,2012,Payment Months (Type 3),1,40923,1.5,1.5,20461.5,20461.5
27147,2012,All Issues (Census),1,40923,1.5,1.5,20461.5,20461.5
27149,2021,Payment Months (Type 3),1,63779,2,2,63779,63779
27149,2021,All Issues (Census),1,63779,2,2,63779,63779
27151,2012,Payment Months (Type 3),1,236129,1.5,1.5,118064.5,118064.5
27151,2012,All Issues (Census),1,236129,1.5,1.5,118064.5,118064.5
27153,2021,Payment Months (Type 3),2,670309.01,1.5,2,335154.5,670309.01
27153,2021,All Issues (Census),2,670309.01,1.5,2,335154.5,670309.01
27159,2021,Payment Months (Type 3),2,536663,1.5,2,268331.5,536663
27159,2021,All Issues (Census),2,536663,1.5,2,268331.5,536663
27161,2012,Payment Months (Type 3),1,1556,2,2,1556,1556
27161,2012,All Issues (Census),1,1556,2,2,1556,1556
27165,2012,Payment Months (Type 3),1,47676,2,2,47676,47676
27165,2012,All Issues (Census),1,47676,2,2,47676,47676
27165,2021,Payment Months (Type 3),1,1633,2,2,1633,1633
27165,2021,All Issues (Census),1,1633,2,2,1633,1633
27171,2012,Payment Months (Type 3),1,193593,1.5,1.5,96796.5,96796.5
27171,2012,All Issues (Census),1,193593,1.5,1.5,96796.5,96796.5
27171,2021,Payment Months (Type 3),1,182709,2,2,182709,182709
27171,2021,All Issues (Census),1,182709,2,2,182709,182709
27173,2012,Payment Months (Type 3),1,346631,1.5,1.5,173315.5,173315.5
27173,2012,All Issues (Census),1,346631,1.5,1.5,173315.5,173315.5
27173,2021,Payment Months (Type 3),1,238270,2,2,238270,238270
27173,2021,All Issues (Census),1,238270,2,2,238270,238270
28001,2011,Payment Months (Type 3),3,229196,1.5,1.5,114598,114598
28001,2011,All Issues (Census),3,229196,1.5,1.5,114598,114598
28011,2011,Payment Months (Type 3),2,,2,2,,
28011,2011,All Issues (Census),2,,2,2,,
28015,2016,Payment Months (Type 3),1,641410,1.5,1.5,320705,320705
28015,2016,All Issues (Census),1,641410,1.5,1.5,320705,320705
28019,2023,Boundary (Type 1),3,409314,1.25,1.25,102328.5,102328.5
28019,2023,All Issues (Census),3,409314,1.25,1.25,102328.5,102328.5
28027,2012,Payment Months (Type 3),1,134364,1.5,1.5,67182,67182
28027,2012,All Issues (Census),1,134364,1.5,1.5,67182,67182
28033,2012,Payment Months (Type 3),1,447993,2,2,447993,447993
28033,2012,All Issues (Census),1,447993,2,2,447993,447993
28035,2011,Payment Months (Type 3),3,134483,1.5,1.5,67241.5,67241.5
28035,2011,All Issues (Census),3,134483,1.5,1.5,67241.5,67241.5
28039,2011,Payment Months (Type 3),3,208275,1.5,1.5,104137.5,104137.5
28039,2011,All Issues (Census),3,208275,1.5,1.5,104137.5,104137.5
28041,2011,Payment Months (Type 3),3,89993,1.5,1.5,44996.5,44996.5
28041,2011,All Issues (Census),3,89993,1.5,1.5,44996.5,44996.5
28043,2016,Payment Months (Type 3),1,350269,1.5,1.5,175134.5,175134.5
28043,2016,All Issues (Census),1,350269,1.5,1.5,175134.5,175134.5
28045,2011,Payment Months (Type 3),1,143638,1.5,1.5,71819,71819
28045,2011,All Issues (Census),1,143638,1.5,1.5,71819,71819
28047,2011,Payment Months (Type 3),1,20397,1.5,1.5,10198.5,10198.5
28047,2011,All Issues (Census),1,20397,1.5,1.5,10198.5,10198.5
28057,2016,Payment Months (Type 3),1,263268,1.5,1.5,131634,131634
28057,2016,All Issues (Census),1,263268,1.5,1.5,131634,131634
28059,2011,Payment Months (Type 3),1,97764,1.5,1.5,48882,48882
28059,2011,All Issues (Census),1,97764,1.5,1.5,48882,48882
28067,2011,Payment Months (Type 3),3,272889,1.5,1.5,136444.5,136444.5
28067,2011,All Issues (Census),3,272889,1.5,1.5,136444.5,136444.5
28081,2016,Payment Months (Type 3),1,582349,1.5,1.5,291174.5,291174.5
28081,2016,All Issues (Census),1,582349,1.5,1.5,291174.5,291174.5
28083,2016,Payment Months (Type 3),1,4026,1.5,1.5,2013,2013
28083,2016,All Issues (Census),1,4026,1.5,1.5,2013,2013
28093,2012,Payment Months (Type 3),1,1843797,1.5,1.5,921898.5,921898.5
28093,2012,All Issues (Census),1,1843797,1.5,1.5,921898.5,921898.5
28095,2016,Payment Months (Type 3),1,665336,1.5,1.5,332668,332668
28095,2016,All Issues (Census),1,665336,1.5,1.5,332668,332668
28107,2012,Payment Months (Type 3),1,1067984,2,2,1067984,1067984
28107,2012,All Issues (Census),1,1067984,2,2,1067984,1067984
28107,2016,Payment Months (Type 3),1,584499,1.5,1.5,292249.5,292249.5
28107,2016,All Issues (Census),1,584499,1.5,1.5,292249.5,292249.5
28109,2011,Payment Months (Type 3),3,208404,1.5,1.5,104202,104202
28109,2011,All Issues (Census),3,208404,1.5,1.5,104202,104202
28111,2011,Payment Months (Type 3),3,161759,1.5,1.5,80879.5,80879.5
28111,2011,All Issues (Census),3,161759,1.5,1.5,80879.5,80879.5
28111,2023,Threshold (Type 2),4,468196,1.25,1.25,117049,117049
28111,2023,All Issues (Census),4,468196,1.25,1.25,117049,117049
28131,2011,Payment Months (Type 3),3,135716,1.5,1.5,67858,67858
28131,2011,All Issues (Census),3,135716,1.5,1.5,67858,67858
28135,2016,Payment Months (Type 3),1,257252,1.5,1.5,128626,128626
28135,2016,All Issues (Census),1,257252,1.5,1.5,128626,128626
28137,2012,Payment Months (Type 3),1,1381114,2,2,1381114,1381114
28137,2012,All Issues (Census),1,1381114,2,2,1381114,1381114
28141,2016,Payment Months (Type 3),1,176830,1.5,1.5,88415,88415
28141,2016,All Issues (Census),1,176830,1.5,1.5,88415,88415
28143,2012,Payment Months (Type 3),1,39259,2,2,39259,39259
28143,2012,All Issues (Census),1,39259,2,2,39259,39259
28147,2011,Payment Months (Type 3),3,768235,1.5,1.5,384117.5,384117.5
28147,2011,All Issues (Census),3,768235,1.5,1.5,384117.5,384117.5
28151,2010,Payment Months (Type 3),2,,0.6666666666666666,1.5,,
28151,2010,All Issues (Census),2,,0.6666666666666666,1.5,,
28151,2011,Payment Months (Type 3),2,,2,2,,
28151,2011,All Issues (Census),2,,2,2,,
28153,2011,Payment Months (Type 3),3,74368,1.5,1.5,37184,37184
28153,2011,All Issues (Census),3,74368,1.5,1.5,37184,37184
28161,2016,Payment Months (Type 3),1,347084,1.5,1.5,173542,173542
28161,2016,All Issues (Census),1,347084,1.5,1.5,173542,173542
29001,2012,Payment Months (Type 3),2,2701975,1.3333333333333333,2,900658.33,2701975
29001,2012,All Issues (Census),2,2701975,1.3333333333333333,2,900658.33,2701975
29001,2018,Payment Months (Type 3),1,1717952,1.3333333333333333,1.3333333333333333,572650.67,572650.67
29001,2018,All Issues (Census),1,1717952,1.3333333333333333,1.3333333333333333,572650.67,572650.67
29001,2023,Payment Months (Type 3),2,3428588,1.3333333333333333,1.5,1142862.67,1714294
29001,2023,All Issues (Census),2,3428588,1.3333333333333333,1.5,1142862.67,1714294
29003,2012,Payment Months (Type 3),2,1258014,1.3333333333333333,2,419338,1258014
29003,2012,All Issues (Census),2,1258014,1.3333333333333333,2,419338,1258014
29003,2018,Payment Months (Type 3),1,686150,1.3333333333333333,1.3333333333333333,228716.67,228716.67
29003,2018,All Issues (Census),1,686150,1.3333333333333333,1.3333333333333333,228716.67,228716.67
29005,2012,Payment Months (Type 3),1,614157,1.5,1.5,307078.5,307078.5
29005,2012,All Issues (Census),1,614157,1.5,1.5,307078.5,307078.5
29005,2018,Payment Months (Type 3),1,260821,1.3333333333333333,1.3333333333333333,86940.33,86940.33
29005,2018,All Issues (Census),1,260821,1.3333333333333333,1.3333333333333333,86940.33,86940.33
29007,2012,Payment Months (Type 3),2,1092386.44,1.3333333333333333,2,364128.81,1092386.44
29007,2012,All Issues (Census),2,1092386.44,1.3333333333333333,2,364128.81,1092386.44
29007,2023,Payment Months (Type 3),1,1082274,1.3333333333333333,1.3333333333333333,360758,360758
29007,2023,All Issues (Census),1,1082274,1.3333333333333333,1.3333333333333333,360758,360758
29009,2012,Payment Months (Type 3),2,7726095,1.3333333333333333,2,2575365,7726095
29009,2012,All Issues (Census),2,7726095,1.3333333333333333,2,2575365,7726095
29009,2022,Payment Months (Type 3),1,6318805.87,1.3333333333333333,1.3333333333333333,2106268.62,2106268.62
29009,2022,All Issues (Census),1,6318805.87,1.3333333333333333,1.3333333333333333,2106268.62,2106268.62
29011,2011,Payment Months (Type 3),1,471441,2,2,471441,471441
29011,2011,All Issues (Census),1,471441,2,2,471441,471441
29011,2012,Payment Months (Type 3),2,2749876,1.3333333333333333,2,916625.33,2749876
29011,2012,All Issues (Census),2,2749876,1.3333333333333333,2,916625.33,2749876
29011,2022,Payment Months (Type 3),1,3456730,1.3333333333333333,1.3333333333333333,1152243.33,1152243.33
29011,2022,All Issues (Census),1,3456730,1.3333333333333333,1.3333333333333333,1152243.33,1152243.33
29011,2023,Payment Months (Type 3),2,3539008,1.3333333333333333,1.5,1179669.33,1769504
29011,2023,All Issues (Census),2,3539008,1.3333333333333333,1.5,1179669.33,1769504
29013,2011,Payment Months (Type 3),1,854768,2,2,854768,854768
29013,2011,All Issues (Census),1,854768,2,2,854768,854768
29013,2012,Payment Months (Type 3),2,6581182.19,1.3333333333333333,2,2193727.4,6581182.19
29013,2012,All Issues (Census),2,6581182.19,1.3333333333333333,2,2193727.4,6581182.19
29013,2023,Payment Months (Type 3),1,6023778.93,1.3333333333333333,1.3333333333333333,2007926.31,2007926.31
29013,2023,All Issues (Census),1,6023778.93,1.3333333333333333,1.3333333333333333,2007926.31,2007926.31
29015,2012,Payment Months (Type 3),2,3376845,1.3333333333333333,2,1125615,3376845
29015,2012,All Issues (Census),2,3376845,1.3333333333333333,2,1125615,3376845
29015,2023,Payment Months (Type 3),2,4222407,1.3333333333333333,1.5,1407469,2111203.5
29015,2023,All Issues (Census),2,4222407,1.3333333333333333,1.5,1407469,2111203.5
29017,2012,Payment Months (Type 3),2,2890860,1.6666666666666667,2.5,1927240,4336290
29017,2012,All Issues (Census),2,2890860,1.6666666666666667,2.5,1927240,4336290
29019,2012,Payment Months (Type 3),2,1633523,1.3333333333333333,2,544507.67,1633523
29019,2012,All Issues (Census),2,1633523,1.3333333333333333,2,544507.67,1633523
29019,2018,Payment Months (Type 3),1,724012,1.3333333333333333,1.3333333333333333,241337.33,241337.33
29019,2018,All Issues (Census),1,724012,1.3333333333333333,1.3333333333333333,241337.33,241337.33
29019,2023,Payment Months (Type 3),2,1486659,1.3333333333333333,1.5,495553,743329.5
29019,2023,All Issues (Census),2,1486659,1.3333333333333333,1.5,495553,743329.5
29021,2012,Payment Months (Type 3),2,772563.58,1.3333333333333333,2,257521.19,772563.58
29021,2012,All Issues (Census),2,772563.58,1.3333333333333333,2,257521.19,772563.58
29021,2018,Threshold (Type 2),3,269526,1.3333333333333333,1.3333333333333333,89842,89842
29021,2018,All Issues (Census),3,269526,1.3333333333333333,1.3333333333333333,89842,89842
29023,2012,Payment Months (Type 3),2,564378,1.6666666666666667,2.5,376252,846567
29023,2012,All Issues (Census),2,564378,1.6666666666666667,2.5,376252,846567
29025,2012,Payment Months (Type 3),2,1852667,1.3333333333333333,2,617555.67,1852667
29025,2012,All Issues (Census),2,1852667,1.3333333333333333,2,617555.67,1852667
29025,2018,Payment Months (Type 3),1,1510846,1.6666666666666667,1.6666666666666667,1007230.67,1007230.67
29025,2018,All Issues (Census),1,1510846,1.6666666666666667,1.6666666666666667,1007230.67,1007230.67
29027,2012,Payment Months (Type 3),2,2788488.59,1.3333333333333333,2,929496.2,2788488.59
29027,2012,All Issues (Census),2,2788488.59,1.3333333333333333,2,929496.2,2788488.59
29027,2018,Payment Months (Type 3),1,1573704,1.3333333333333333,1.3333333333333333,524568,524568
29027,2018,All Issues (Census),1,1573704,1.3333333333333333,1.3333333333333333,524568,524568
29027,2023,Payment Months (Type 3),2,3080326,1.3333333333333333,1.5,1026775.33,1540163
29027,2023,All Issues (Census),2,3080326,1.3333333333333333,1.5,1026775.33,1540163
29029,2012,Payment Months (Type 3),2,1974345,1.3333333333333333,2,658115,1974345
29029,2012,All Issues (Census),2,1974345,1.3333333333333333,2,658115,1974345
29029,2023,Payment Months (Type 3),1,2303242.5,1.3333333333333333,1.3333333333333333,767747.5,767747.5
29029,2023,All Issues (Census),1,2303242.5,1.3333333333333333,1.3333333333333333,767747.5,767747.5
29031,2012,Payment Months (Type 3),2,2701784,1.6666666666666667,2.5,1801189.33,4052676
29031,2012,All Issues (Census),2,2701784,1.6666666666666667,2.5,1801189.33,4052676
29033,2012,Payment Months (Type 3),2,1851039,1.3333333333333333,2,617013,1851039
29033,2012,All Issues (Census),2,1851039,1.3333333333333333,2,617013,1851039
29033,2018,Payment Months (Type 3),1,1000061,1.3333333333333333,1.3333333333333333,333353.67,333353.67
29033,2018,All Issues (Census),1,1000061,1.3333333333333333,1.3333333333333333,333353.67,333353.67
29035,2012,Payment Months (Type 3),2,785591,1.6666666666666667,2.5,523727.33,1178386.5
29035,2012,All Issues (Census),2,785591,1.6666666666666667,2.5,523727.33,1178386.5
29037,2012,Payment Months (Type 3),2,4199795,1.3333333333333333,2,1399931.67,4199795
29037,2012,All Issues (Census),2,4199795,1.3333333333333333,2,1399931.67,4199795
29037,2023,Payment Months (Type 3),1,3683535,1.3333333333333333,1.3333333333333333,1227845,1227845
29037,2023,All Issues (Census),1,3683535,1.3333333333333333,1.3333333333333333,1227845,1227845
29039,2012,Payment Months (Type 3),2,3751625,1.3333333333333333,2,1250541.67,3751625
29039,2012,All Issues (Census),2,3751625,1.3333333333333333,2,1250541.67,3751625
29039,2022,Payment Months (Type 3),1,5253133,1.3333333333333333,1.3333333333333333,1751044.33,1751044.33
29039,2022,All Issues (Census),1,5253133,1.3333333333333333,1.3333333333333333,1751044.33,1751044.33
29039,2023,Payment Months (Type 3),1,5284922,1.3333333333333333,1.3333333333333333,1761640.67,1761640.67
29039,2023,All Issues (Census),1,5284922,1.3333333333333333,1.3333333333333333,1761640.67,1761640.67
29041,2012,Payment Months (Type 3),2,2460714,1.3333333333333333,2,820238,2460714
29041,2012,All Issues (Census),2,2460714,1.3333333333333333,2,820238,2460714
29041,2018,Payment Months (Type 3),1,1218379,1.3333333333333333,1.3333333333333333,406126.33,406126.33
29041,2018,All Issues (Census),1,1218379,1.3333333333333333,1.3333333333333333,406126.33,406126.33
29041,2023,Payment Months (Type 3),1,2729325,1.3333333333333333,1.3333333333333333,909775,909775
29041,2023,All Issues (Census),1,2729325,1.3333333333333333,1.3333333333333333,909775,909775
29043,2012,Payment Months (Type 3),2,3052883,1.3333333333333333,2,1017627.67,3052883
29043,2012,All Issues (Census),2,3052883,1.3333333333333333,2,1017627.67,3052883
29045,2012,Payment Months (Type 3),2,1084560,1.3333333333333333,2,361520,1084560
29045,2012,All Issues (Census),2,1084560,1.3333333333333333,2,361520,1084560
29045,2023,Payment Months (Type 3),2,1513087,1.3333333333333333,1.5,504362.33,756543.5
29045,2023,All Issues (Census),2,1513087,1.3333333333333333,1.5,504362.33,756543.5
29047,2012,Payment Months (Type 3),2,1244540,1.3333333333333333,2,414846.67,1244540
29047,2012,All Issues (Census),2,1244540,1.3333333333333333,2,414846.67,1244540
29047,2018,Payment Months (Type 3),1,788255,1.6666666666666667,1.6666666666666667,525503.33,525503.33
29047,2018,All Issues (Census),1,788255,1.6666666666666667,1.6666666666666667,525503.33,525503.33
29049,2012,Payment Months (Type 3),2,1765884.86,1.3333333333333333,2,588628.29,1765884.86
29049,2012,All Issues (Census),2,1765884.86,1.3333333333333333,2,588628.29,1765884.86
29049,2018,Payment Months (Type 3),1,1141204,1.6666666666666667,1.6666666666666667,760802.67,760802.67
29049,2018,All Issues (Census),1,1141204,1.6666666666666667,1.6666666666666667,760802.67,760802.67
29051,2012,Payment Months (Type 3),2,2922676,1.3333333333333333,2,974225.33,2922676
29051,2012,All Issues (Census),2,2922676,1.3333333333333333,2,974225.33,2922676
29051,2018,Payment Months (Type 3),1,1502181,1.3333333333333333,1.3333333333333333,500727,500727
29051,2018,All Issues (Census),1,1502181,1.3333333333333333,1.3333333333333333,500727,500727
29051,2023,Payment Months (Type 3),2,3096651,1.3333333333333333,1.5,1032217,1548325.5
29051,2023,All Issues (Census),2,3096651,1.3333333333333333,1.5,1032217,1548325.5
29053,2012,Payment Months (Type 3),2,2551734,1.3333333333333333,2,850578,2551734
29053,2012,All Issues (Census),2,2551734,1.3333333333333333,2,850578,2551734
29053,2018,Payment Months (Type 3),1,1432128,1.3333333333333333,1.3333333333333333,477376,477376
29053,2018,All Issues (Census),1,1432128,1.3333333333333333,1.3333333333333333,477376,477376
29053,2023,Payment Months (Type 3),2,3236981,1.3333333333333333,1.5,1078993.67,1618490.5
29053,2023,All Issues (Census),2,3236981,1.3333333333333333,1.5,1078993.67,1618490.5
29055,2012,Payment Months (Type 3),2,2347379,1.3333333333333333,2,782459.67,2347379
29055,2012,All Issues (Census),2,2347379,1.3333333333333333,2,782459.67,2347379
29057,2012,Payment Months (Type 3),2,5792777,1.3333333333333333,2,1930925.67,5792777
29057,2012,All Issues (Census),2,5792777,1.3333333333333333,2,1930925.67,5792777
29057,2022,Payment Months (Type 3),1,7896860,1.3333333333333333,1.3333333333333333,2632286.67,2632286.67
29057,2022,All Issues (Census),1,7896860,1.3333333333333333,1.3333333333333333,2632286.67,2632286.67
29057,2023,Payment Months (Type 3),1,7419614,1.3333333333333333,1.3333333333333333,2473204.67,2473204.67
29057,2023,All Issues (Census),1,7419614,1.3333333333333333,1.3333333333333333,2473204.67,2473204.67
29059,2012,Payment Months (Type 3),2,3798902,1.3333333333333333,2,1266300.67,3798902
29059,2012,All Issues (Census),2,3798902,1.3333333333333333,2,1266300.67,3798902
29059,2022,Payment Months (Type 3),1,2956592.05,1.3333333333333333,1.3333333333333333,985530.68,985530.68
29059,2022,All Issues (Census),1,2956592.05,1.3333333333333333,1.3333333333333333,985530.68,985530.68
29061,2012,Payment Months (Type 3),2,1498680,1.3333333333333333,2,499560,1498680
29061,2012,All Issues (Census),2,1498680,1.3333333333333333,2,499560,1498680
29061,2018,Payment Months (Type 3),1,991830,1.3333333333333333,1.3333333333333333,330610,330610
29061,2018,All Issues (Census),1,991830,1.3333333333333333,1.3333333333333333,330610,330610
29063,2012,Payment Months (Type 3),2,2394449,1.3333333333333333,2,798149.67,2394449
29063,2012,All Issues (Census),2,2394449,1.3333333333333333,2,798149.67,2394449
29063,2018,Payment Months (Type 3),1,1325187,1.3333333333333333,1.3333333333333333,441729,441729
29063,2018,All Issues (Census),1,1325187,1.3333333333333333,1.3333333333333333,441729,441729
29065,2012,Payment Months (Type 3),2,2002661,1.3333333333333333,2,667553.67,2002661
29065,2012,All Issues (Census),2,2002661,1.3333333333333333,2,667553.67,2002661
29067,2012,Payment Months (Type 3),2,5143485,1.3333333333333333,2,1714495,5143485
29067,2012,All Issues (Census),2,5143485,1.3333333333333333,2,1714495,5143485
29069,2012,Payment Months (Type 3),2,82772,1.6666666666666667,2.5,55181.33,124158
29069,2012,All Issues (Census),2,82772,1.6666666666666667,2.5,55181.33,124158
29071,2012,Payment Months (Type 3),2,2427996,1.3333333333333333,2,809332,2427996
29071,2012,All Issues (Census),2,2427996,1.3333333333333333,2,809332,2427996
29071,2024,Threshold (Type 2),1,,4,4,,
29071,2024,All Issues (Census),1,,4,4,,
29073,2012,Payment Months (Type 3),2,2524108,1.3333333333333333,2,841369.33,2524108
29073,2012,All Issues (Census),2,2524108,1.3333333333333333,2,841369.33,2524108
29073,2023,Payment Months (Type 3),1,2808938,1.3333333333333333,1.3333333333333333,936312.67,936312.67
29073,2023,All Issues (Census),1,2808938,1.3333333333333333,1.3333333333333333,936312.67,936312.67
29075,2012,Payment Months (Type 3),2,2689094,1.3333333333333333,2,896364.67,2689094
29075,2012,All Issues (Census),2,2689094,1.3333333333333333,2,896364.67,2689094
29075,2018,Payment Months (Type 3),1,1389194,1.3333333333333333,1.3333333333333333,463064.67,463064.67
29075,2018,All Issues (Census),1,1389194,1.3333333333333333,1.3333333333333333,463064.67,463064.67
29077,2012,Payment Months (Type 3),2,4765394.19,1.3333333333333333,2,1588464.73,4765394.19
29077,2012,All Issues (Census),2,4765394.19,1.3333333333333333,2,1588464.73,4765394.19
29079,2012,Payment Months (Type 3),1,1238123,1.5,1.5,619061.5,619061.5
29079,2012,All Issues (Census),1,1238123,1.5,1.5,619061.5,619061.5
29079,2018,Payment Months (Type 3),1,678438,1.3333333333333333,1.3333333333333333,226146,226146
29079,2018,All Issues (Census),1,678438,1.3333333333333333,1.3333333333333333,226146,226146
29081,2012,Payment Months (Type 3),1,3131765,1.5,1.5,1565882.5,1565882.5
29081,2012,All Issues (Census),1,3131765,1.5,1.5,1565882.5,1565882.5
29081,2018,Payment Months (Type 3),1,1877063,1.3333333333333333,1.3333333333333333,625687.67,625687.67
29081,2018,All Issues (Census),1,1877063,1.3333333333333333,1.3333333333333333,625687.67,625687.67
29083,2012,Payment Months (Type 3),2,5546044,1.3333333333333333,2,1848681.33,5546044
29083,2012,All Issues (Census),2,5546044,1.3333333333333333,2,1848681.33,5546044
29083,2023,Payment Months (Type 3),2,5152870,1.3333333333333333,1.5,1717623.33,2576435
29083,2023,All Issues (Census),2,5152870,1.3333333333333333,1.5,1717623.33,2576435
29085,2012,Payment Months (Type 3),2,2626154,1.3333333333333333,2,875384.67,2626154
29085,2012,All Issues (Census),2,2626154,1.3333333333333333,2,875384.67,2626154
29085,2023,Payment Months (Type 3),1,3282327,1.3333333333333333,1.3333333333333333,1094109,1094109
29085,2023,All Issues (Census),1,3282327,1.3333333333333333,1.3333333333333333,1094109,1094109
29087,2012,Payment Months (Type 3),2,282225,1.3333333333333333,2,94075,282225
29087,2012,All Issues (Census),2,282225,1.3333333333333333,2,94075,282225
29087,2018,Payment Months (Type 3),1,181653,1.3333333333333333,1.3333333333333333,60551,60551
29087,2018,All Issues (Census),1,181653,1.3333333333333333,1.3333333333333333,60551,60551
29089,2012,Payment Months (Type 3),2,1774326,1.3333333333333333,2,591442,1774326
29089,2012,All Issues (Census),2,1774326,1.3333333333333333,2,591442,1774326
29089,2018,Payment Months (Type 3),1,827193,1.3333333333333333,1.3333333333333333,275731,275731
29089,2018,All Issues (Census),1,827193,1.3333333333333333,1.3333333333333333,275731,275731
29089,2023,Payment Months (Type 3),2,1944982,1.3333333333333333,1.5,648327.33,972491
29089,2023,All Issues (Census),2,1944982,1.3333333333333333,1.5,648327.33,972491
29091,2012,Payment Months (Type 3),2,7020663,1.3333333333333333,2,2340221,7020663
29091,2012,All Issues (Census),2,7020663,1.3333333333333333,2,2340221,7020663
29093,2012,Payment Months (Type 3),2,891249,1.3333333333333333,2,297083,891249
29093,2012,All Issues (Census),2,891249,1.3333333333333333,2,297083,891249
29095,2012,Payment Months (Type 3),2,507007,1.3333333333333333,2,169002.33,507007
29095,2012,All Issues (Census),2,507007,1.3333333333333333,2,169002.33,507007
29095,2018,Payment Months (Type 3),1,219913,1.6666666666666667,1.6666666666666667,146608.67,146608.67
29095,2018,All Issues (Census),1,219913,1.6666666666666667,1.6666666666666667,146608.67,146608.67
29097,2012,Threshold (Type 2),1,3311659,1.25,1.25,827914.75,827914.75
29097,2012,Payment Months (Type 3),2,3311659,1.3333333333333333,2,1103886.33,3311659
29097,2012,All Issues (Census),3,3311659,1.25,2,827914.75,3311659
29097,2022,Payment Months (Type 3),1,4299490,1.3333333333333333,1.3333333333333333,1433163.33,1433163.33
29097,2022,All Issues (Census),1,4299490,1.3333333333333333,1.3333333333333333,1433163.33,1433163.33
29099,2012,Payment Months (Type 3),2,593273,1.3333333333333333,2,197757.67,593273
29099,2012,All Issues (Census),2,593273,1.3333333333333333,2,197757.67,593273
29101,2012,Payment Months (Type 3),2,6663528,1.3333333333333333,2,2221176,6663528
29101,2012,All Issues (Census),2,6663528,1.3333333333333333,2,2221176,6663528
29101,2023,Payment Months (Type 3),2,6089855,1.3333333333333333,1.5,2029951.67,3044927.5
29101,2023,All Issues (Census),2,6089855,1.3333333333333333,1.5,2029951.67,3044927.5
29103,2012,Payment Months (Type 3),2,1441163,1.3333333333333333,2,480387.67,1441163
29103,2012,All Issues (Census),2,1441163,1.3333333333333333,2,480387.67,1441163
29103,2018,Payment Months (Type 3),1,865556,1.3333333333333333,1.3333333333333333,288518.67,288518.67
29103,2018,All Issues (Census),1,865556,1.3333333333333333,1.3333333333333333,288518.67,288518.67
29103,2023,Payment Months (Type 3),2,1865758,1.3333333333333333,1.5,621919.33,932879
29103,2023,All Issues (Census),2,1865758,1.3333333333333333,1.5,621919.33,932879
29105,2012,Payment Months (Type 3),2,5545022,1.3333333333333333,2,1848340.67,5545022
29105,2012,All Issues (Census),2,5545022,1.3333333333333333,2,1848340.67,5545022
29105,2022,Payment Months (Type 3),1,5523205.11,1.3333333333333333,1.3333333333333333,1841068.37,1841068.37
29105,2022,All Issues (Census),1,5523205.11,1.3333333333333333,1.3333333333333333,1841068.37,1841068.37
29107,2012,Payment Months (Type 3),2,1678742,1.3333333333333333,2,559580.67,1678742
29107,2012,All Issues (Census),2,1678742,1.3333333333333333,2,559580.67,1678742
29107,2018,Payment Months (Type 3),1,932396,1.3333333333333333,1.3333333333333333,310798.67,310798.67
29107,2018,All Issues (Census),1,932396,1.3333333333333333,1.3333333333333333,310798.67,310798.67
29107,2023,Payment Months (Type 3),2,1844260,1.3333333333333333,1.5,614753.33,922130
29107,2023,All Issues (Census),2,1844260,1.3333333333333333,1.5,614753.33,922130
29109,2012,Payment Months (Type 3),2,5979060,1.3333333333333333,2,1993020,5979060
29109,2012,All Issues (Census),2,5979060,1.3333333333333333,2,1993020,5979060
29109,2022,Payment Months (Type 3),1,7633494.26,1.3333333333333333,1.3333333333333333,2544498.09,2544498.09
29109,2022,All Issues (Census),1,7633494.26,1.3333333333333333,1.3333333333333333,2544498.09,2544498.09
29111,2012,Payment Months (Type 3),2,1066324,1.3333333333333333,2,355441.33,1066324
29111,2012,All Issues (Census),2,1066324,1.3333333333333333,2,355441.33,1066324
29111,2023,Payment Months (Type 3),2,1183071,1.3333333333333333,1.5,394357,591535.5
29111,2023,All Issues (Census),2,1183071,1.3333333333333333,1.5,394357,591535.5
29113,2012,Payment Months (Type 3),2,914687,1.3333333333333333,2,304895.67,914687
29113,2012,All Issues (Census),2,914687,1.3333333333333333,2,304895.67,914687
29115,2012,Payment Months (Type 3),2,3349487,1.3333333333333333,2,1116495.67,3349487
29115,2012,All Issues (Census),2,3349487,1.3333333333333333,2,1116495.67,3349487
29115,2018,Payment Months (Type 3),1,1825208,1.3333333333333333,1.3333333333333333,608402.67,608402.67
29115,2018,All Issues (Census),1,1825208,1.3333333333333333,1.3333333333333333,608402.67,608402.67
29117,2012,Payment Months (Type 3),2,912005.61,1.3333333333333333,2,304001.87,912005.61
29117,2012,All Issues (Census),2,912005.61,1.3333333333333333,2,304001.87,912005.61
29117,2018,Payment Months (Type 3),1,559856,1.3333333333333333,1.3333333333333333,186618.67,186618.67
29117,2018,All Issues (Census),1,559856,1.3333333333333333,1.3333333333333333,186618.67,186618.67
29119,2012,Payment Months (Type 3),2,3806207,1.3333333333333333,2,1268735.67,3806207
29119,2012,All Issues (Census),2,3806207,1.3333333333333333,2,1268735.67,3806207
29121,2012,Payment Months (Type 3),2,3312422,1.3333333333333333,2,1104140.67,3312422
29121,2012,All Issues (Census),2,3312422,1.3333333333333333,2,1104140.67,3312422
29121,2018,Payment Months (Type 3),1,1850178,1.3333333333333333,1.3333333333333333,616726,616726
29121,2018,All Issues (Census),1,1850178,1.3333333333333333,1.3333333333333333,616726,616726
29121,2023,Payment Months (Type 3),1,3798226,1.3333333333333333,1.3333333333333333,1266075.33,1266075.33
29121,2023,All Issues (Census),1,3798226,1.3333333333333333,1.3333333333333333,1266075.33,1266075.33
29123,2012,Payment Months (Type 3),2,1461691.72,1.6666666666666667,2.5,974461.15,2192537.58
29123,2012,All Issues (Census),2,1461691.72,1.6666666666666667,2.5,974461.15,2192537.58
29125,2012,Payment Months (Type 3),2,3826021,1.3333333333333333,2,1275340.33,3826021
29125,2012,All Issues (Census),2,3826021,1.3333333333333333,2,1275340.33,3826021
29125,2023,Payment Months (Type 3),1,4162166.12,1.3333333333333333,1.3333333333333333,1387388.71,1387388.71
29125,2023,All Issues (Census),1,4162166.12,1.3333333333333333,1.3333333333333333,1387388.71,1387388.71
29127,2012,Payment Months (Type 3),2,979480,1.3333333333333333,2,326493.33,979480
29127,2012,All Issues (Census),2,979480,1.3333333333333333,2,326493.33,979480
29127,2023,Payment Months (Type 3),1,894382,1.3333333333333333,1.3333333333333333,298127.33,298127.33
29127,2023,All Issues (Census),1,894382,1.3333333333333333,1.3333333333333333,298127.33,298127.33
29129,2012,Payment Months (Type 3),1,2170381,1.5,1.5,1085190.5,1085190.5
29129,2012,All Issues (Census),1,2170381,1.5,1.5,1085190.5,1085190.5
29129,2018,Payment Months (Type 3),1,1352165,1.3333333333333333,1.3333333333333333,450721.67,450721.67
29129,2018,All Issues (Census),1,1352165,1.3333333333333333,1.3333333333333333,450721.67,450721.67
29131,2012,Payment Months (Type 3),2,4165906,1.3333333333333333,2,1388635.33,4165906
29131,2012,All Issues (Census),2,4165906,1.3333333333333333,2,1388635.33,4165906
29131,2023,Payment Months (Type 3),2,4707814,1.3333333333333333,1.5,1569271.33,2353907
29131,2023,All Issues (Census),2,4707814,1.3333333333333333,1.5,1569271.33,2353907
29133,2012,Payment Months (Type 3),2,18006,1.6666666666666667,2.5,12004,27009
29133,2012,All Issues (Census),2,18006,1.6666666666666667,2.5,12004,27009
29135,2012,Payment Months (Type 3),2,4386728.26,1.3333333333333333,2,1462242.75,4386728.26
29135,2012,All Issues (Census),2,4386728.26,1.3333333333333333,2,1462242.75,4386728.26
29135,2018,Payment Months (Type 3),1,2380739,1.3333333333333333,1.3333333333333333,793579.67,793579.67
29135,2018,All Issues (Census),1,2380739,1.3333333333333333,1.3333333333333333,793579.67,793579.67
29135,2023,Payment Months (Type 3),2,5445675,1.3333333333333333,1.5,1815225,2722837.5
29135,2023,All Issues (Census),2,5445675,1.3333333333333333,1.5,1815225,2722837.5
29137,2012,Payment Months (Type 3),2,1844688,1.3333333333333333,2,614896,1844688
29137,2012,All Issues (Census),2,1844688,1.3333333333333333,2,614896,1844688
29137,2023,Payment Months (Type 3),1,1980919,1.3333333333333333,1.3333333333333333,660306.33,660306.33
29137,2023,All Issues (Census),1,1980919,1.3333333333333333,1.3333333333333333,660306.33,660306.33
29139,2012,Payment Months (Type 3),2,1118447,1.3333333333333333,2,372815.67,1118447
29139,2012,All Issues (Census),2,1118447,1.3333333333333333,2,372815.67,1118447
29139,2023,Payment Months (Type 3),1,1633572,1.3333333333333333,1.3333333333333333,544524,544524
29139,2023,All Issues (Census),1,1633572,1.3333333333333333,1.3333333333333333,544524,544524
29141,2012,Payment Months (Type 3),2,3278359.96,1.3333333333333333,2,1092786.65,3278359.96
29141,2012,All Issues (Census),2,3278359.96,1.3333333333333333,2,1092786.65,3278359.96
29141,2023,Payment Months (Type 3),2,2481507,1.3333333333333333,1.5,827169,1240753.5
29141,2023,All Issues (Census),2,2481507,1.3333333333333333,1.5,827169,1240753.5
29143,2012,Payment Months (Type 3),2,11561,1.6666666666666667,2.5,7707.33,17341.5
29143,2012,All Issues (Census),2,11561,1.6666666666666667,2.5,7707.33,17341.5
29145,2012,Payment Months (Type 3),2,5535666,1.3333333333333333,2,1845222,5535666
29145,2012,All Issues (Census),2,5535666,1.3333333333333333,2,1845222,5535666
29145,2022,Payment Months (Type 3),1,4407830,1.3333333333333333,1.3333333333333333,1469276.67,1469276.67
29145,2022,All Issues (Census),1,4407830,1.3333333333333333,1.3333333333333333,1469276.67,1469276.67
29147,2012,Payment Months (Type 3),1,4429711,1.5,1.5,2214855.5,2214855.5
29147,2012,All Issues (Census),1,4429711,1.5,1.5,2214855.5,2214855.5
29147,2018,Payment Months (Type 3),1,2200137,1.3333333333333333,1.3333333333333333,733379,733379
29147,2018,All Issues (Census),1,2200137,1.3333333333333333,1.3333333333333333,733379,733379
29149,2012,Payment Months (Type 3),2,5893421,1.3333333333333333,2,1964473.67,5893421
29149,2012,All Issues (Census),2,5893421,1.3333333333333333,2,1964473.67,5893421
29151,2012,Payment Months (Type 3),2,4816794,1.3333333333333333,2,1605598,4816794
29151,2012,All Issues (Census),2,4816794,1.3333333333333333,2,1605598,4816794
29151,2023,Payment Months (Type 3),1,5496399,1.3333333333333333,1.3333333333333333,1832133,1832133
29151,2023,All Issues (Census),1,5496399,1.3333333333333333,1.3333333333333333,1832133,1832133
29153,2012,Payment Months (Type 3),2,5396303,1.3333333333333333,2,1798767.67,5396303
29153,2012,All Issues (Census),2,5396303,1.3333333333333333,2,1798767.67,5396303
29155,2012,Payment Months (Type 3),2,2200,1.6666666666666667,2.5,1466.67,3300
29155,2012,All Issues (Census),2,2200,1.6666666666666667,2.5,1466.67,3300
29157,2012,Payment Months (Type 3),2,2121784,1.6666666666666667,2.5,1414522.67,3182676
29157,2012,All Issues (Census),2,2121784,1.6666666666666667,2.5,1414522.67,3182676
29159,2012,Payment Months (Type 3),2,4140492,1.3333333333333333,2,1380164,4140492
29159,2012,All Issues (Census),2,4140492,1.3333333333333333,2,1380164,4140492
29159,2023,Payment Months (Type 3),2,5309828,1.3333333333333333,1.5,1769942.67,2654914
29159,2023,All Issues (Census),2,5309828,1.3333333333333333,1.5,1769942.67,2654914
29161,2012,Payment Months (Type 3),2,3548166,1.3333333333333333,2,1182722,3548166
29161,2012,All Issues (Census),2,3548166,1.3333333333333333,2,1182722,3548166
29163,2012,Payment Months (Type 3),2,1876752,1.3333333333333333,2,625584,1876752
29163,2012,All Issues (Census),2,1876752,1.3333333333333333,2,625584,1876752
29163,2023,Payment Months (Type 3),1,1587603,1.3333333333333333,1.3333333333333333,529201,529201
29163,2023,All Issues (Census),1,1587603,1.3333333333333333,1.3333333333333333,529201,529201
29165,2012,Payment Months (Type 3),2,1001124.31,1.3333333333333333,2,333708.1,1001124.31
29165,2012,All Issues (Census),2,1001124.31,1.3333333333333333,2,333708.1,1001124.31
29165,2018,Payment Months (Type 3),1,608027,1.6666666666666667,1.6666666666666667,405351.33,405351.33
29165,2018,All Issues (Census),1,608027,1.6666666666666667,1.6666666666666667,405351.33,405351.33
29167,2012,Payment Months (Type 3),2,7092296,1.3333333333333333,2,2364098.67,7092296
29167,2012,All Issues (Census),2,7092296,1.3333333333333333,2,2364098.67,7092296
29167,2023,Payment Months (Type 3),1,7149247,1.3333333333333333,1.3333333333333333,2383082.33,2383082.33
29167,2023,All Issues (Census),1,7149247,1.3333333333333333,1.3333333333333333,2383082.33,2383082.33
29169,2012,Payment Months (Type 3),2,1775618,1.3333333333333333,2,591872.67,1775618
29169,2012,All Issues (Census),2,1775618,1.3333333333333333,2,591872.67,1775618
29169,2023,Payment Months (Type 3),1,2030458,1.3333333333333333,1.3333333333333333,676819.33,676819.33
29169,2023,All Issues (Census),1,2030458,1.3333333333333333,1.3333333333333333,676819.33,676819.33
29171,2012,Payment Months (Type 3),2,3196002,1.3333333333333333,2,1065334,3196002
29171,2012,All Issues (Census),2,3196002,1.3333333333333333,2,1065334,3196002
29171,2018,Payment Months (Type 3),1,2001452,1.3333333333333333,1.3333333333333333,667150.67,667150.67
29171,2018,All Issues (Census),1,2001452,1.3333333333333333,1.3333333333333333,667150.67,667150.67
29171,2023,Threshold (Type 2),1,4860049,1.3333333333333333,1.3333333333333333,1620016.33,1620016.33
29171,2023,All Issues (Census),1,4860049,1.3333333333333333,1.3333333333333333,1620016.33,1620016.33
29173,2012,Payment Months (Type 3),2,1334234,1.3333333333333333,2,444744.67,1334234
29173,2012,All Issues (Census),2,1334234,1.3333333333333333,2,444744.67,1334234
29173,2023,Payment Months (Type 3),1,1239523,1.3333333333333333,1.3333333333333333,413174.33,413174.33
29173,2023,All Issues (Census),1,1239523,1.3333333333333333,1.3333333333333333,413174.33,413174.33
29175,2012,Payment Months (Type 3),2,1695693,1.3333333333333333,2,565231,1695693
29175,2012,All Issues (Census),2,1695693,1.3333333333333333,2,565231,1695693
29175,2018,Payment Months (Type 3),1,970653,1.3333333333333333,1.3333333333333333,323551,323551
29175,2018,All Issues (Census),1,970653,1.3333333333333333,1.3333333333333333,323551,323551
29175,2023,Payment Months (Type 3),1,1801562,1.3333333333333333,1.3333333333333333,600520.67,600520.67
29175,2023,All Issues (Census),1,1801562,1.3333333333333333,1.3333333333333333,600520.67,600520.67
29177,2012,Payment Months (Type 3),2,2481446,1.3333333333333333,2,827148.67,2481446
29177,2012,All Issues (Census),2,2481446,1.3333333333333333,2,827148.67,2481446
29177,2018,Payment Months (Type 3),1,1639268,1.6666666666666667,1.6666666666666667,1092845.33,1092845.33
29177,2018,All Issues (Census),1,1639268,1.6666666666666667,1.6666666666666667,1092845.33,1092845.33
29179,2012,Payment Months (Type 3),2,754737,1.3333333333333333,2,251579,754737
29179,2012,All Issues (Census),2,754737,1.3333333333333333,2,251579,754737
29181,2012,Payment Months (Type 3),2,1883932.91,1.6666666666666667,2.5,1255955.27,2825899.36
29181,2012,All Issues (Census),2,1883932.91,1.6666666666666667,2.5,1255955.27,2825899.36
29183,2012,Payment Months (Type 3),2,172787,1.3333333333333333,2,57595.67,172787
29183,2012,All Issues (Census),2,172787,1.3333333333333333,2,57595.67,172787
29185,2012,Payment Months (Type 3),2,3369532.33,1.3333333333333333,2,1123177.44,3369532.33
29185,2012,All Issues (Census),2,3369532.33,1.3333333333333333,2,1123177.44,3369532.33
29185,2023,Payment Months (Type 3),1,4615155,1.3333333333333333,1.3333333333333333,1538385,1538385
29185,2023,All Issues (Census),1,4615155,1.3333333333333333,1.3333333333333333,1538385,1538385
29187,2012,Payment Months (Type 3),2,1220600,1.3333333333333333,2,406866.67,1220600
29187,2012,All Issues (Census),2,1220600,1.3333333333333333,2,406866.67,1220600
29189,2012,Payment Months (Type 3),2,6264,1.3333333333333333,2,2088,6264
29189,2012,All Issues (Census),2,6264,1.3333333333333333,2,2088,6264
29193,2012,Payment Months (Type 3),2,1075565,1.3333333333333333,2,358521.67,1075565
29193,2012,All Issues (Census),2,1075565,1.3333333333333333,2,358521.67,1075565
29193,2023,Payment Months (Type 3),1,1001822,1.5,1.5,500911,500911
29193,2023,All Issues (Census),1,1001822,1.5,1.5,500911,500911
29195,2012,Payment Months (Type 3),2,1641202,1.3333333333333333,2,547067.33,1641202
29195,2012,All Issues (Census),2,1641202,1.3333333333333333,2,547067.33,1641202
29195,2018,Payment Months (Type 3),1,778289,1.3333333333333333,1.3333333333333333,259429.67,259429.67
29195,2018,All Issues (Census),1,778289,1.3333333333333333,1.3333333333333333,259429.67,259429.67
29195,2023,Payment Months (Type 3),2,1609257,1.3333333333333333,1.5,536419,804628.5
29195,2023,All Issues (Census),2,1609257,1.3333333333333333,1.5,536419,804628.5
29197,2012,Payment Months (Type 3),2,2145674,1.3333333333333333,2,715224.67,2145674
29197,2012,All Issues (Census),2,2145674,1.3333333333333333,2,715224.67,2145674
29197,2018,Payment Months (Type 3),1,1232618,1.3333333333333333,1.3333333333333333,410872.67,410872.67
29197,2018,All Issues (Census),1,1232618,1.3333333333333333,1.3333333333333333,410872.67,410872.67
29197,2023,Payment Months (Type 3),2,2871547,1.3333333333333333,1.5,957182.33,1435773.5
29197,2023,All Issues (Census),2,2871547,1.3333333333333333,1.5,957182.33,1435773.5
29199,2012,Payment Months (Type 3),2,971500,1.3333333333333333,2,323833.33,971500
29199,2012,All Issues (Census),2,971500,1.3333333333333333,2,323833.33,971500
29199,2018,Payment Months (Type 3),1,627610,1.3333333333333333,1.3333333333333333,209203.33,209203.33
29199,2018,All Issues (Census),1,627610,1.3333333333333333,1.3333333333333333,209203.33,209203.33
29199,2023,Payment Months (Type 3),2,1377003,1.3333333333333333,1.5,459001,688501.5
29199,2023,All Issues (Census),2,1377003,1.3333333333333333,1.5,459001,688501.5
29201,2012,Payment Months (Type 3),2,558665,1.6666666666666667,2.5,372443.33,837997.5
29201,2012,All Issues (Census),2,558665,1.6666666666666667,2.5,372443.33,837997.5
29203,2012,Payment Months (Type 3),2,1833890,1.3333333333333333,2,611296.67,1833890
29203,2012,All Issues (Census),2,1833890,1.3333333333333333,2,611296.67,1833890
29205,2012,Payment Months (Type 3),2,1065402,1.3333333333333333,2,355134,1065402
29205,2012,All Issues (Census),2,1065402,1.3333333333333333,2,355134,1065402
29205,2023,Payment Months (Type 3),1,1412813,1.3333333333333333,1.3333333333333333,470937.67,470937.67
29205,2023,All Issues (Census),1,1412813,1.3333333333333333,1.3333333333333333,470937.67,470937.67
29207,2012,Payment Months (Type 3),2,732384,1.6666666666666667,2.5,488256,1098576
29207,2012,All Issues (Census),2,732384,1.6666666666666667,2.5,488256,1098576
29209,2012,Payment Months (Type 3),2,2995735,1.3333333333333333,2,998578.33,2995735
29209,2012,All Issues (Census),2,2995735,1.3333333333333333,2,998578.33,2995735
29209,2022,Payment Months (Type 3),1,1684887.39,1.3333333333333333,1.3333333333333333,561629.13,561629.13
29209,2022,All Issues (Census),1,1684887.39,1.3333333333333333,1.3333333333333333,561629.13,561629.13
29211,2012,Payment Months (Type 3),2,4368205,1.3333333333333333,2,1456068.33,4368205
29211,2012,All Issues (Census),2,4368205,1.3333333333333333,2,1456068.33,4368205
29211,2018,Payment Months (Type 3),1,2759017,1.3333333333333333,1.3333333333333333,919672.33,919672.33
29211,2018,All Issues (Census),1,2759017,1.3333333333333333,1.3333333333333333,919672.33,919672.33
29211,2023,Payment Months (Type 3),1,5548782,1.3333333333333333,1.3333333333333333,1849594,1849594
29211,2023,All Issues (Census),1,5548782,1.3333333333333333,1.3333333333333333,1849594,1849594
29213,2012,Payment Months (Type 3),2,2163200,1.3333333333333333,2,721066.67,2163200
29213,2012,All Issues (Census),2,2163200,1.3333333333333333,2,721066.67,2163200
29215,2012,Payment Months (Type 3),2,6228028,1.3333333333333333,2,2076009.33,6228028
29215,2012,All Issues (Census),2,6228028,1.3333333333333333,2,2076009.33,6228028
29217,2011,Payment Months (Type 3),1,845347,2,2,845347,845347
29217,2011,All Issues (Census),1,845347,2,2,845347,845347
29217,2012,Payment Months (Type 3),2,6109573.16,1.3333333333333333,2,2036524.39,6109573.16
29217,2012,All Issues (Census),2,6109573.16,1.3333333333333333,2,2036524.39,6109573.16
29217,2022,Payment Months (Type 3),1,5904868,1.3333333333333333,1.3333333333333333,1968289.33,1968289.33
29217,2022,All Issues (Census),1,5904868,1.3333333333333333,1.3333333333333333,1968289.33,1968289.33
29217,2023,Payment Months (Type 3),2,5860759.06,1.3333333333333333,1.5,1953586.35,2930379.53
29217,2023,All Issues (Census),2,5860759.06,1.3333333333333333,1.5,1953586.35,2930379.53
29219,2012,Payment Months (Type 3),2,451215,1.3333333333333333,2,150405,451215
29219,2012,All Issues (Census),2,451215,1.3333333333333333,2,150405,451215
29219,2023,Payment Months (Type 3),1,191721,1.3333333333333333,1.3333333333333333,63907,63907
29219,2023,All Issues (Census),1,191721,1.3333333333333333,1.3333333333333333,63907,63907
29221,2012,Payment Months (Type 3),2,1105011,1.3333333333333333,2,368337,1105011
29221,2012,All Issues (Census),2,1105011,1.3333333333333333,2,368337,1105011
29223,2012,Payment Months (Type 3),2,1445912,1.6666666666666667,2.5,963941.33,2168868
29223,2012,All Issues (Census),2,1445912,1.6666666666666667,2.5,963941.33,2168868
29225,2012,Payment Months (Type 3),2,5114109,1.3333333333333333,2,1704703,5114109
29225,2012,All Issues (Census),2,5114109,1.3333333333333333,2,1704703,5114109
29225,2020,Threshold (Type 2),2,657242,3,3,1314484,1314484
29225,2020,All Issues (Census),2,657242,3,3,1314484,1314484
29225,2022,Payment Months (Type 3),1,4382093.37,1.3333333333333333,1.3333333333333333,1460697.79,1460697.79
29225,2022,All Issues (Census),1,4382093.37,1.3333333333333333,1.3333333333333333,1460697.79,1460697.79
29227,2012,Payment Months (Type 3),1,1740354,1.5,1.5,870177,870177
29227,2012,All Issues (Census),1,1740354,1.5,1.5,870177,870177
29227,2018,Payment Months (Type 3),1,1036491,1.3333333333333333,1.3333333333333333,345497,345497
29227,2018,All Issues (Census),1,1036491,1.3333333333333333,1.3333333333333333,345497,345497
29229,2012,Payment Months (Type 3),2,7489518,1.3333333333333333,2,2496506,7489518
29229,2012,All Issues (Census),2,7489518,1.3333333333333333,2,2496506,7489518
29229,2022,Payment Months (Type 3),1,6130930.13,1.3333333333333333,1.3333333333333333,2043643.38,2043643.38
29229,2022,All Issues (Census),1,6130930.13,1.3333333333333333,1.3333333333333333,2043643.38,2043643.38
30043,2021,Payment Months (Type 3),3,809052,1.25,1.25,202263,202263
30043,2021,All Issues (Census),3,809052,1.25,1.25,202263,202263
30057,2021,Payment Months (Type 3),3,1827846,1.25,1.25,456961.5,456961.5
30057,2021,All Issues (Census),3,1827846,1.25,1.25,456961.5,456961.5
30063,2021,Threshold (Type 2),3,16964,3,3,33928,33928
30063,2021,All Issues (Census),3,16964,4,4,50892,50892
30073,2017,Boundary (Type 1),3,535419,1.3333333333333333,1.3333333333333333,178473,178473
30073,2017,All Issues (Census),3,535419,1.3333333333333333,1.3333333333333333,178473,178473
31001,2012,Payment Months (Type 3),1,508110,2,2,508110,508110
31001,2012,All Issues (Census),1,508110,2,2,508110,508110
31001,2013,Payment Months (Type 3),1,533301,2,2,533301,533301
31001,2013,All Issues (Census),1,533301,2,2,533301,533301
31001,2023,Payment Months (Type 3),2,655446,2,2.5,655446,983169
31001,2023,All Issues (Census),2,655446,2,2.5,655446,983169
31003,2012,Payment Months (Type 3),1,2987750,2,2,2987750,2987750
31003,2012,All Issues (Census),1,2987750,2,2,2987750,2987750
31003,2013,Payment Months (Type 3),1,1954524,2,2,1954524,1954524
31003,2013,All Issues (Census),1,1954524,2,2,1954524,1954524
31003,2022,Payment Months (Type 3),2,1444297,2,2,1444297,1444297
31003,2022,All Issues (Census),2,1444297,2,2,1444297,1444297
31003,2023,Payment Months (Type 3),2,1318759,2,2,1318759,1318759
31003,2023,All Issues (Census),2,1318759,2,2,1318759,1318759
31003,2025,Payment Months (Type 3),1,763083.67,1.5,1.5,381541.84,381541.84
31003,2025,All Issues (Census),1,763083.67,1.5,1.5,381541.84,381541.84
31005,2012,Payment Months (Type 3),1,3730459,2.5,2.5,5595688.5,5595688.5
31005,2012,All Issues (Census),1,3730459,2.5,2.5,5595688.5,5595688.5
31005,2013,Payment Months (Type 3),2,4018490,2.5,2.5,6027735,6027735
31005,2013,All Issues (Census),2,4018490,2.5,2.5,6027735,6027735
31005,2022,Payment Months (Type 3),1,2451067,1.5,1.5,1225533.5,1225533.5
31005,2022,All Issues (Census),1,2451067,1.5,1.5,1225533.5,1225533.5
31005,2023,Payment Months (Type 3),1,2422144,2,2,2422144,2422144
31005,2023,All Issues (Census),1,2422144,2,2,2422144,2422144
31007,2012,Payment Months (Type 3),1,1816041,2.5,2.5,2724061.5,2724061.5
31007,2012,All Issues (Census),1,1816041,2.5,2.5,2724061.5,2724061.5
31007,2013,Payment Months (Type 3),2,1599893,2,2,1599893,1599893
31007,2013,All Issues (Census),2,1599893,2,2,1599893,1599893
31007,2023,Payment Months (Type 3),1,1055347,2,2,1055347,1055347
31007,2023,All Issues (Census),1,1055347,2,2,1055347,1055347
31007,2025,Payment Months (Type 3),1,103265.46,2,2,103265.46,103265.46
31007,2025,All Issues (Census),1,103265.46,2,2,103265.46,103265.46
31009,2012,Payment Months (Type 3),1,2004426,2.5,2.5,3006639,3006639
31009,2012,All Issues (Census),1,2004426,2.5,2.5,3006639,3006639
31009,2013,Payment Months (Type 3),1,1708186,2,2,1708186,1708186
31009,2013,All Issues (Census),1,1708186,2,2,1708186,1708186
31009,2014,Payment Months (Type 3),1,1303870,1.5,1.5,651935,651935
31009,2014,All Issues (Census),1,1303870,1.5,1.5,651935,651935
31009,2022,Payment Months (Type 3),1,1012261,1.5,1.5,506130.5,506130.5
31009,2022,All Issues (Census),1,1012261,1.5,1.5,506130.5,506130.5
31009,2023,Payment Months (Type 3),1,1449734,2,2,1449734,1449734
31009,2023,All Issues (Census),1,1449734,2,2,1449734,1449734
31011,2012,Payment Months (Type 3),1,3069733,2.5,2.5,4604599.5,4604599.5
31011,2012,All Issues (Census),1,3069733,2.5,2.5,4604599.5,4604599.5
31011,2013,Payment Months (Type 3),1,2003049.9,2,2,2003049.9,2003049.9
31011,2013,All Issues (Census),1,2003049.9,2,2,2003049.9,2003049.9
31011,2022,Payment Months (Type 3),2,1803925,1.5,2,901962.5,1803925
31011,2022,All Issues (Census),2,1803925,1.5,2,901962.5,1803925
31011,2023,Payment Months (Type 3),2,2045722,2,2,2045722,2045722
31011,2023,All Issues (Census),2,2045722,2,2,2045722,2045722
31011,2025,Payment Months (Type 3),1,968054.63,1.5,1.5,484027.32,484027.32
31011,2025,All Issues (Census),1,968054.63,1.5,1.5,484027.32,484027.32
31013,2012,Payment Months (Type 3),1,2398354,2,2,2398354,2398354
31013,2012,All Issues (Census),1,2398354,2,2,2398354,2398354
31013,2013,Payment Months (Type 3),2,1980378,2,2,1980378,1980378
31013,2013,All Issues (Census),2,1980378,2,2,1980378,1980378
31013,2025,Payment Months (Type 3),1,860544.66,2,2,860544.66,860544.66
31013,2025,All Issues (Census),1,860544.66,2,2,860544.66,860544.66
31015,2012,Payment Months (Type 3),1,2734296.23,2,2,2734296.23,2734296.23
31015,2012,All Issues (Census),1,2734296.23,2,2,2734296.23,2734296.23
31015,2013,Payment Months (Type 3),1,1838240,2,2,1838240,1838240
31015,2013,All Issues (Census),1,1838240,2,2,1838240,1838240
31015,2021,Payment Months (Type 3),1,1258607,2,2,1258607,1258607
31015,2021,All Issues (Census),1,1258607,2,2,1258607,1258607
31015,2022,Payment Months (Type 3),2,2045932.58,1.5,2,1022966.29,2045932.58
31015,2022,All Issues (Census),2,2045932.58,1.5,2,1022966.29,2045932.58
31015,2023,Payment Months (Type 3),2,2169138,1.5,2,1084569,2169138
31015,2023,All Issues (Census),2,2169138,1.5,2,1084569,2169138
31017,2012,Payment Months (Type 3),1,6154874,2,2,6154874,6154874
31017,2012,All Issues (Census),1,6154874,2,2,6154874,6154874
31017,2013,Payment Months (Type 3),2,5392777.45,2,2,5392777.45,5392777.45
31017,2013,All Issues (Census),2,5392777.45,2,2,5392777.45,5392777.45
31017,2022,Payment Months (Type 3),2,4868432,1.5,1.5,2434216,2434216
31017,2022,All Issues (Census),2,4868432,1.5,1.5,2434216,2434216
31017,2023,Payment Months (Type 3),1,4356498,2,2,4356498,4356498
31017,2023,All Issues (Census),1,4356498,2,2,4356498,4356498
31019,2012,Payment Months (Type 3),1,5129845,2,2,5129845,5129845
31019,2012,All Issues (Census),1,5129845,2,2,5129845,5129845
31019,2013,Payment Months (Type 3),2,4393756,2,2,4393756,4393756
31019,2013,All Issues (Census),2,4393756,2,2,4393756,4393756
31019,2022,Payment Months (Type 3),1,2800100,1.5,1.5,1400050,1400050
31019,2022,All Issues (Census),1,2800100,1.5,1.5,1400050,1400050
31019,2023,Payment Months (Type 3),2,3720760,1.5,2,1860380,3720760
31019,2023,All Issues (Census),2,3720760,1.5,2,1860380,3720760
31021,2012,Payment Months (Type 3),1,501312,2,2,501312,501312
31021,2012,All Issues (Census),1,501312,2,2,501312,501312
31021,2013,Payment Months (Type 3),1,,2,2,,
31021,2013,All Issues (Census),1,,2,2,,
31021,2020,Payment Months (Type 3),1,180143.92,1.5,1.5,90071.96,90071.96
31021,2020,All Issues (Census),1,180143.92,1.5,1.5,90071.96,90071.96
31021,2022,Payment Months (Type 3),1,300857,2,2,300857,300857
31021,2022,All Issues (Census),1,300857,2,2,300857,300857
31021,2023,Payment Months (Type 3),2,434726,2.5,2.5,652089,652089
31021,2023,All Issues (Census),2,434726,2.5,2.5,652089,652089
31023,2012,Payment Months (Type 3),1,1459725,2,2,1459725,1459725
31023,2012,All Issues (Census),1,1459725,2,2,1459725,1459725
31023,2013,Payment Months (Type 3),1,2283,1.5,1.5,1141.5,1141.5
31023,2013,All Issues (Census),1,2283,1.5,1.5,1141.5,1141.5
31023,2023,Payment Months (Type 3),2,977134,2,2.5,977134,1465701
31023,2023,All Issues (Census),2,977134,2,2.5,977134,1465701
31025,2012,Payment Months (Type 3),1,436235,2,2,436235,436235
31025,2012,All Issues (Census),1,436235,2,2,436235,436235
31025,2013,Payment Months (Type 3),1,,1.5,1.5,,
31025,2013,All Issues (Census),1,,1.5,1.5,,
31025,2023,Payment Months (Type 3),2,324115,1.5,2,162057.5,324115
31025,2023,All Issues (Census),2,324115,1.5,2,162057.5,324115
31027,2012,Payment Months (Type 3),1,2644968.67,2,2,2644968.67,2644968.67
31027,2012,All Issues (Census),1,2644968.67,2,2,2644968.67,2644968.67
31027,2013,Payment Months (Type 3),1,1720579,2,2,1720579,1720579
31027,2013,All Issues (Census),1,1720579,2,2,1720579,1720579
31027,2021,Payment Months (Type 3),1,1137898,1.5,1.5,568949,568949
31027,2021,All Issues (Census),1,1137898,1.5,1.5,568949,568949
31027,2022,Payment Months (Type 3),2,2213804,1.5,2,1106902,2213804
31027,2022,All Issues (Census),2,2213804,1.5,2,1106902,2213804
31027,2023,Payment Months (Type 3),2,2107062,2,2.5,2107062,3160593
31027,2023,All Issues (Census),2,2107062,2,2.5,2107062,3160593
31029,2012,Payment Months (Type 3),1,2765689,2.5,2.5,4148533.5,4148533.5
31029,2012,All Issues (Census),1,2765689,2.5,2.5,4148533.5,4148533.5
31029,2013,Payment Months (Type 3),2,2419757,2,2.5,2419757,3629635.5
31029,2013,All Issues (Census),2,2419757,2,2.5,2419757,3629635.5
31029,2014,Payment Months (Type 3),1,2145368,2,2,2145368,2145368
31029,2014,All Issues (Census),1,2145368,2,2,2145368,2145368
31029,2022,Payment Months (Type 3),2,2187312.38,1.5,2.5,1093656.19,3280968.57
31029,2022,All Issues (Census),2,2187312.38,1.5,2.5,1093656.19,3280968.57
31029,2023,Payment Months (Type 3),1,1988086,2,2,1988086,1988086
31029,2023,All Issues (Census),1,1988086,2,2,1988086,1988086
31031,2012,Payment Months (Type 3),1,24584134,2,2,24584134,24584134
31031,2012,All Issues (Census),1,24584134,2,2,24584134,24584134
31031,2013,Payment Months (Type 3),2,26102439,2.5,2.5,39153658.5,39153658.5
31031,2013,All Issues (Census),2,26102439,2.5,2.5,39153658.5,39153658.5
31031,2022,Payment Months (Type 3),1,16453438,1.5,1.5,8226719,8226719
31031,2022,All Issues (Census),1,16453438,1.5,1.5,8226719,8226719
31031,2023,Payment Months (Type 3),1,15058033,2,2,15058033,15058033
31031,2023,All Issues (Census),1,15058033,2,2,15058033,15058033
31031,2025,Payment Months (Type 3),1,241728.89,1.5,1.5,120864.45,120864.45
31031,2025,All Issues (Census),1,241728.89,1.5,1.5,120864.45,120864.45
31033,2012,Payment Months (Type 3),1,1638840,2.5,2.5,2458260,2458260
31033,2012,All Issues (Census),1,1638840,2.5,2.5,2458260,2458260
31033,2013,Payment Months (Type 3),2,1380794,2,2,1380794,1380794
31033,2013,All Issues (Census),2,1380794,2,2,1380794,1380794
31033,2022,Payment Months (Type 3),1,1273337,2,2,1273337,1273337
31033,2022,All Issues (Census),1,1273337,2,2,1273337,1273337
31033,2023,Payment Months (Type 3),1,1306650.13,2,2,1306650.13,1306650.13
31033,2023,All Issues (Census),1,1306650.13,2,2,1306650.13,1306650.13
31033,2025,Payment Months (Type 3),1,463279.49,1.5,1.5,231639.74,231639.74
31033,2025,All Issues (Census),1,463279.49,1.5,1.5,231639.74,231639.74
31035,2012,Payment Months (Type 3),1,446519,2,2,446519,446519
31035,2012,All Issues (Census),1,446519,2,2,446519,446519
31035,2013,Payment Months (Type 3),1,144019,1.5,1.5,72009.5,72009.5
31035,2013,All Issues (Census),1,144019,1.5,1.5,72009.5,72009.5
31035,2023,Payment Months (Type 3),2,568714,2,2.5,568714,853071
31035,2023,All Issues (Census),2,568714,2,2.5,568714,853071
31037,2012,Payment Months (Type 3),1,731316,2,2,731316,731316
31037,2012,All Issues (Census),1,731316,2,2,731316,731316
31037,2013,Payment Months (Type 3),1,10163,2,2,10163,10163
31037,2013,All Issues (Census),1,10163,2,2,10163,10163
31037,2020,Payment Months (Type 3),1,110273,1.5,1.5,55136.5,55136.5
31037,2020,All Issues (Census),1,110273,1.5,1.5,55136.5,55136.5
31037,2022,Payment Months (Type 3),1,443051,2,2,443051,443051
31037,2022,All Issues (Census),1,443051,2,2,443051,443051
31037,2023,Payment Months (Type 3),2,420046,2.5,2.5,630069,630069
31037,2023,All Issues (Census),2,420046,2.5,2.5,630069,630069
31039,2012,Payment Months (Type 3),1,839372,2,2,839372,839372
31039,2012,All Issues (Census),1,839372,2,2,839372,839372
31039,2013,Payment Months (Type 3),1,184254,2,2,184254,184254
31039,2013,All Issues (Census),1,184254,2,2,184254,184254
31039,2020,Payment Months (Type 3),1,304778,1.5,1.5,152389,152389
31039,2020,All Issues (Census),1,304778,1.5,1.5,152389,152389
31039,2022,Payment Months (Type 3),1,550579,2,2,550579,550579
31039,2022,All Issues (Census),1,550579,2,2,550579,550579
31039,2023,Payment Months (Type 3),2,693369,2.5,2.5,1040053.5,1040053.5
31039,2023,All Issues (Census),2,693369,2.5,2.5,1040053.5,1040053.5
31041,2012,Payment Months (Type 3),1,16612803.94,2.5,2.5,24919205.91,24919205.91
31041,2012,All Issues (Census),1,16612803.94,2.5,2.5,24919205.91,24919205.91
31041,2013,Payment Months (Type 3),1,14591148.2,2,2,14591148.2,14591148.2
31041,2013,All Issues (Census),1,14591148.2,2,2,14591148.2,14591148.2
31041,2014,Payment Months (Type 3),1,10377367.8,1.5,1.5,5188683.9,5188683.9
31041,2014,All Issues (Census),1,10377367.8,1.5,1.5,5188683.9,5188683.9
31041,2022,Payment Months (Type 3),1,9121625,2,2,9121625,9121625
31041,2022,All Issues (Census),1,9121625,2,2,9121625,9121625
31041,2023,Payment Months (Type 3),1,10047191,1.5,1.5,5023595.5,5023595.5
31041,2023,All Issues (Census),1,10047191,1.5,1.5,5023595.5,5023595.5
31041,2025,Payment Months (Type 3),1,5548652.13,1.5,1.5,2774326.06,2774326.06
31041,2025,All Issues (Census),1,5548652.13,1.5,1.5,2774326.06,2774326.06
31043,2012,Payment Months (Type 3),1,300421,2,2,300421,300421
31043,2012,All Issues (Census),1,300421,2,2,300421,300421
31043,2013,Payment Months (Type 3),1,195916,2,2,195916,195916
31043,2013,All Issues (Census),1,195916,2,2,195916,195916
31043,2021,Payment Months (Type 3),1,62754,1.5,1.5,31377,31377
31043,2021,All Issues (Census),1,62754,1.5,1.5,31377,31377
31043,2022,Payment Months (Type 3),1,190508,2,2,190508,190508
31043,2022,All Issues (Census),1,190508,2,2,190508,190508
31043,2023,Payment Months (Type 3),2,204701,2,2.5,204701,307051.5
31043,2023,All Issues (Census),2,204701,2,2.5,204701,307051.5
31045,2012,Payment Months (Type 3),1,9052105.99,2,2,9052105.99,9052105.99
31045,2012,All Issues (Census),1,9052105.99,2,2,9052105.99,9052105.99
31045,2013,Payment Months (Type 3),2,7508202.06,2,2,7508202.06,7508202.06
31045,2013,All Issues (Census),2,7508202.06,2,2,7508202.06,7508202.06
31045,2025,Payment Months (Type 3),1,3071385.51,2,2,3071385.51,3071385.51
31045,2025,All Issues (Census),1,3071385.51,2,2,3071385.51,3071385.51
31047,2012,Payment Months (Type 3),1,5652144,2.5,2.5,8478216,8478216
31047,2012,All Issues (Census),1,5652144,2.5,2.5,8478216,8478216
31047,2013,Payment Months (Type 3),2,4830625.13,2,2,4830625.13,4830625.13
31047,2013,All Issues (Census),2,4830625.13,2,2,4830625.13,4830625.13
31047,2022,Payment Months (Type 3),1,3427358,1.5,1.5,1713679,1713679
31047,2022,All Issues (Census),1,3427358,1.5,1.5,1713679,1713679
31047,2023,Payment Months (Type 3),1,3677253,1.5,1.5,1838626.5,1838626.5
31047,2023,All Issues (Census),1,3677253,2,2,3677253,3677253
31049,2012,Payment Months (Type 3),1,252505,2.5,2.5,378757.5,378757.5
31049,2012,All Issues (Census),1,252505,2.5,2.5,378757.5,378757.5
31049,2013,Payment Months (Type 3),2,217473,2,2,217473,217473
31049,2013,All Issues (Census),2,217473,2,2,217473,217473
31049,2022,Payment Months (Type 3),1,193664,2.5,2.5,290496,290496
31049,2022,All Issues (Census),1,193664,2.5,2.5,290496,290496
31049,2023,Payment Months (Type 3),1,9260,1.5,1.5,4630,4630
31049,2023,All Issues (Census),1,9260,1.5,1.5,4630,4630
31051,2012,Payment Months (Type 3),1,1431672,2,2,1431672,1431672
31051,2012,All Issues (Census),1,1431672,2,2,1431672,1431672
31051,2013,Payment Months (Type 3),1,964608,2,2,964608,964608
31051,2013,All Issues (Census),1,964608,2,2,964608,964608
31051,2021,Payment Months (Type 3),1,417234,1.5,1.5,208617,208617
31051,2021,All Issues (Census),1,417234,1.5,1.5,208617,208617
31051,2022,Payment Months (Type 3),1,1121072,2,2,1121072,1121072
31051,2022,All Issues (Census),1,1121072,2,2,1121072,1121072
31051,2023,Payment Months (Type 3),2,1218725,2,2.5,1218725,1828087.5
31051,2023,All Issues (Census),2,1218725,2,2.5,1218725,1828087.5
31053,2012,Payment Months (Type 3),1,377867,2,2,377867,377867
31053,2012,All Issues (Census),1,377867,2,2,377867,377867
31053,2013,Payment Months (Type 3),1,733,2,2,733,733
31053,2013,All Issues (Census),1,733,2,2,733,733
31053,2020,Payment Months (Type 3),1,49437,1.5,1.5,24718.5,24718.5
31053,2020,All Issues (Census),1,49437,1.5,1.5,24718.5,24718.5
31053,2022,Payment Months (Type 3),1,176287,2,2,176287,176287
31053,2022,All Issues (Census),1,176287,2,2,176287,176287
31053,2023,Payment Months (Type 3),2,235338,2.5,2.5,353007,353007
31053,2023,All Issues (Census),2,235338,2.5,2.5,353007,353007
31055,2012,Payment Months (Type 3),1,31896,2,2,31896,31896
31055,2012,All Issues (Census),1,31896,2,2,31896,31896
31055,2013,Payment Months (Type 3),1,,1.5,1.5,,
31055,2013,All Issues (Census),1,,1.5,1.5,,
31055,2020,Payment Months (Type 3),1,1466,1.5,1.5,733,733
31055,2020,All Issues (Census),1,1466,1.5,1.5,733,733
31055,2023,Payment Months (Type 3),2,12475.14,1.5,2,6237.57,12475.14
31055,2023,All Issues (Census),2,12475.14,1.5,2,6237.57,12475.14
31057,2012,Payment Months (Type 3),1,4356022,2,2,4356022,4356022
31057,2012,All Issues (Census),1,4356022,2,2,4356022,4356022
31057,2013,Payment Months (Type 3),2,3844016,2,2.5,3844016,5766024
31057,2013,All Issues (Census),2,3844016,2,2.5,3844016,5766024
31057,2014,Payment Months (Type 3),1,3459972.24,1.5,1.5,1729986.12,1729986.12
31057,2014,All Issues (Census),2,3459972.24,1.5,2,1729986.12,3459972.24
31057,2022,Payment Months (Type 3),2,2950666,2,2,2950666,2950666
31057,2022,All Issues (Census),2,2950666,2,2,2950666,2950666
31057,2023,Payment Months (Type 3),1,2932415,2,2,2932415,2932415
31057,2023,All Issues (Census),1,2932415,2,2,2932415,2932415
31059,2012,Payment Months (Type 3),1,324209,2,2,324209,324209
31059,2012,All Issues (Census),1,324209,2,2,324209,324209
31059,2013,Payment Months (Type 3),1,5145,1.5,1.5,2572.5,2572.5
31059,2013,All Issues (Census),1,5145,1.5,1.5,2572.5,2572.5
31059,2023,Payment Months (Type 3),2,436765,2,2,436765,436765
31059,2023,All Issues (Census),2,436765,2,2,436765,436765
31061,2012,Payment Months (Type 3),1,3064962,2,2,3064962,3064962
31061,2012,All Issues (Census),1,3064962,2,2,3064962,3064962
31061,2013,Payment Months (Type 3),2,2742534,2,2,2742534,2742534
31061,2013,All Issues (Census),2,2742534,2,2,2742534,2742534
31061,2023,Payment Months (Type 3),2,2581144.09,1.5,2,1290572.04,2581144.09
31061,2023,All Issues (Census),2,2581144.09,1.5,2,1290572.04,2581144.09
31063,2012,Payment Months (Type 3),1,2955859,2.5,2.5,4433788.5,4433788.5
31063,2012,All Issues (Census),1,2955859,2.5,2.5,4433788.5,4433788.5
31063,2013,Payment Months (Type 3),2,2632641,2,2,2632641,2632641
31063,2013,All Issues (Census),2,2632641,2,2,2632641,2632641
31063,2014,Payment Months (Type 3),1,2409792,2,2,2409792,2409792
31063,2014,All Issues (Census),1,2409792,2,2,2409792,2409792
31063,2022,Payment Months (Type 3),2,2689825,2,2.5,2689825,4034737.5
31063,2022,All Issues (Census),2,2689825,2,2.5,2689825,4034737.5
31063,2023,Payment Months (Type 3),1,2453203,2,2,2453203,2453203
31063,2023,All Issues (Census),1,2453203,2,2,2453203,2453203
31065,2012,Payment Months (Type 3),1,2988934,2,2,2988934,2988934
31065,2012,All Issues (Census),1,2988934,2,2,2988934,2988934
31065,2013,Payment Months (Type 3),2,3084869,2.5,2.5,4627303.5,4627303.5
31065,2013,All Issues (Census),2,3084869,2.5,2.5,4627303.5,4627303.5
31065,2022,Payment Months (Type 3),1,2435827,2,2,2435827,2435827
31065,2022,All Issues (Census),1,2435827,2,2,2435827,2435827
31065,2023,Payment Months (Type 3),1,2385237,2,2,2385237,2385237
31065,2023,All Issues (Census),1,2385237,2,2,2385237,2385237
31067,2012,Payment Months (Type 3),1,1699604,1.5,1.5,849802,849802
31067,2012,All Issues (Census),1,1699604,1.5,1.5,849802,849802
31067,2013,Payment Months (Type 3),1,,1.5,1.5,,
31067,2013,All Issues (Census),1,,1.5,1.5,,
31067,2023,Payment Months (Type 3),2,1270623,2,2,1270623,1270623
31067,2023,All Issues (Census),2,1270623,2,2,1270623,1270623
31069,2012,Payment Months (Type 3),1,4186251,2.5,2.5,6279376.5,6279376.5
31069,2012,All Issues (Census),1,4186251,2.5,2.5,6279376.5,6279376.5
31069,2013,Payment Months (Type 3),2,3484773.83,2,2,3484773.83,3484773.83
31069,2013,All Issues (Census),2,3484773.83,2,2,3484773.83,3484773.83
31069,2022,Payment Months (Type 3),1,2346386,2,2,2346386,2346386
31069,2022,All Issues (Census),1,2346386,2,2,2346386,2346386
31069,2023,Payment Months (Type 3),1,125182,1.5,1.5,62591,62591
31069,2023,All Issues (Census),1,125182,1.5,1.5,62591,62591
31069,2025,Payment Months (Type 3),1,606153.44,1.5,1.5,303076.72,303076.72
31069,2025,All Issues (Census),1,606153.44,1.5,1.5,303076.72,303076.72
31071,2012,Payment Months (Type 3),1,3290234,2.5,2.5,4935351,4935351
31071,2012,All Issues (Census),1,3290234,2.5,2.5,4935351,4935351
31071,2013,Payment Months (Type 3),1,2260998,2,2,2260998,2260998
31071,2013,All Issues (Census),1,2260998,2,2,2260998,2260998
31071,2022,Payment Months (Type 3),2,2165572,2,2,2165572,2165572
31071,2022,All Issues (Census),2,2165572,2,2,2165572,2165572
31071,2023,Payment Months (Type 3),1,1748561,1.5,1.5,874280.5,874280.5
31071,2023,All Issues (Census),1,1748561,1.5,1.5,874280.5,874280.5
31071,2025,Payment Months (Type 3),1,369506,1.5,1.5,184753,184753
31071,2025,All Issues (Census),1,369506,1.5,1.5,184753,184753
31073,2012,Payment Months (Type 3),1,3524984,2,2,3524984,3524984
31073,2012,All Issues (Census),1,3524984,2,2,3524984,3524984
31073,2013,Payment Months (Type 3),2,3126004,2,2,3126004,3126004
31073,2013,All Issues (Census),2,3126004,2,2,3126004,3126004
31073,2022,Payment Months (Type 3),1,2190515,1.5,1.5,1095257.5,1095257.5
31073,2022,All Issues (Census),1,2190515,1.5,1.5,1095257.5,1095257.5
31073,2023,Threshold (Type 2),1,1291701,3,3,2583402,2583402
31073,2023,All Issues (Census),1,1291701,3,3,2583402,2583402
31075,2012,Payment Months (Type 3),1,3104160,2.5,2.5,4656240,4656240
31075,2012,All Issues (Census),1,3104160,2.5,2.5,4656240,4656240
31075,2013,Payment Months (Type 3),2,3102465,2.5,2.5,4653697.5,4653697.5
31075,2013,All Issues (Census),2,3102465,2.5,2.5,4653697.5,4653697.5
31075,2023,Payment Months (Type 3),1,1577107,1.5,1.5,788553.5,788553.5
31075,2023,All Issues (Census),1,1577107,1.5,1.5,788553.5,788553.5
31077,2012,Payment Months (Type 3),1,3340319.48,2.5,2.5,5010479.22,5010479.22
31077,2012,All Issues (Census),1,3340319.48,2.5,2.5,5010479.22,5010479.22
31077,2013,Payment Months (Type 3),1,2122273,2,2,2122273,2122273
31077,2013,All Issues (Census),1,2122273,2,2,2122273,2122273
31077,2022,Payment Months (Type 3),1,1318780,2,2,1318780,1318780
31077,2022,All Issues (Census),1,1318780,2,2,1318780,1318780
31077,2023,Payment Months (Type 3),1,1932817,2,2,1932817,1932817
31077,2023,All Issues (Census),1,1932817,2,2,1932817,1932817
31077,2025,Payment Months (Type 3),1,285950.12,1.5,1.5,142975.06,142975.06
31077,2025,All Issues (Census),1,285950.12,1.5,1.5,142975.06,142975.06
31079,2012,Payment Months (Type 3),1,1517399,2,2,1517399,1517399
31079,2012,All Issues (Census),1,1517399,2,2,1517399,1517399
31079,2013,Payment Months (Type 3),1,1036894,2,2,1036894,1036894
31079,2013,All Issues (Census),1,1036894,2,2,1036894,1036894
31079,2023,Payment Months (Type 3),2,1341758,2,2.5,1341758,2012637
31079,2023,All Issues (Census),2,1341758,2,2.5,1341758,2012637
31081,2012,Payment Months (Type 3),1,668640,2,2,668640,668640
31081,2012,All Issues (Census),1,668640,2,2,668640,668640
31081,2013,Payment Months (Type 3),1,463605,2,2,463605,463605
31081,2013,All Issues (Census),1,463605,2,2,463605,463605
31081,2023,Payment Months (Type 3),2,367502,2,2.5,367502,551253
31081,2023,All Issues (Census),2,367502,2,2.5,367502,551253
31083,2012,Payment Months (Type 3),1,2217665,2,2,2217665,2217665
31083,2012,All Issues (Census),1,2217665,2,2,2217665,2217665
31083,2013,Payment Months (Type 3),2,1949030,2,2,1949030,1949030
31083,2013,All Issues (Census),2,1949030,2,2,1949030,1949030
31085,2012,Payment Months (Type 3),1,3229040.65,2.5,2.5,4843560.97,4843560.97
31085,2012,All Issues (Census),1,3229040.65,2.5,2.5,4843560.97,4843560.97
31085,2013,Payment Months (Type 3),2,2854737,2,2.5,2854737,4282105.5
31085,2013,All Issues (Census),2,2854737,2,2.5,2854737,4282105.5
31085,2014,Payment Months (Type 3),1,2585701,2,2,2585701,2585701
31085,2014,All Issues (Census),1,2585701,2,2,2585701,2585701
31085,2022,Payment Months (Type 3),2,2936761,2,2.5,2936761,4405141.5
31085,2022,All Issues (Census),2,2936761,2,2.5,2936761,4405141.5
31085,2023,Payment Months (Type 3),1,2416656,2,2,2416656,2416656
31085,2023,All Issues (Census),1,2416656,2,2,2416656,2416656
31087,2012,Payment Months (Type 3),1,557473,2,2,557473,557473
31087,2012,All Issues (Census),1,557473,2,2,557473,557473
31087,2013,Payment Months (Type 3),2,584581,2.5,2.5,876871.5,876871.5
31087,2013,All Issues (Census),2,584581,2.5,2.5,876871.5,876871.5
31087,2014,Payment Months (Type 3),2,460423,1.5,2,230211.5,460423
31087,2014,All Issues (Census),2,460423,1.5,2,230211.5,460423
31087,2022,Payment Months (Type 3),2,503547,2,2.5,503547,755320.5
31087,2022,All Issues (Census),2,503547,2,2.5,503547,755320.5
31087,2023,Payment Months (Type 3),1,361635,2,2,361635,361635
31087,2023,All Issues (Census),1,361635,2,2,361635,361635
31089,2012,Payment Months (Type 3),1,14663945,2,2,14663945,14663945
31089,2012,All Issues (Census),1,14663945,2,2,14663945,14663945
31089,2013,Payment Months (Type 3),1,9289936,2,2,9289936,9289936
31089,2013,All Issues (Census),1,9289936,2,2,9289936,9289936
31089,2021,Payment Months (Type 3),1,5868796,2,2,5868796,5868796
31089,2021,All Issues (Census),1,5868796,2,2,5868796,5868796
31089,2022,Payment Months (Type 3),2,12872422,2,2,12872422,12872422
31089,2022,All Issues (Census),2,12872422,2,2,12872422,12872422
31089,2023,Payment Months (Type 3),2,10926592.24,2,2,10926592.24,10926592.24
31089,2023,All Issues (Census),2,10926592.24,2,2,10926592.24,10926592.24
31089,2025,Payment Months (Type 3),1,4533116.81,1.5,1.5,2266558.4,2266558.4
31089,2025,All Issues (Census),1,4533116.81,1.5,1.5,2266558.4,2266558.4
31091,2012,Payment Months (Type 3),1,2378237,2.5,2.5,3567355.5,3567355.5
31091,2012,All Issues (Census),1,2378237,2.5,2.5,3567355.5,3567355.5
31091,2013,Payment Months (Type 3),2,2950410,2.5,2.5,4425615,4425615
31091,2013,All Issues (Census),2,2950410,2.5,2.5,4425615,4425615
31091,2023,Payment Months (Type 3),1,1694816,2,2,1694816,1694816
31091,2023,All Issues (Census),1,1694816,2,2,1694816,1694816
31093,2012,Payment Months (Type 3),1,4583850,2.5,2.5,6875775,6875775
31093,2012,All Issues (Census),1,4583850,2.5,2.5,6875775,6875775
31093,2013,Payment Months (Type 3),1,2988714,2,2,2988714,2988714
31093,2013,All Issues (Census),1,2988714,2,2,2988714,2988714
31093,2022,Payment Months (Type 3),2,2501600,1.5,2,1250800,2501600
31093,2022,All Issues (Census),2,2501600,1.5,2,1250800,2501600
31093,2023,Payment Months (Type 3),2,3635942.5,2,2,3635942.5,3635942.5
31093,2023,All Issues (Census),2,3635942.5,2,2,3635942.5,3635942.5
31095,2012,Payment Months (Type 3),1,1725497,1.5,1.5,862748.5,862748.5
31095,2012,All Issues (Census),1,1725497,1.5,1.5,862748.5,862748.5
31095,2013,Payment Months (Type 3),1,2135,1.5,1.5,1067.5,1067.5
31095,2013,All Issues (Census),1,2135,1.5,1.5,1067.5,1067.5
31095,2023,Payment Months (Type 3),2,1886593,1.5,2,943296.5,1886593
31095,2023,All Issues (Census),2,1886593,1.5,2,943296.5,1886593
31097,2012,Payment Months (Type 3),1,1405751.03,1.5,1.5,702875.52,702875.52
31097,2012,All Issues (Census),1,1405751.03,1.5,1.5,702875.52,702875.52
31097,2013,Payment Months (Type 3),1,,1.5,1.5,,
31097,2013,All Issues (Census),1,,1.5,1.5,,
31097,2023,Boundary (Type 1),2,219223,3,3,438446,438446
31097,2023,All Issues (Census),2,219223,3,3,438446,438446
31099,2012,Payment Months (Type 3),1,723990,2,2,723990,723990
31099,2012,All Issues (Census),1,723990,2,2,723990,723990
31099,2013,Payment Months (Type 3),2,782207,2,2,782207,782207
31099,2013,All Issues (Census),2,782207,2,2,782207,782207
31099,2023,Payment Months (Type 3),2,689641,1.5,2,344820.5,689641
31099,2023,All Issues (Census),2,689641,1.5,2,344820.5,689641
31101,2012,Payment Months (Type 3),1,3368479,2.5,2.5,5052718.5,5052718.5
31101,2012,All Issues (Census),1,3368479,2.5,2.5,5052718.5,5052718.5
31101,2013,Payment Months (Type 3),2,3588864,2.5,2.5,5383296,5383296
31101,2013,All Issues (Census),2,3588864,2.5,2.5,5383296,5383296
31101,2014,Payment Months (Type 3),1,2824893.91,2,2,2824893.91,2824893.91
31101,2014,All Issues (Census),1,2824893.91,2,2,2824893.91,2824893.91
31101,2022,Payment Months (Type 3),1,3049674,2.5,2.5,4574511,4574511
31101,2022,All Issues (Census),1,3049674,2.5,2.5,4574511,4574511
31101,2023,Payment Months (Type 3),1,2646969,2,2,2646969,2646969
31101,2023,All Issues (Census),1,2646969,2,2,2646969,2646969
31103,2012,Threshold (Type 2),2,2997654,1.25,1.25,749413.5,749413.5
31103,2012,Payment Months (Type 3),1,2997654,2,2,2997654,2997654
31103,2012,All Issues (Census),1,2997654,2,2,2997654,2997654
31103,2013,Payment Months (Type 3),2,3097252,2,2,3097252,3097252
31103,2013,All Issues (Census),2,3097252,2,2,3097252,3097252
31103,2022,Payment Months (Type 3),2,2741040,1.5,1.5,1370520,1370520
31103,2022,All Issues (Census),2,2741040,1.5,1.5,1370520,1370520
31103,2023,Payment Months (Type 3),1,2383514,2,2,2383514,2383514
31103,2023,All Issues (Census),1,2383514,2,2,2383514,2383514
31105,2012,Payment Months (Type 3),1,1684175.78,2,2,1684175.78,1684175.78
31105,2012,All Issues (Census),1,1684175.78,2,2,1684175.78,1684175.78
31105,2013,Payment Months (Type 3),1,1459151,2,2,1459151,1459151
31105,2013,All Issues (Census),1,1459151,2,2,1459151,1459151
31105,2022,Payment Months (Type 3),1,1548607,2,2,1548607,1548607
31105,2022,All Issues (Census),1,1548607,2,2,1548607,1548607
31105,2023,Payment Months (Type 3),1,1995294,2,2,1995294,1995294
31105,2023,All Issues (Census),1,1995294,2,2,1995294,1995294
31105,2025,Payment Months (Type 3),1,634324.34,1.5,1.5,317162.17,317162.17
31105,2025,All Issues (Census),1,634324.34,1.5,1.5,317162.17,317162.17
31107,2012,Payment Months (Type 3),1,6727273,2,2,6727273,6727273
31107,2012,All Issues (Census),1,6727273,2,2,6727273,6727273
31107,2013,Payment Months (Type 3),1,4379427,2,2,4379427,4379427
31107,2013,All Issues (Census),1,4379427,2,2,4379427,4379427
31107,2021,Payment Months (Type 3),1,3058814,2,2,3058814,3058814
31107,2021,All Issues (Census),1,3058814,2,2,3058814,3058814
31107,2022,Payment Months (Type 3),2,6178284,2,2,6178284,6178284
31107,2022,All Issues (Census),2,6178284,2,2,6178284,6178284
31107,2023,Payment Months (Type 3),2,5830596,1.5,2,2915298,5830596
31107,2023,All Issues (Census),2,5830596,1.5,2,2915298,5830596
31107,2025,Payment Months (Type 3),1,2101972.54,1.5,1.5,1050986.27,1050986.27
31107,2025,All Issues (Census),1,2101972.54,1.5,1.5,1050986.27,1050986.27
31109,2012,Payment Months (Type 3),1,834885,2,2,834885,834885
31109,2012,All Issues (Census),1,834885,2,2,834885,834885
31109,2013,Payment Months (Type 3),1,,1.5,1.5,,
31109,2013,All Issues (Census),1,,1.5,1.5,,
31109,2023,Payment Months (Type 3),2,751659,2,2,751659,751659
31109,2023,All Issues (Census),2,751659,2,2,751659,751659
31111,2012,Payment Months (Type 3),1,14148812,2.5,2.5,21223218,21223218
31111,2012,All Issues (Census),1,14148812,2.5,2.5,21223218,21223218
31111,2013,Payment Months (Type 3),2,14151542,2.5,2.5,21227313,21227313
31111,2013,All Issues (Census),2,14151542,2.5,2.5,21227313,21227313
31111,2014,Payment Months (Type 3),1,11434728,2,2,11434728,11434728
31111,2014,All Issues (Census),1,11434728,2,2,11434728,11434728
31111,2022,Payment Months (Type 3),2,12754885,2,2.5,12754885,19132327.5
31111,2022,All Issues (Census),2,12754885,2,2.5,12754885,19132327.5
31111,2023,Payment Months (Type 3),1,11794995,2,2,11794995,11794995
31111,2023,All Issues (Census),1,11794995,2,2,11794995,11794995
31113,2012,Payment Months (Type 3),1,2587961,2.5,2.5,3881941.5,3881941.5
31113,2012,All Issues (Census),1,2587961,2.5,2.5,3881941.5,3881941.5
31113,2013,Payment Months (Type 3),2,2677452,2.5,2.5,4016178,4016178
31113,2013,All Issues (Census),2,2677452,2.5,2.5,4016178,4016178
31113,2014,Payment Months (Type 3),1,1625995,1.5,1.5,812997.5,812997.5
31113,2014,All Issues (Census),1,1625995,1.5,1.5,812997.5,812997.5
31113,2023,Payment Months (Type 3),1,1811198,1.5,1.5,905599,905599
31113,2023,All Issues (Census),1,1811198,1.5,1.5,905599,905599
31115,2012,Payment Months (Type 3),1,3168220,2.5,2.5,4752330,4752330
31115,2012,All Issues (Census),1,3168220,2.5,2.5,4752330,4752330
31115,2013,Payment Months (Type 3),1,2342108,2,2,2342108,2342108
31115,2013,All Issues (Census),1,2342108,2,2,2342108,2342108
31115,2014,Payment Months (Type 3),1,1899993,1.5,1.5,949996.5,949996.5
31115,2014,All Issues (Census),1,1899993,1.5,1.5,949996.5,949996.5
31115,2022,Payment Months (Type 3),1,1707904,1.5,1.5,853952,853952
31115,2022,All Issues (Census),1,1707904,1.5,1.5,853952,853952
31115,2023,Payment Months (Type 3),1,2380357,2,2,2380357,2380357
31115,2023,All Issues (Census),1,2380357,2,2,2380357,2380357
31115,2025,Payment Months (Type 3),1,252306.45,1.5,1.5,126153.23,126153.23
31115,2025,All Issues (Census),1,252306.45,1.5,1.5,126153.23,126153.23
31117,2012,Payment Months (Type 3),1,5297902,2.5,2.5,7946853,7946853
31117,2012,All Issues (Census),1,5297902,2.5,2.5,7946853,7946853
31117,2013,Payment Months (Type 3),2,5730655,2.5,2.5,8595982.5,8595982.5
31117,2013,All Issues (Census),2,5730655,2.5,2.5,8595982.5,8595982.5
31117,2014,Payment Months (Type 3),1,3186769,1.5,1.5,1593384.5,1593384.5
31117,2014,All Issues (Census),1,3186769,1.5,1.5,1593384.5,1593384.5
31117,2022,Payment Months (Type 3),1,3725404,1.5,1.5,1862702,1862702
31117,2022,All Issues (Census),1,3725404,1.5,1.5,1862702,1862702
31117,2023,Payment Months (Type 3),1,3679210,1.5,1.5,1839605,1839605
31117,2023,All Issues (Census),1,3679210,1.5,1.5,1839605,1839605
31119,2012,Payment Months (Type 3),1,1254347,2,2,1254347,1254347
31119,2012,All Issues (Census),1,1254347,2,2,1254347,1254347
31119,2013,Payment Months (Type 3),1,795488.95,2,2,795488.95,795488.95
31119,2013,All Issues (Census),1,795488.95,2,2,795488.95,795488.95
31119,2022,Payment Months (Type 3),2,801314.27,2,2,801314.27,801314.27
31119,2022,All Issues (Census),2,801314.27,2,2,801314.27,801314.27
31119,2023,Payment Months (Type 3),2,859792.55,2,2.5,859792.55,1289688.83
31119,2023,All Issues (Census),2,859792.55,2,2.5,859792.55,1289688.83
31119,2025,Payment Months (Type 3),1,182502.47,1.5,1.5,91251.24,91251.24
31119,2025,All Issues (Census),1,182502.47,1.5,1.5,91251.24,91251.24
31121,2012,Payment Months (Type 3),1,1945091,2.5,2.5,2917636.5,2917636.5
31121,2012,All Issues (Census),1,1945091,2.5,2.5,2917636.5,2917636.5
31121,2013,Payment Months (Type 3),1,1276121,2,2,1276121,1276121
31121,2013,All Issues (Census),1,1276121,2,2,1276121,1276121
31121,2022,Payment Months (Type 3),2,955777,1.5,1.5,477888.5,477888.5
31121,2022,All Issues (Census),2,955777,1.5,1.5,477888.5,477888.5
31121,2023,Payment Months (Type 3),2,1465810,2.5,2.5,2198715,2198715
31121,2023,All Issues (Census),2,1465810,2.5,2.5,2198715,2198715
31123,2012,Payment Months (Type 3),1,4700950.77,2.5,2.5,7051426.15,7051426.15
31123,2012,All Issues (Census),1,4700950.77,2.5,2.5,7051426.15,7051426.15
31123,2013,Payment Months (Type 3),2,3995738,2,2,3995738,3995738
31123,2013,All Issues (Census),2,3995738,2,2,3995738,3995738
31123,2023,Payment Months (Type 3),1,2620789,2,2,2620789,2620789
31123,2023,All Issues (Census),1,2620789,2,2,2620789,2620789
31123,2025,Payment Months (Type 3),1,1188802.75,1.5,1.5,594401.38,594401.38
31123,2025,All Issues (Census),1,1188802.75,1.5,1.5,594401.38,594401.38
31125,2012,Payment Months (Type 3),1,2729588,2.5,2.5,4094382,4094382
31125,2012,All Issues (Census),1,2729588,2.5,2.5,4094382,4094382
31125,2013,Payment Months (Type 3),1,1750022,2,2,1750022,1750022
31125,2013,All Issues (Census),1,1750022,2,2,1750022,1750022
31125,2022,Payment Months (Type 3),2,1069638,1.5,2,534819,1069638
31125,2022,All Issues (Census),2,1069638,1.5,2,534819,1069638
31125,2023,Payment Months (Type 3),2,1606278,2.5,2.5,2409417,2409417
31125,2023,All Issues (Census),2,1606278,2.5,2.5,2409417,2409417
31127,2012,Payment Months (Type 3),1,775254.22,1.5,1.5,387627.11,387627.11
31127,2012,All Issues (Census),1,775254.22,1.5,1.5,387627.11,387627.11
31129,2012,Payment Months (Type 3),1,1770715,1.5,1.5,885357.5,885357.5
31129,2012,All Issues (Census),1,1770715,1.5,1.5,885357.5,885357.5
31129,2013,Payment Months (Type 3),1,532119,1.5,1.5,266059.5,266059.5
31129,2013,All Issues (Census),1,532119,1.5,1.5,266059.5,266059.5
31129,2023,Payment Months (Type 3),2,1469779,1.5,2,734889.5,1469779
31129,2023,All Issues (Census),2,1469779,1.5,2,734889.5,1469779
31131,2012,Payment Months (Type 3),1,867968,2,2,867968,867968
31131,2012,All Issues (Census),1,867968,2,2,867968,867968
31131,2013,Payment Months (Type 3),1,,1.5,1.5,,
31131,2013,All Issues (Census),1,,1.5,1.5,,
31131,2023,Payment Months (Type 3),2,650042,1.5,2,325021,650042
31131,2023,All Issues (Census),2,650042,1.5,2,325021,650042
31133,2012,Payment Months (Type 3),1,2135437,1.5,1.5,1067718.5,1067718.5
31133,2012,All Issues (Census),1,2135437,1.5,1.5,1067718.5,1067718.5
31135,2012,Payment Months (Type 3),1,1433438,2.5,2.5,2150157,2150157
31135,2012,All Issues (Census),1,1433438,2.5,2.5,2150157,2150157
31135,2013,Payment Months (Type 3),2,1398948,2,2.5,1398948,2098422
31135,2013,All Issues (Census),2,1398948,2,2.5,1398948,2098422
31135,2014,Payment Months (Type 3),1,1279091,2,2,1279091,1279091
31135,2014,All Issues (Census),1,1279091,2,2,1279091,1279091
31135,2022,Payment Months (Type 3),2,1463165,1.5,2.5,731582.5,2194747.5
31135,2022,All Issues (Census),2,1463165,1.5,2.5,731582.5,2194747.5
31135,2023,Payment Months (Type 3),1,1461154,2,2,1461154,1461154
31135,2023,All Issues (Census),1,1461154,2,2,1461154,1461154
31137,2012,Payment Months (Type 3),1,737825,2,2,737825,737825
31137,2012,All Issues (Census),1,737825,2,2,737825,737825
31137,2013,Payment Months (Type 3),2,676044,2,2,676044,676044
31137,2013,All Issues (Census),2,676044,2,2,676044,676044
31139,2012,Payment Months (Type 3),1,1437988,2,2,1437988,1437988
31139,2012,All Issues (Census),1,1437988,2,2,1437988,1437988
31139,2013,Payment Months (Type 3),1,930669,2,2,930669,930669
31139,2013,All Issues (Census),1,930669,2,2,930669,930669
31139,2022,Payment Months (Type 3),2,1042555,2,2,1042555,1042555
31139,2022,All Issues (Census),2,1042555,2,2,1042555,1042555
31139,2023,Payment Months (Type 3),2,1191433,2,2.5,1191433,1787149.5
31139,2023,All Issues (Census),2,1191433,2,2.5,1191433,1787149.5
31139,2025,Payment Months (Type 3),1,236653.51,1.5,1.5,118326.76,118326.76
31139,2025,All Issues (Census),1,236653.51,1.5,1.5,118326.76,118326.76
31141,2012,Payment Months (Type 3),1,1438032,2,2,1438032,1438032
31141,2012,All Issues (Census),1,1438032,2,2,1438032,1438032
31141,2013,Payment Months (Type 3),1,842490,2,2,842490,842490
31141,2013,All Issues (Census),1,842490,2,2,842490,842490
31141,2022,Payment Months (Type 3),2,962363,1.5,2,481181.5,962363
31141,2022,All Issues (Census),2,962363,1.5,2,481181.5,962363
31141,2023,Payment Months (Type 3),2,1027461.34,2,2.5,1027461.34,1541192.01
31141,2023,All Issues (Census),2,1027461.34,2,2.5,1027461.34,1541192.01
31143,2012,Payment Months (Type 3),1,826879,2,2,826879,826879
31143,2012,All Issues (Census),1,826879,2,2,826879,826879
31143,2013,Payment Months (Type 3),1,547917,2,2,547917,547917
31143,2013,All Issues (Census),1,547917,2,2,547917,547917
31143,2023,Payment Months (Type 3),2,225530,2.5,2.5,338295,338295
31143,2023,All Issues (Census),2,225530,2.5,2.5,338295,338295
31145,2012,Payment Months (Type 3),1,4418352,2,2,4418352,4418352
31145,2012,All Issues (Census),1,4418352,2,2,4418352,4418352
31145,2013,Payment Months (Type 3),2,4639820,2.5,2.5,6959730,6959730
31145,2013,All Issues (Census),2,4639820,2.5,2.5,6959730,6959730
31145,2014,Payment Months (Type 3),1,3507410,2,2,3507410,3507410
31145,2014,All Issues (Census),1,3507410,2,2,3507410,3507410
31145,2022,Payment Months (Type 3),2,4145675,2,2.5,4145675,6218512.5
31145,2022,All Issues (Census),2,4145675,2,2.5,4145675,6218512.5
31145,2023,Payment Months (Type 3),2,3777330,1.5,2,1888665,3777330
31145,2023,All Issues (Census),2,3777330,1.5,2,1888665,3777330
31147,2012,Payment Months (Type 3),1,1156938,1.5,1.5,578469,578469
31147,2012,All Issues (Census),1,1156938,1.5,1.5,578469,578469
31149,2012,Payment Months (Type 3),1,5629796,2,2,5629796,5629796
31149,2012,All Issues (Census),1,5629796,2,2,5629796,5629796
31149,2013,Payment Months (Type 3),1,4984469,2,2,4984469,4984469
31149,2013,All Issues (Census),1,4984469,2,2,4984469,4984469
31149,2022,Payment Months (Type 3),2,3940111,1.5,1.5,1970055.5,1970055.5
31149,2022,All Issues (Census),2,3940111,1.5,1.5,1970055.5,1970055.5
31149,2023,Payment Months (Type 3),1,3934598,2,2,3934598,3934598
31149,2023,All Issues (Census),1,3934598,2,2,3934598,3934598
31151,2012,Payment Months (Type 3),1,905491,2,2,905491,905491
31151,2012,All Issues (Census),1,905491,2,2,905491,905491
31151,2013,Payment Months (Type 3),1,,1.5,1.5,,
31151,2013,All Issues (Census),1,,1.5,1.5,,
31151,2023,Payment Months (Type 3),2,1029814,2,2,1029814,1029814
31151,2023,All Issues (Census),2,1029814,2,2,1029814,1029814
31153,2012,Payment Months (Type 3),1,38036,2,2,38036,38036
31153,2012,All Issues (Census),1,38036,2,2,38036,38036
31153,2013,Payment Months (Type 3),1,,1.5,1.5,,
31153,2013,All Issues (Census),1,,1.5,1.5,,
31153,2023,Payment Months (Type 3),2,9434,1.5,2,4717,9434
31153,2023,All Issues (Census),2,9434,1.5,2,4717,9434
31155,2012,Payment Months (Type 3),1,879260,2,2,879260,879260
31155,2012,All Issues (Census),1,879260,2,2,879260,879260
31155,2013,Payment Months (Type 3),1,,1.5,1.5,,
31155,2013,All Issues (Census),1,,1.5,1.5,,
31155,2023,Payment Months (Type 3),2,857302,2,2.5,857302,1285953
31155,2023,All Issues (Census),2,857302,2,2.5,857302,1285953
31157,2012,Payment Months (Type 3),1,1243580,2.5,2.5,1865370,1865370
31157,2012,All Issues (Census),1,1243580,2.5,2.5,1865370,1865370
31157,2013,Payment Months (Type 3),2,1046386,2,2,1046386,1046386
31157,2013,All Issues (Census),2,1046386,2,2,1046386,1046386
31157,2023,Payment Months (Type 3),1,460831,2,2,460831,460831
31157,2023,All Issues (Census),1,460831,2,2,460831,460831
31157,2025,Payment Months (Type 3),1,63406.14,2,2,63406.14,63406.14
31157,2025,All Issues (Census),1,63406.14,2,2,63406.14,63406.14
31159,2012,Payment Months (Type 3),1,1092100,2,2,1092100,1092100
31159,2012,All Issues (Census),1,1092100,2,2,1092100,1092100
31159,2013,Payment Months (Type 3),1,1650,1.5,1.5,825,825
31159,2013,All Issues (Census),1,1650,1.5,1.5,825,825
31159,2023,Payment Months (Type 3),2,1109417,2,2,1109417,1109417
31159,2023,All Issues (Census),2,1109417,2,2,1109417,1109417
31161,2012,Payment Months (Type 3),1,9937766,2,2,9937766,9937766
31161,2012,All Issues (Census),1,9937766,2,2,9937766,9937766
31161,2013,Payment Months (Type 3),2,8785697.69,2,2,8785697.69,8785697.69
31161,2013,All Issues (Census),2,8785697.69,2,2,8785697.69,8785697.69
31161,2025,Payment Months (Type 3),1,1085325.48,2,2,1085325.48,1085325.48
31161,2025,All Issues (Census),1,1085325.48,2,2,1085325.48,1085325.48
31163,2012,Payment Months (Type 3),1,2225102,2.5,2.5,3337653,3337653
31163,2012,All Issues (Census),1,2225102,2.5,2.5,3337653,3337653
31163,2013,Payment Months (Type 3),1,1421925,2,2,1421925,1421925
31163,2013,All Issues (Census),1,1421925,2,2,1421925,1421925
31163,2022,Payment Months (Type 3),1,1070362,2,2,1070362,1070362
31163,2022,All Issues (Census),1,1070362,2,2,1070362,1070362
31163,2023,Payment Months (Type 3),1,1278075,1.5,1.5,639037.5,639037.5
31163,2023,All Issues (Census),1,1278075,1.5,1.5,639037.5,639037.5
31163,2025,Payment Months (Type 3),1,37056.99,1.5,1.5,18528.49,18528.49
31163,2025,All Issues (Census),1,37056.99,1.5,1.5,18528.49,18528.49
31165,2012,Payment Months (Type 3),1,3546648,2,2,3546648,3546648
31165,2012,All Issues (Census),1,3546648,2,2,3546648,3546648
31165,2013,Payment Months (Type 3),2,3171623,2,2,3171623,3171623
31165,2013,All Issues (Census),2,3171623,2,2,3171623,3171623
31165,2020,Payment Months (Type 3),1,1534963,1.5,1.5,767481.5,767481.5
31165,2020,All Issues (Census),1,1534963,1.5,1.5,767481.5,767481.5
31165,2023,Threshold (Type 2),1,26156,4,4,78468,78468
31165,2023,All Issues (Census),1,26156,4,4,78468,78468
31165,2025,Payment Months (Type 3),1,296524.11,2,2,296524.11,296524.11
31165,2025,All Issues (Census),1,296524.11,2,2,296524.11,296524.11
31167,2012,Payment Months (Type 3),1,1533478,2,2,1533478,1533478
31167,2012,All Issues (Census),1,1533478,2,2,1533478,1533478
31167,2013,Payment Months (Type 3),1,980287,2,2,980287,980287
31167,2013,All Issues (Census),1,980287,2,2,980287,980287
31167,2020,Payment Months (Type 3),1,645556,1.5,1.5,322778,322778
31167,2020,All Issues (Census),1,645556,1.5,1.5,322778,322778
31167,2022,Payment Months (Type 3),1,1064926,2,2,1064926,1064926
31167,2022,All Issues (Census),1,1064926,2,2,1064926,1064926
31167,2023,Payment Months (Type 3),2,1236220,2.5,2.5,1854330,1854330
31167,2023,All Issues (Census),2,1236220,2.5,2.5,1854330,1854330
31169,2012,Payment Months (Type 3),1,1356609,1.5,1.5,678304.5,678304.5
31169,2012,All Issues (Census),1,1356609,1.5,1.5,678304.5,678304.5
31169,2013,Payment Months (Type 3),1,345782,1.5,1.5,172891,172891
31169,2013,All Issues (Census),1,345782,1.5,1.5,172891,172891
31169,2023,Payment Months (Type 3),2,1802987,1.5,2,901493.5,1802987
31169,2023,All Issues (Census),2,1802987,1.5,2,901493.5,1802987
31171,2012,Payment Months (Type 3),1,2633566,2.5,2.5,3950349,3950349
31171,2012,All Issues (Census),1,2633566,2.5,2.5,3950349,3950349
31171,2013,Payment Months (Type 3),2,2915509,2.5,2.5,4373263.5,4373263.5
31171,2013,All Issues (Census),2,2915509,2.5,2.5,4373263.5,4373263.5
31171,2014,Payment Months (Type 3),1,1465158,1.5,1.5,732579,732579
31171,2014,All Issues (Census),1,1465158,1.5,1.5,732579,732579
31171,2023,Payment Months (Type 3),1,1842851,2,2,1842851,1842851
31171,2023,All Issues (Census),1,1842851,2,2,1842851,1842851
31173,2012,Payment Months (Type 3),1,428298,2,2,428298,428298
31173,2012,All Issues (Census),1,428298,2,2,428298,428298
31173,2013,Payment Months (Type 3),1,148561,2,2,148561,148561
31173,2013,All Issues (Census),1,148561,2,2,148561,148561
31173,2020,Payment Months (Type 3),1,143010,1.5,1.5,71505,71505
31173,2020,All Issues (Census),1,143010,1.5,1.5,71505,71505
31173,2022,Payment Months (Type 3),1,355618,2,2,355618,355618
31173,2022,All Issues (Census),1,355618,2,2,355618,355618
31173,2023,Payment Months (Type 3),2,396914,2.5,2.5,595371,595371
31173,2023,All Issues (Census),2,396914,2.5,2.5,595371,595371
31175,2012,Payment Months (Type 3),1,6253645.96,2.5,2.5,9380468.94,9380468.94
31175,2012,All Issues (Census),1,6253645.96,2.5,2.5,9380468.94,9380468.94
31175,2013,Payment Months (Type 3),1,4017553,2,2,4017553,4017553
31175,2013,All Issues (Census),1,4017553,2,2,4017553,4017553
31175,2014,Payment Months (Type 3),1,2358849,1.5,1.5,1179424.5,1179424.5
31175,2014,All Issues (Census),1,2358849,1.5,1.5,1179424.5,1179424.5
31175,2022,Payment Months (Type 3),1,3200621.67,2,2,3200621.67,3200621.67
31175,2022,All Issues (Census),1,3200621.67,2,2,3200621.67,3200621.67
31175,2023,Payment Months (Type 3),1,3708740,1.5,1.5,1854370,1854370
31175,2023,All Issues (Census),1,3708740,1.5,1.5,1854370,1854370
31175,2025,Payment Months (Type 3),1,769720.06,1.5,1.5,384860.03,384860.03
31175,2025,All Issues (Census),1,769720.06,1.5,1.5,384860.03,384860.03
31177,2012,Payment Months (Type 3),1,301960,2,2,301960,301960
31177,2012,All Issues (Census),1,301960,2,2,301960,301960
31177,2013,Payment Months (Type 3),1,,2,2,,
31177,2013,All Issues (Census),1,,2,2,,
31177,2020,Payment Months (Type 3),1,94991,1.5,1.5,47495.5,47495.5
31177,2020,All Issues (Census),1,94991,1.5,1.5,47495.5,47495.5
31177,2023,Payment Months (Type 3),2,176858,2,2,176858,176858
31177,2023,All Issues (Census),2,176858,2,2,176858,176858
31179,2012,Payment Months (Type 3),1,835690,2,2,835690,835690
31179,2012,All Issues (Census),1,835690,2,2,835690,835690
31179,2013,Payment Months (Type 3),1,543253,2,2,543253,543253
31179,2013,All Issues (Census),1,543253,2,2,543253,543253
31179,2022,Payment Months (Type 3),1,642026,2,2,642026,642026
31179,2022,All Issues (Census),1,642026,2,2,642026,642026
31179,2023,Payment Months (Type 3),2,774202,2.5,2.5,1161303,1161303
31179,2023,All Issues (Census),2,774202,2.5,2.5,1161303,1161303
31181,2012,Payment Months (Type 3),1,2327675,2,2,2327675,2327675
31181,2012,All Issues (Census),1,2327675,2,2,2327675,2327675
31181,2013,Payment Months (Type 3),2,2435332,2,2,2435332,2435332
31181,2013,All Issues (Census),2,2435332,2,2,2435332,2435332
31181,2023,Payment Months (Type 3),2,2442108.48,1.5,2,1221054.24,2442108.48
31181,2023,All Issues (Census),2,2442108.48,1.5,2,1221054.24,2442108.48
31183,2012,Payment Months (Type 3),1,2591318,2,2,2591318,2591318
31183,2012,All Issues (Census),1,2591318,2,2,2591318,2591318
31183,2013,Payment Months (Type 3),1,1786436,2,2,1786436,1786436
31183,2013,All Issues (Census),1,1786436,2,2,1786436,1786436
31183,2022,Payment Months (Type 3),2,1698642,2,2,1698642,1698642
31183,2022,All Issues (Census),2,1698642,2,2,1698642,1698642
31183,2023,Payment Months (Type 3),1,1737500,2,2,1737500,1737500
31183,2023,All Issues (Census),1,1737500,2,2,1737500,1737500
31183,2025,Payment Months (Type 3),1,269182.63,1.5,1.5,134591.32,134591.32
31183,2025,All Issues (Census),1,269182.63,1.5,1.5,134591.32,134591.32
31185,2012,Payment Months (Type 3),1,437674,2,2,437674,437674
31185,2012,All Issues (Census),1,437674,2,2,437674,437674
31185,2013,Payment Months (Type 3),1,10845,1.5,1.5,5422.5,5422.5
31185,2013,All Issues (Census),1,10845,1.5,1.5,5422.5,5422.5
31185,2023,Payment Months (Type 3),2,292450,2,2.5,292450,438675
31185,2023,All Issues (Census),2,292450,2,2.5,292450,438675
32011,2021,Threshold (Type 2),2,539386,1.25,1.25,134846.5,134846.5
32011,2021,All Issues (Census),2,539386,1.25,1.25,134846.5,134846.5
32011,2022,Payment Months (Type 3),1,839438,1.25,1.25,209859.5,209859.5
32011,2022,All Issues (Census),1,839438,1.25,1.25,209859.5,209859.5
32017,2025,Threshold (Type 2),1,430293.63,1.25,1.25,107573.41,107573.41
32021,2021,Threshold (Type 2),1,97548,1.25,1.25,24387,24387
32021,2021,All Issues (Census),1,97548,1.25,1.25,24387,24387
32027,2013,Payment Months (Type 3),1,1327329,1.25,1.25,331832.25,331832.25
32027,2013,All Issues (Census),1,1327329,1.25,1.25,331832.25,331832.25
32027,2014,Payment Months (Type 3),1,1184501,1.25,1.25,296125.25,296125.25
32027,2014,All Issues (Census),1,1184501,1.25,1.25,296125.25,296125.25
32027,2015,Payment Months (Type 3),1,949178,1.25,1.25,237294.5,237294.5
32027,2015,All Issues (Census),1,949178,1.25,1.25,237294.5,237294.5
35003,2011,Payment Months (Type 3),1,1132358.65,1.5,1.5,566179.32,566179.32
35003,2011,All Issues (Census),1,1132358.65,1.5,1.5,566179.32,566179.32
35005,2011,Payment Months (Type 3),1,3992000.71,1.5,1.5,1996000.35,1996000.35
35005,2011,All Issues (Census),1,3992000.71,1.5,1.5,1996000.35,1996000.35
35006,2011,Payment Months (Type 3),1,827687,3,3,1655374,1655374
35006,2011,All Issues (Census),1,827687,3,3,1655374,1655374
35006,2013,Payment Months (Type 3),1,1217418,1.5,1.5,608709,608709
35006,2013,All Issues (Census),1,1217418,1.5,1.5,608709,608709
35006,2018,Payment Months (Type 3),1,370862,2,2,370862,370862
35006,2018,All Issues (Census),1,370862,2,2,370862,370862
35006,2020,Payment Months (Type 3),1,475654.25,2,2,475654.25,475654.25
35006,2020,All Issues (Census),1,475654.25,2,2,475654.25,475654.25
35006,2021,Payment Months (Type 3),2,739716,1.25,2,184929,739716
35006,2021,All Issues (Census),2,739716,1.25,2,184929,739716
35006,2023,Payment Months (Type 3),1,585736,2,2,585736,585736
35006,2023,All Issues (Census),1,585736,2,2,585736,585736
35006,2025,Payment Months (Type 3),1,129379.97,2,2,129379.97,129379.97
35006,2025,All Issues (Census),1,129379.97,2,2,129379.97,129379.97
35007,2011,Payment Months (Type 3),1,1298484,1.5,1.5,649242,649242
35007,2011,All Issues (Census),1,1298484,1.5,1.5,649242,649242
35007,2013,Payment Months (Type 3),1,1919743,1.25,1.25,479935.75,479935.75
35007,2013,All Issues (Census),1,1919743,1.25,1.25,479935.75,479935.75
35007,2019,Payment Months (Type 3),1,589079,1.25,1.25,147269.75,147269.75
35007,2019,All Issues (Census),1,589079,1.25,1.25,147269.75,147269.75
35007,2021,Payment Months (Type 3),1,725608,1.25,1.25,181402,181402
35007,2021,All Issues (Census),1,725608,1.25,1.25,181402,181402
35007,2022,Payment Months (Type 3),1,1222915,1.25,1.25,305728.75,305728.75
35007,2022,All Issues (Census),1,1222915,1.25,1.25,305728.75,305728.75
35009,2011,Payment Months (Type 3),2,453566,1.5,3,226783,907132
35009,2011,All Issues (Census),2,453566,1.5,3,226783,907132
35009,2012,Payment Months (Type 3),2,1375550,1.25,1.25,343887.5,343887.5
35009,2012,All Issues (Census),2,1375550,1.25,1.25,343887.5,343887.5
35009,2013,Payment Months (Type 3),2,1431962,1.25,1.25,357990.5,357990.5
35009,2013,All Issues (Census),2,1431962,1.25,1.25,357990.5,357990.5
35009,2020,Payment Months (Type 3),1,476492,1.25,1.25,119123,119123
35009,2020,All Issues (Census),1,476492,1.25,1.25,119123,119123
35009,2021,Payment Months (Type 3),1,1029912,1.25,1.25,257478,257478
35009,2021,All Issues (Census),1,1029912,1.25,1.25,257478,257478
35011,2011,Payment Months (Type 3),2,2053860,1.5,3,1026930,4107720
35011,2011,All Issues (Census),2,2053860,1.5,3,1026930,4107720
35011,2013,Payment Months (Type 3),1,2435623,1.25,1.25,608905.75,608905.75
35011,2013,All Issues (Census),1,2435623,1.25,1.25,608905.75,608905.75
35013,2021,Payment Months (Type 3),1,267785,1.25,1.25,66946.25,66946.25
35013,2021,All Issues (Census),1,267785,1.25,1.25,66946.25,66946.25
35015,2011,Payment Months (Type 3),2,1981924,1.5,3,990962,3963848
35015,2011,All Issues (Census),2,1981924,1.5,3,990962,3963848
35015,2013,Payment Months (Type 3),1,2805018.11,1.25,1.25,701254.53,701254.53
35015,2013,All Issues (Census),1,2805018.11,1.25,1.25,701254.53,701254.53
35015,2020,Payment Months (Type 3),1,884136,1.25,1.25,221034,221034
35015,2020,All Issues (Census),1,884136,1.25,1.25,221034,221034
35015,2021,Payment Months (Type 3),1,435450,1.25,1.25,108862.5,108862.5
35015,2021,All Issues (Census),1,435450,1.25,1.25,108862.5,108862.5
35015,2022,Payment Months (Type 3),1,973282.24,1.25,1.25,243320.56,243320.56
35015,2022,All Issues (Census),1,973282.24,1.25,1.25,243320.56,243320.56
35015,2023,Payment Months (Type 3),1,1570561.55,1.25,1.25,392640.39,392640.39
35015,2023,All Issues (Census),1,1570561.55,1.25,1.25,392640.39,392640.39
35015,2024,Payment Months (Type 3),1,1593417.29,1.25,1.25,398354.32,398354.32
35015,2024,All Issues (Census),1,1593417.29,1.25,1.25,398354.32,398354.32
35017,2013,Threshold (Type 2),1,1959404,1.25,1.25,489851,489851
35017,2013,All Issues (Census),1,1959404,1.25,1.25,489851,489851
35021,2011,Payment Months (Type 3),1,1708336,3,3,3416672,3416672
35021,2011,All Issues (Census),1,1708336,3,3,3416672,3416672
35021,2013,Payment Months (Type 3),1,2301759,1.25,1.25,575439.75,575439.75
35021,2013,All Issues (Census),1,2301759,1.25,1.25,575439.75,575439.75
35021,2021,Payment Months (Type 3),1,1251424,1.25,1.25,312856,312856
35021,2021,All Issues (Census),1,1251424,1.25,1.25,312856,312856
35021,2022,Payment Months (Type 3),1,2081880,1.25,1.25,520470,520470
35021,2022,All Issues (Census),1,2081880,1.25,1.25,520470,520470
35023,2022,Threshold (Type 2),1,885415,1.25,1.25,221353.75,221353.75
35025,2011,Payment Months (Type 3),3,3087577.78,1.5,3,1543788.89,6175155.56
35025,2011,All Issues (Census),3,3087577.78,1.5,3,1543788.89,6175155.56
35025,2012,Payment Months (Type 3),2,3578110,1.25,1.3333333333333333,894527.5,1192703.33
35025,2012,All Issues (Census),2,3578110,1.25,1.3333333333333333,894527.5,1192703.33
35025,2013,Payment Months (Type 3),1,3752731,1.3333333333333333,1.3333333333333333,1250910.33,1250910.33
35025,2013,All Issues (Census),1,3752731,1.3333333333333333,1.3333333333333333,1250910.33,1250910.33
35025,2018,Payment Months (Type 3),1,1100339,1.3333333333333333,1.3333333333333333,366779.67,366779.67
35025,2018,All Issues (Census),1,1100339,1.3333333333333333,1.3333333333333333,366779.67,366779.67
35025,2020,Payment Months (Type 3),1,1574753,1.3333333333333333,1.3333333333333333,524917.67,524917.67
35025,2020,All Issues (Census),1,1574753,1.3333333333333333,1.3333333333333333,524917.67,524917.67
35025,2021,Payment Months (Type 3),1,1532861,1.25,1.25,383215.25,383215.25
35025,2021,All Issues (Census),1,1532861,1.25,1.25,383215.25,383215.25
35025,2022,Payment Months (Type 3),1,2546545,1.6666666666666667,1.6666666666666667,1697696.67,1697696.67
35025,2022,All Issues (Census),1,2546545,1.6666666666666667,1.6666666666666667,1697696.67,1697696.67
35025,2023,Payment Months (Type 3),1,3048689,1.3333333333333333,1.3333333333333333,1016229.67,1016229.67
35025,2023,All Issues (Census),1,3048689,1.3333333333333333,1.3333333333333333,1016229.67,1016229.67
35025,2024,Payment Months (Type 3),2,2562950,1.25,1.3333333333333333,640737.5,854316.67
35025,2024,All Issues (Census),2,2562950,1.25,1.3333333333333333,640737.5,854316.67
35033,2011,Payment Months (Type 3),2,697163.54,3,3,1394327.08,1394327.08
35033,2011,All Issues (Census),2,697163.54,3,3,1394327.08,1394327.08
35037,2011,Payment Months (Type 3),3,2090148,1.5,3,1045074,4180296
35037,2011,All Issues (Census),3,2090148,1.5,3,1045074,4180296
35037,2013,Payment Months (Type 3),1,3283595,1.25,1.25,820898.75,820898.75
35037,2013,All Issues (Census),1,3283595,1.25,1.25,820898.75,820898.75
35037,2020,Payment Months (Type 3),1,1621666,1.3333333333333333,1.3333333333333333,540555.33,540555.33
35037,2020,All Issues (Census),1,1621666,1.3333333333333333,1.3333333333333333,540555.33,540555.33
35037,2021,Payment Months (Type 3),1,1844216,1.25,1.25,461054,461054
35037,2021,All Issues (Census),1,1844216,1.25,1.25,461054,461054
35039,2011,Payment Months (Type 3),2,801017,3,3,1602034,1602034
35039,2011,All Issues (Census),2,801017,3,3,1602034,1602034
35039,2019,Payment Months (Type 3),1,793369,1.25,1.25,198342.25,198342.25
35039,2019,All Issues (Census),1,793369,1.25,1.25,198342.25,198342.25
35039,2021,Payment Months (Type 3),1,949213,1.25,1.25,237303.25,237303.25
35039,2021,All Issues (Census),1,949213,1.25,1.25,237303.25,237303.25
35039,2022,Threshold (Type 2),2,819344.13,1.25,1.25,204836.03,204836.03
35039,2022,All Issues (Census),2,819344.13,1.25,1.25,204836.03,204836.03
35041,2011,Payment Months (Type 3),2,1477691,1.5,3,738845.5,2955382
35041,2011,All Issues (Census),2,1477691,1.5,3,738845.5,2955382
35041,2012,Payment Months (Type 3),2,1926868.97,1.25,1.25,481717.24,481717.24
35041,2012,All Issues (Census),2,1926868.97,1.25,1.25,481717.24,481717.24
35041,2013,Payment Months (Type 3),2,2023152,1.25,1.25,505788,505788
35041,2013,All Issues (Census),2,2023152,1.25,1.25,505788,505788
35041,2021,Payment Months (Type 3),1,997653,1.25,1.25,249413.25,249413.25
35041,2021,All Issues (Census),1,997653,1.25,1.25,249413.25,249413.25
35047,2011,Payment Months (Type 3),1,1019275.54,3,3,2038551.08,2038551.08
35047,2011,All Issues (Census),1,1019275.54,3,3,2038551.08,2038551.08
35049,2011,Payment Months (Type 3),1,97466,3,3,194932,194932
35049,2011,All Issues (Census),1,97466,3,3,194932,194932
35053,2011,Payment Months (Type 3),1,1614774.07,1.5,1.5,807387.04,807387.04
35053,2011,All Issues (Census),1,1614774.07,1.5,1.5,807387.04,807387.04
35055,2011,Payment Months (Type 3),1,126048,1.5,1.5,63024,63024
35055,2011,All Issues (Census),1,126048,1.5,1.5,63024,63024
35057,2011,Payment Months (Type 3),1,2554387.74,3,3,5108775.48,5108775.48
35057,2011,All Issues (Census),1,2554387.74,3,3,5108775.48,5108775.48
35057,2013,Payment Months (Type 3),1,4004444.34,1.25,1.25,1001111.08,1001111.08
35057,2013,All Issues (Census),1,4004444.34,1.25,1.25,1001111.08,1001111.08
35057,2021,Payment Months (Type 3),2,2429802.04,1.25,1.25,607450.51,607450.51
35057,2021,All Issues (Census),2,2429802.04,1.25,1.25,607450.51,607450.51
35059,2011,Payment Months (Type 3),1,2745000,3,3,5490000,5490000
35059,2011,All Issues (Census),1,2745000,3,3,5490000,5490000
35059,2012,Payment Months (Type 3),1,4390912.27,1.25,1.25,1097728.07,1097728.07
35059,2012,All Issues (Census),1,4390912.27,1.25,1.25,1097728.07,1097728.07
35059,2013,Payment Months (Type 3),2,4457152.93,1.25,1.25,1114288.23,1114288.23
35059,2013,All Issues (Census),2,4457152.93,1.25,1.25,1114288.23,1114288.23
35059,2022,Payment Months (Type 3),2,3890789,1.25,1.25,972697.25,972697.25
35059,2022,All Issues (Census),2,3890789,1.25,1.25,972697.25,972697.25
35059,2023,Payment Months (Type 3),1,4556230,1.25,1.25,1139057.5,1139057.5
35059,2023,All Issues (Census),1,4556230,1.25,1.25,1139057.5,1139057.5
35061,2013,Payment Months (Type 3),1,707262,4,4,2121786,2121786
35061,2013,All Issues (Census),1,707262,4,4,2121786,2121786
35061,2018,Payment Months (Type 3),1,101640,3,3,203280,203280
35061,2018,All Issues (Census),1,101640,3,3,203280,203280
35061,2021,Payment Months (Type 3),1,101300,4,4,303900,303900
35061,2021,All Issues (Census),1,101300,4,4,303900,303900
35061,2025,Payment Months (Type 3),1,,4,4,,
35061,2025,All Issues (Census),1,,4,4,,
36103,2022,Payment Months (Type 3),3,,0.3333333333333333,0.3333333333333333,,
36103,2022,All Issues (Census),3,,0.3333333333333333,0.3333333333333333,,
38001,2017,Payment Months (Type 3),2,1556655,2.5,5,2334982.5,6226620
38001,2017,All Issues (Census),2,1556655,2.5,5,2334982.5,6226620
38001,2021,Payment Months (Type 3),2,1628543,2,3,1628543,3257086
38001,2021,All Issues (Census),2,1628543,2,3,1628543,3257086
38003,2021,Payment Months (Type 3),2,715948,2,3,715948,1431896
38003,2021,All Issues (Census),2,715948,2,3,715948,1431896
38005,2021,Payment Months (Type 3),2,2242618,2.5,5,3363927,8970472
38005,2021,All Issues (Census),2,2242618,2.5,5,3363927,8970472
38005,2023,Payment Months (Type 3),3,2646379,1.3333333333333333,3,882126.33,5292758
38005,2023,All Issues (Census),3,2646379,1.3333333333333333,3,882126.33,5292758
38007,2008,Payment Months (Type 3),2,1017475.4,1.5,3,508737.7,2034950.8
38007,2008,All Issues (Census),2,1017475.4,1.5,3,508737.7,2034950.8
38007,2017,Payment Months (Type 3),2,1519923,2,4,1519923,4559769
38007,2017,All Issues (Census),2,1519923,2,4,1519923,4559769
38007,2021,Payment Months (Type 3),2,1850990,2,4,1850990,5552970
38007,2021,All Issues (Census),2,1850990,2,4,1850990,5552970
38009,2008,Payment Months (Type 3),1,411505.16,2,2,411505.16,411505.16
38009,2008,All Issues (Census),1,411505.16,2,2,411505.16,411505.16
38009,2021,Payment Months (Type 3),2,1181105,2.5,5,1771657.5,4724420
38009,2021,All Issues (Census),2,1181105,2.5,5,1771657.5,4724420
38009,2023,Payment Months (Type 3),3,1462458,1.3333333333333333,3,487486,2924916
38009,2023,All Issues (Census),3,1462458,1.3333333333333333,3,487486,2924916
38011,2017,Payment Months (Type 3),2,2323817,2.5,5,3485725.5,9295268
38011,2017,All Issues (Census),2,2323817,2.5,5,3485725.5,9295268
38011,2021,Payment Months (Type 3),2,3510780,2,4,3510780,10532340
38011,2021,All Issues (Census),2,3510780,2,4,3510780,10532340
38013,2008,Payment Months (Type 3),2,463177.99,1.5,3,231589,926355.98
38013,2008,All Issues (Census),2,463177.99,1.5,3,231589,926355.98
38013,2017,Payment Months (Type 3),2,702725,2,4,702725,2108175
38013,2017,All Issues (Census),2,702725,2,4,702725,2108175
38013,2021,Payment Months (Type 3),2,787708,2,4,787708,2363124
38013,2021,All Issues (Census),2,787708,2,4,787708,2363124
38015,2017,Payment Months (Type 3),2,2922387,2,4,2922387,8767161
38015,2017,All Issues (Census),2,2922387,2,4,2922387,8767161
38015,2021,Payment Months (Type 3),2,4137290,2.5,5,6205935,16549160
38015,2021,All Issues (Census),2,4137290,2.5,5,6205935,16549160
38017,2012,Payment Months (Type 3),1,296566,1.5,1.5,148283,148283
38017,2012,All Issues (Census),1,296566,1.5,1.5,148283,148283
38017,2021,Payment Months (Type 3),2,655672,2,4,655672,1967016
38017,2021,All Issues (Census),2,655672,2,4,655672,1967016
38019,2008,Payment Months (Type 3),1,48518,2,2,48518,48518
38019,2008,All Issues (Census),1,48518,2,2,48518,48518
38019,2021,Payment Months (Type 3),2,100203.6,2,4,100203.6,300610.8
38019,2021,All Issues (Census),2,100203.6,2,4,100203.6,300610.8
38019,2023,Payment Months (Type 3),3,193569,1.3333333333333333,3,64523,387138
38019,2023,All Issues (Census),3,193569,1.3333333333333333,3,64523,387138
38021,2017,Payment Months (Type 3),2,1201405,2,4,1201405,3604215
38021,2017,All Issues (Census),2,1201405,2,4,1201405,3604215
38021,2021,Payment Months (Type 3),2,1407554.58,2,4,1407554.58,4222663.74
38021,2021,All Issues (Census),2,1407554.58,2,4,1407554.58,4222663.74
38023,2008,Payment Months (Type 3),2,514642.38,1.5,3,257321.19,1029284.76
38023,2008,All Issues (Census),2,514642.38,1.5,3,257321.19,1029284.76
38023,2017,Payment Months (Type 3),2,766301,2.5,5,1149451.5,3065204
38023,2017,All Issues (Census),2,766301,2.5,5,1149451.5,3065204
38025,2008,Payment Months (Type 3),2,2627692.27,1.5,3,1313846.14,5255384.54
38025,2008,All Issues (Census),2,2627692.27,1.5,3,1313846.14,5255384.54
38025,2017,Payment Months (Type 3),2,3894217,2.5,5,5841325.5,15576868
38025,2017,All Issues (Census),2,3894217,2.5,5,5841325.5,15576868
38025,2021,Payment Months (Type 3),2,4642836,2,4,4642836,13928508
38025,2021,All Issues (Census),2,4642836,2,4,4642836,13928508
38027,2018,Payment Months (Type 3),1,792153,1.5,1.5,396076.5,396076.5
38027,2018,All Issues (Census),1,792153,1.5,1.5,396076.5,396076.5
38027,2021,Payment Months (Type 3),2,1537007,2.5,4,2305510.5,4611021
38027,2021,All Issues (Census),2,1537007,2.5,4,2305510.5,4611021
38029,2017,Payment Months (Type 3),2,2461138,2,4,2461138,7383414
38029,2017,All Issues (Census),2,2461138,2,4,2461138,7383414
38029,2021,Payment Months (Type 3),2,2850385,2,4,2850385,8551155
38029,2021,All Issues (Census),2,2850385,2,4,2850385,8551155
38031,2018,Payment Months (Type 3),1,357830,1.5,1.5,178915,178915
38031,2018,All Issues (Census),1,357830,1.5,1.5,178915,178915
38031,2021,Payment Months (Type 3),2,1230501,2.5,4,1845751.5,3691503
38031,2021,All Issues (Census),2,1230501,2.5,4,1845751.5,3691503
38033,2008,Payment Months (Type 3),2,1037473.64,1.5,3,518736.82,2074947.28
38033,2008,All Issues (Census),2,1037473.64,1.5,3,518736.82,2074947.28
38033,2017,Payment Months (Type 3),2,1352607,2,4,1352607,4057821
38033,2017,All Issues (Census),2,1352607,2,4,1352607,4057821
38033,2021,Payment Months (Type 3),2,2432506,2.5,4,3648759,7297518
38033,2021,All Issues (Census),2,2432506,2.5,4,3648759,7297518
38035,2012,Payment Months (Type 3),1,400146,1.5,1.5,200073,200073
38035,2012,All Issues (Census),1,400146,1.5,1.5,200073,200073
38035,2021,Payment Months (Type 3),2,806069,2,4,806069,2418207
38035,2021,All Issues (Census),2,806069,2,4,806069,2418207
38037,2008,Payment Months (Type 3),1,2186026.32,2,2,2186026.32,2186026.32
38037,2008,All Issues (Census),1,2186026.32,2,2,2186026.32,2186026.32
38037,2017,Payment Months (Type 3),2,3871706,2.5,5,5807559,15486824
38037,2017,All Issues (Census),2,3871706,2.5,5,5807559,15486824
38037,2021,Payment Months (Type 3),2,3777562,2,4,3777562,11332686
38037,2021,All Issues (Census),2,3777562,2,4,3777562,11332686
38039,2012,Payment Months (Type 3),1,1191019,1.5,1.5,595509.5,595509.5
38039,2012,All Issues (Census),1,1191019,1.5,1.5,595509.5,595509.5
38039,2021,Payment Months (Type 3),2,858735,2,4,858735,2576205
38039,2021,All Issues (Census),2,858735,2,4,858735,2576205
38041,2008,Payment Months (Type 3),2,476811.24,1.5,3,238405.62,953622.48
38041,2008,All Issues (Census),2,476811.24,1.5,3,238405.62,953622.48
38041,2017,Payment Months (Type 3),2,760297,2.5,5,1140445.5,3041188
38041,2017,All Issues (Census),2,760297,2.5,5,1140445.5,3041188
38041,2021,Payment Months (Type 3),2,611220,2,3,611220,1222440
38041,2021,All Issues (Census),2,611220,2,3,611220,1222440
38043,2017,Payment Months (Type 3),2,2577245,2,4,2577245,7731735
38043,2017,All Issues (Census),2,2577245,2,4,2577245,7731735
38043,2021,Payment Months (Type 3),2,4002783.85,2.5,4,6004175.78,12008351.55
38043,2021,All Issues (Census),2,4002783.85,2.5,4,6004175.78,12008351.55
38045,2021,Payment Months (Type 3),2,885026,2,4,885026,2655078
38045,2021,All Issues (Census),2,885026,2,4,885026,2655078
38047,2017,Payment Months (Type 3),2,2067306,2,4,2067306,6201918
38047,2017,All Issues (Census),2,2067306,2,4,2067306,6201918
38047,2021,Payment Months (Type 3),2,2655712,2,4,2655712,7967136
38047,2021,All Issues (Census),2,2655712,2,4,2655712,7967136
38049,2008,Payment Months (Type 3),1,2452387.22,2,2,2452387.22,2452387.22
38049,2008,All Issues (Census),1,2452387.22,2,2,2452387.22,2452387.22
38049,2017,Payment Months (Type 3),2,3107023,2,4,3107023,9321069
38049,2017,All Issues (Census),2,3107023,2,4,3107023,9321069
38049,2018,Payment Months (Type 3),1,2911868,1.5,1.5,1455934,1455934
38049,2018,All Issues (Census),1,2911868,1.5,1.5,1455934,1455934
38049,2021,Payment Months (Type 3),2,5139444,2.5,5,7709166,20557776
38049,2021,All Issues (Census),2,5139444,2.5,5,7709166,20557776
38049,2023,Payment Months (Type 3),3,6014627,1.3333333333333333,3,2004875.67,12029254
38049,2023,All Issues (Census),3,6014627,1.3333333333333333,3,2004875.67,12029254
38051,2017,Payment Months (Type 3),2,1695734,2,4,1695734,5087202
38051,2017,All Issues (Census),2,1695734,2,4,1695734,5087202
38051,2021,Payment Months (Type 3),2,2051846,2,4,2051846,6155538
38051,2021,All Issues (Census),2,2051846,2,4,2051846,6155538
38053,2008,Payment Months (Type 3),2,2532258.79,1.5,3,1266129.4,5064517.58
38053,2008,All Issues (Census),2,2532258.79,1.5,3,1266129.4,5064517.58
38053,2017,Payment Months (Type 3),2,3693693,2.5,5,5540539.5,14774772
38053,2017,All Issues (Census),2,3693693,2.5,5,5540539.5,14774772
38053,2021,Payment Months (Type 3),2,4789063,2,4,4789063,14367189
38053,2021,All Issues (Census),2,4789063,2,4,4789063,14367189
38055,2008,Payment Months (Type 3),2,1156207.82,1.5,3,578103.91,2312415.64
38055,2008,All Issues (Census),2,1156207.82,1.5,3,578103.91,2312415.64
38055,2017,Payment Months (Type 3),2,2078189,2.5,5,3117283.5,8312756
38055,2017,All Issues (Census),2,2078189,2.5,5,3117283.5,8312756
38055,2021,Payment Months (Type 3),2,2433631,2.5,5,3650446.5,9734524
38055,2021,All Issues (Census),2,2433631,2.5,5,3650446.5,9734524
38057,2008,Payment Months (Type 3),2,1573590.59,1.5,3,786795.3,3147181.18
38057,2008,All Issues (Census),2,1573590.59,1.5,3,786795.3,3147181.18
38057,2017,Payment Months (Type 3),2,2664327,2.5,5,3996490.5,10657308
38057,2017,All Issues (Census),2,2664327,2.5,5,3996490.5,10657308
38057,2021,Payment Months (Type 3),2,3184120.9,2.5,5,4776181.35,12736483.6
38057,2021,All Issues (Census),2,3184120.9,2.5,5,4776181.35,12736483.6
38059,2008,Payment Months (Type 3),1,2170292.93,2,2,2170292.93,2170292.93
38059,2008,All Issues (Census),1,2170292.93,2,2,2170292.93,2170292.93
38059,2017,Payment Months (Type 3),2,4209453,2.5,5,6314179.5,16837812
38059,2017,All Issues (Census),2,4209453,2.5,5,6314179.5,16837812
38059,2021,Payment Months (Type 3),2,5547387,2,4,5547387,16642161
38059,2021,All Issues (Census),2,5547387,2,4,5547387,16642161
38061,2008,Payment Months (Type 3),2,1383570.92,1.5,3,691785.46,2767141.84
38061,2008,All Issues (Census),2,1383570.92,1.5,3,691785.46,2767141.84
38061,2017,Payment Months (Type 3),2,2606089,2.5,5,3909133.5,10424356
38061,2017,All Issues (Census),2,2606089,2.5,5,3909133.5,10424356
38061,2021,Payment Months (Type 3),2,2817560,2,4,2817560,8452680
38061,2021,All Issues (Census),2,2817560,2,4,2817560,8452680
38063,2012,Payment Months (Type 3),1,697375,1.5,1.5,348687.5,348687.5
38063,2012,All Issues (Census),1,697375,1.5,1.5,348687.5,348687.5
38063,2018,Payment Months (Type 3),1,372680,1.5,1.5,186340,186340
38063,2018,All Issues (Census),1,372680,1.5,1.5,186340,186340
38063,2021,Payment Months (Type 3),1,549585,2,2,549585,549585
38063,2021,All Issues (Census),2,549585,2,4,549585,1648755
38065,2008,Payment Months (Type 3),1,997602,2,2,997602,997602
38065,2008,All Issues (Census),1,997602,2,2,997602,997602
38065,2017,Payment Months (Type 3),2,1762515,2.5,5,2643772.5,7050060
38065,2017,All Issues (Census),2,1762515,2.5,5,2643772.5,7050060
38065,2021,Payment Months (Type 3),2,2169612,2.5,5,3254418,8678448
38065,2021,All Issues (Census),2,2169612,2.5,5,3254418,8678448
38067,2021,Payment Months (Type 3),2,219780.82,2,4,219780.82,659342.46
38067,2021,All Issues (Census),2,219780.82,2,4,219780.82,659342.46
38069,2008,Payment Months (Type 3),1,721403.33,2,2,721403.33,721403.33
38069,2008,All Issues (Census),1,721403.33,2,2,721403.33,721403.33
38069,2021,Payment Months (Type 3),2,1921666,2.5,5,2882499,7686664
38069,2021,All Issues (Census),2,1921666,2.5,5,2882499,7686664
38069,2023,Payment Months (Type 3),3,2458312,1.3333333333333333,3,819437.33,4916624
38069,2023,All Issues (Census),3,2458312,1.3333333333333333,3,819437.33,4916624
38071,2021,Payment Months (Type 3),2,147450,2,4,147450,442350
38071,2021,All Issues (Census),2,147450,2,4,147450,442350
38071,2023,Payment Months (Type 3),3,155653,1.3333333333333333,3,51884.33,311306
38071,2023,All Issues (Census),3,155653,1.3333333333333333,3,51884.33,311306
38073,2021,Payment Months (Type 3),2,917079,1.5,3,458539.5,1834158
38073,2021,All Issues (Census),2,917079,1.5,3,458539.5,1834158
38075,2008,Payment Months (Type 3),2,181670.86,1.5,3,90835.43,363341.72
38075,2008,All Issues (Census),2,181670.86,1.5,3,90835.43,363341.72
38075,2017,Payment Months (Type 3),2,246265,2,4,246265,738795
38075,2017,All Issues (Census),2,246265,2,4,246265,738795
38075,2018,Payment Months (Type 3),1,236081,1.5,1.5,118040.5,118040.5
38075,2018,All Issues (Census),1,236081,1.5,1.5,118040.5,118040.5
38075,2021,Payment Months (Type 3),2,651966,2.5,5,977949,2607864
38075,2021,All Issues (Census),2,651966,2.5,5,977949,2607864
38077,2021,Payment Months (Type 3),2,776486.5,1.5,3,388243.25,1552973
38077,2021,All Issues (Census),2,776486.5,1.5,3,388243.25,1552973
38079,2008,Payment Months (Type 3),1,225440.1,2,2,225440.1,225440.1
38079,2008,All Issues (Census),1,225440.1,2,2,225440.1,225440.1
38079,2021,Payment Months (Type 3),2,1464109,2,4,1464109,4392327
38079,2021,All Issues (Census),2,1464109,2,4,1464109,4392327
38079,2023,Payment Months (Type 3),3,1167326,1.3333333333333333,3,389108.67,2334652
38079,2023,All Issues (Census),3,1167326,1.3333333333333333,3,389108.67,2334652
38081,2021,Payment Months (Type 3),2,333187,1.5,3,166593.5,666374
38081,2021,All Issues (Census),2,333187,1.5,3,166593.5,666374
38083,2017,Payment Months (Type 3),2,1164904,2,4,1164904,3494712
38083,2017,All Issues (Census),2,1164904,2,4,1164904,3494712
38083,2021,Payment Months (Type 3),2,1753134,2.5,5,2629701,7012536
38083,2021,All Issues (Census),2,1753134,2.5,5,2629701,7012536
38085,2017,Payment Months (Type 3),2,2244914,2,4,2244914,6734742
38085,2017,All Issues (Census),2,2244914,2,4,2244914,6734742
38085,2021,Payment Months (Type 3),2,2913741,2,4,2913741,8741223
38085,2021,All Issues (Census),2,2913741,2,4,2913741,8741223
38087,2008,Payment Months (Type 3),2,1161513.02,1.5,3,580756.51,2323026.04
38087,2008,All Issues (Census),2,1161513.02,1.5,3,580756.51,2323026.04
38087,2017,Payment Months (Type 3),2,1940458,2.5,5,2910687,7761832
38087,2017,All Issues (Census),2,1940458,2.5,5,2910687,7761832
38087,2021,Payment Months (Type 3),2,1957953,2,4,1957953,5873859
38087,2021,All Issues (Census),2,1957953,2,4,1957953,5873859
38089,2008,Payment Months (Type 3),2,1033265.91,1.5,3,516632.96,2066531.82
38089,2008,All Issues (Census),2,1033265.91,1.5,3,516632.96,2066531.82
38089,2017,Payment Months (Type 3),2,2107693,2.5,5,3161539.5,8430772
38089,2017,All Issues (Census),2,2107693,2.5,5,3161539.5,8430772
38089,2021,Payment Months (Type 3),2,2021669,2,4,2021669,6065007
38089,2021,All Issues (Census),2,2021669,2,4,2021669,6065007
38091,2012,Payment Months (Type 3),1,343490,1.5,1.5,171745,171745
38091,2012,All Issues (Census),1,343490,1.5,1.5,171745,171745
38091,2021,Payment Months (Type 3),2,251917,2,3,251917,503834
38091,2021,All Issues (Census),2,251917,2,3,251917,503834
38093,2021,Payment Months (Type 3),2,2850279,2.5,4,4275418.5,8550837
38093,2021,All Issues (Census),2,2850279,2.5,4,4275418.5,8550837
38095,2008,Payment Months (Type 3),1,87126,2,2,87126,87126
38095,2008,All Issues (Census),1,87126,2,2,87126,87126
38095,2021,Payment Months (Type 3),2,197307,2,4,197307,591921
38095,2021,All Issues (Census),2,197307,2,4,197307,591921
38095,2023,Payment Months (Type 3),3,305661,1.3333333333333333,3,101887,611322
38095,2023,All Issues (Census),3,305661,1.3333333333333333,3,101887,611322
38097,2012,Payment Months (Type 3),1,176016,1.5,1.5,88008,88008
38097,2012,All Issues (Census),1,176016,1.5,1.5,88008,88008
38097,2021,Payment Months (Type 3),2,132873,2.5,4,199309.5,398619
38097,2021,All Issues (Census),2,132873,2.5,4,199309.5,398619
38099,2021,Payment Months (Type 3),2,434259,2,3,434259,868518
38099,2021,All Issues (Census),2,434259,2,3,434259,868518
38101,2008,Payment Months (Type 3),2,1017250.58,1.5,3,508625.29,2034501.16
38101,2008,All Issues (Census),2,1017250.58,1.5,3,508625.29,2034501.16
38101,2017,Payment Months (Type 3),2,1634207,2.5,5,2451310.5,6536828
38101,2017,All Issues (Census),2,1634207,2.5,5,2451310.5,6536828
38101,2018,Payment Months (Type 3),1,1191167,1.5,1.5,595583.5,595583.5
38101,2018,All Issues (Census),1,1191167,1.5,1.5,595583.5,595583.5
38101,2021,Payment Months (Type 3),2,1935514,2.5,5,2903271,7742056
38101,2021,All Issues (Census),2,1935514,2.5,5,2903271,7742056
38103,2018,Payment Months (Type 3),1,501230,1.5,1.5,250615,250615
38103,2018,All Issues (Census),1,501230,1.5,1.5,250615,250615
38103,2021,Payment Months (Type 3),2,1335988,2.5,5,2003982,5343952
38103,2021,All Issues (Census),2,1335988,2.5,5,2003982,5343952
38105,2008,Payment Months (Type 3),2,922149.37,1.5,3,461074.68,1844298.74
38105,2008,All Issues (Census),2,922149.37,1.5,3,461074.68,1844298.74
38105,2017,Payment Months (Type 3),2,1297211,2.5,5,1945816.5,5188844
38105,2017,All Issues (Census),2,1297211,2.5,5,1945816.5,5188844
38105,2021,Payment Months (Type 3),2,1130604,2,4,1130604,3391812
38105,2021,All Issues (Census),2,1130604,2,4,1130604,3391812
38105,2025,Boundary (Type 1),2,276345.3,1.3333333333333333,1.3333333333333333,92115.1,92115.1
38105,2025,All Issues (Census),2,276345.3,1.3333333333333333,1.3333333333333333,92115.1,92115.1
39027,2012,Threshold (Type 2),3,32277,3,3,64554,64554
39027,2012,All Issues (Census),3,32277,3,3,64554,64554
39095,2025,Threshold (Type 2),2,,1.3333333333333333,1.3333333333333333,,
39095,2025,All Issues (Census),2,,1.3333333333333333,1.3333333333333333,,
40003,2011,Payment Months (Type 3),1,807207,3,3,1614414,1614414
40003,2011,All Issues (Census),1,807207,3,3,1614414,1614414
40003,2012,Payment Months (Type 3),1,5474145,1.25,1.25,1368536.25,1368536.25
40003,2012,All Issues (Census),1,5474145,1.25,1.25,1368536.25,1368536.25
40003,2013,Payment Months (Type 3),1,5143019,1.25,1.25,1285754.75,1285754.75
40003,2013,All Issues (Census),1,5143019,1.25,1.25,1285754.75,1285754.75
40003,2022,Payment Months (Type 3),1,5922675,2,2,5922675,5922675
40003,2022,All Issues (Census),1,5922675,2,2,5922675,5922675
40003,2023,Payment Months (Type 3),2,6786637.46,1.25,2.5,1696659.36,10179956.19
40003,2023,All Issues (Census),2,6786637.46,1.25,2.5,1696659.36,10179956.19
40005,2011,Payment Months (Type 3),4,2961144.88,1.5,3,1480572.44,5922289.76
40005,2011,All Issues (Census),4,2961144.88,1.5,3,1480572.44,5922289.76
40005,2022,Payment Months (Type 3),2,5077055,1.25,1.5,1269263.75,2538527.5
40005,2022,All Issues (Census),2,5077055,1.25,1.5,1269263.75,2538527.5
40005,2023,Payment Months (Type 3),1,3983774,1.25,1.25,995943.5,995943.5
40005,2023,All Issues (Census),1,3983774,1.25,1.25,995943.5,995943.5
40007,2011,Payment Months (Type 3),3,1468097,1.5,3,734048.5,2936194
40007,2011,All Issues (Census),3,1468097,1.5,3,734048.5,2936194
40007,2012,Payment Months (Type 3),2,6361873.79,1.25,1.25,1590468.45,1590468.45
40007,2012,All Issues (Census),2,6361873.79,1.25,1.25,1590468.45,1590468.45
40007,2013,Payment Months (Type 3),2,6742294,1.25,1.25,1685573.5,1685573.5
40007,2013,All Issues (Census),2,6742294,1.25,1.25,1685573.5,1685573.5
40007,2014,Payment Months (Type 3),1,5946777,1.25,1.25,1486694.25,1486694.25
40007,2014,All Issues (Census),1,5946777,1.25,1.25,1486694.25,1486694.25
40007,2022,Payment Months (Type 3),1,6499942,2.5,2.5,9749913,9749913
40007,2022,All Issues (Census),1,6499942,2.5,2.5,9749913,9749913
40007,2023,Payment Months (Type 3),2,8080974,1.25,2.5,2020243.5,12121461
40007,2023,All Issues (Census),2,8080974,1.25,2.5,2020243.5,12121461
40009,2011,Payment Months (Type 3),1,2415923,3,3,4831846,4831846
40009,2011,All Issues (Census),1,2415923,3,3,4831846,4831846
40009,2012,Payment Months (Type 3),1,7382833.6,1.25,1.25,1845708.4,1845708.4
40009,2012,All Issues (Census),1,7382833.6,1.25,1.25,1845708.4,1845708.4
40009,2013,Payment Months (Type 3),1,8208609,1.25,1.25,2052152.25,2052152.25
40009,2013,All Issues (Census),1,8208609,1.25,1.25,2052152.25,2052152.25
40009,2014,Payment Months (Type 3),1,6340836,1.25,1.25,1585209,1585209
40009,2014,All Issues (Census),1,6340836,1.25,1.25,1585209,1585209
40009,2015,Payment Months (Type 3),1,3613991,1.25,1.25,903497.75,903497.75
40009,2015,All Issues (Census),1,3613991,1.25,1.25,903497.75,903497.75
40009,2018,Threshold (Type 2),1,3791147,1.3333333333333333,1.3333333333333333,1263715.67,1263715.67
40009,2018,All Issues (Census),1,3791147,1.3333333333333333,1.3333333333333333,1263715.67,1263715.67
40009,2022,Payment Months (Type 3),1,8011719,2.5,2.5,12017578.5,12017578.5
40009,2022,All Issues (Census),1,8011719,2.5,2.5,12017578.5,12017578.5
40009,2023,Payment Months (Type 3),1,8366666,2,2,8366666,8366666
40009,2023,All Issues (Census),1,8366666,2,2,8366666,8366666
40011,2011,Payment Months (Type 3),1,2727403,3,3,5454806,5454806
40011,2011,All Issues (Census),1,2727403,3,3,5454806,5454806
40011,2012,Payment Months (Type 3),1,7318277,1.25,1.25,1829569.25,1829569.25
40011,2012,All Issues (Census),1,7318277,1.25,1.25,1829569.25,1829569.25
40011,2013,Payment Months (Type 3),1,7771999,1.25,1.25,1942999.75,1942999.75
40011,2013,All Issues (Census),1,7771999,1.25,1.25,1942999.75,1942999.75
40011,2015,Boundary (Type 1),2,3399395,1.3333333333333333,1.3333333333333333,1133131.67,1133131.67
40011,2015,All Issues (Census),2,3399395,1.3333333333333333,1.3333333333333333,1133131.67,1133131.67
40011,2022,Payment Months (Type 3),2,7638762.6,1.25,2,1909690.65,7638762.6
40011,2022,All Issues (Census),2,7638762.6,1.25,2,1909690.65,7638762.6
40011,2023,Payment Months (Type 3),2,8117888.75,1.25,2,2029472.19,8117888.75
40011,2023,All Issues (Census),2,8117888.75,1.25,2,2029472.19,8117888.75
40013,2011,Payment Months (Type 3),4,5019521.96,1.5,3,2509760.98,10039043.92
40013,2011,All Issues (Census),4,5019521.96,1.5,3,2509760.98,10039043.92
40013,2022,Payment Months (Type 3),1,5477098,1.5,1.5,2738549,2738549
40013,2022,All Issues (Census),1,5477098,1.5,1.5,2738549,2738549
40015,2011,Payment Months (Type 3),2,5326810,1.5,3,2663405,10653620
40015,2011,All Issues (Census),2,5326810,1.5,3,2663405,10653620
40015,2012,Threshold (Type 2),1,12011885,1.25,1.25,3002971.25,3002971.25
40015,2012,Payment Months (Type 3),1,12011885,1.25,1.25,3002971.25,3002971.25
40015,2012,All Issues (Census),2,12011885,1.25,1.25,3002971.25,3002971.25
40015,2022,Payment Months (Type 3),1,9628560.15,2,2,9628560.15,9628560.15
40015,2022,All Issues (Census),1,9628560.15,2,2,9628560.15,9628560.15
40015,2023,Payment Months (Type 3),1,11048133,2,2,11048133,11048133
40015,2023,All Issues (Census),1,11048133,2,2,11048133,11048133
40017,2011,Payment Months (Type 3),4,655509,1.5,3,327754.5,1311018
40017,2011,All Issues (Census),4,655509,1.5,3,327754.5,1311018
40017,2012,Payment Months (Type 3),1,5409272.76,1.25,1.25,1352318.19,1352318.19
40017,2012,All Issues (Census),1,5409272.76,1.25,1.25,1352318.19,1352318.19
40017,2022,Payment Months (Type 3),1,6503247,2,2,6503247,6503247
40017,2022,All Issues (Census),1,6503247,2,2,6503247,6503247
40017,2023,Payment Months (Type 3),1,7599677,2,2,7599677,7599677
40017,2023,All Issues (Census),1,7599677,2,2,7599677,7599677
40019,2011,Payment Months (Type 3),2,1454935,1.5,3,727467.5,2909870
40019,2011,All Issues (Census),2,1454935,1.5,3,727467.5,2909870
40019,2012,Payment Months (Type 3),1,2689384,1.25,1.25,672346,672346
40019,2012,All Issues (Census),1,2689384,1.25,1.25,672346,672346
40019,2022,Payment Months (Type 3),1,2451436,2,2,2451436,2451436
40019,2022,All Issues (Census),1,2451436,2,2,2451436,2451436
40021,2022,Payment Months (Type 3),1,3470025,1.25,1.25,867506.25,867506.25
40021,2022,All Issues (Census),1,3470025,1.25,1.25,867506.25,867506.25
40021,2023,Payment Months (Type 3),1,,1.25,1.25,,
40021,2023,All Issues (Census),1,,1.25,1.25,,
40023,2011,Payment Months (Type 3),4,4218470,1.5,3,2109235,8436940
40023,2011,All Issues (Census),4,4218470,1.5,3,2109235,8436940
40023,2013,Threshold (Type 2),2,6199698.46,1.3333333333333333,1.3333333333333333,2066566.15,2066566.15
40023,2013,All Issues (Census),2,6199698.46,1.3333333333333333,1.3333333333333333,2066566.15,2066566.15
40023,2022,Payment Months (Type 3),2,5731679.97,1.25,1.5,1432919.99,2865839.98
40023,2022,All Issues (Census),2,5731679.97,1.25,1.5,1432919.99,2865839.98
40025,2011,Payment Months (Type 3),1,834513,3,3,1669026,1669026
40025,2011,All Issues (Census),1,834513,3,3,1669026,1669026
40025,2012,Payment Months (Type 3),2,3944588.86,1.25,1.25,986147.22,986147.22
40025,2012,All Issues (Census),2,3944588.86,1.25,1.25,986147.22,986147.22
40025,2013,Payment Months (Type 3),2,4281157,1.25,1.25,1070289.25,1070289.25
40025,2013,All Issues (Census),2,4281157,1.25,1.25,1070289.25,1070289.25
40025,2014,Payment Months (Type 3),1,3428789.49,1.25,1.25,857197.37,857197.37
40025,2014,All Issues (Census),1,3428789.49,1.25,1.25,857197.37,857197.37
40025,2021,Payment Months (Type 3),1,1868555,2,2,1868555,1868555
40025,2021,All Issues (Census),1,1868555,2,2,1868555,1868555
40025,2022,Threshold (Type 2),1,3309165,1.25,1.25,827291.25,827291.25
40025,2022,Payment Months (Type 3),2,3309165,1.25,2.5,827291.25,4963747.5
40025,2022,All Issues (Census),2,3309165,1.25,2.5,827291.25,4963747.5
40025,2023,Payment Months (Type 3),2,3570445,1.25,2.5,892611.25,5355667.5
40025,2023,All Issues (Census),2,3570445,1.25,2.5,892611.25,5355667.5
40027,2011,Payment Months (Type 3),4,731816,1.5,3,365908,1463632
40027,2011,All Issues (Census),4,731816,1.5,3,365908,1463632
40027,2012,Payment Months (Type 3),1,1254203,1.25,1.25,313550.75,313550.75
40027,2012,All Issues (Census),1,1254203,1.25,1.25,313550.75,313550.75
40027,2022,Payment Months (Type 3),1,1081761,1.5,1.5,540880.5,540880.5
40027,2022,All Issues (Census),1,1081761,1.5,1.5,540880.5,540880.5
40029,2011,Payment Months (Type 3),3,1877138,1.5,3,938569,3754276
40029,2011,All Issues (Census),3,1877138,1.5,3,938569,3754276
40029,2022,Payment Months (Type 3),2,3109808,1.25,1.5,777452,1554904
40029,2022,All Issues (Census),2,3109808,1.25,1.5,777452,1554904
40029,2023,Payment Months (Type 3),1,2400671,1.25,1.25,600167.75,600167.75
40029,2023,All Issues (Census),1,2400671,1.25,1.25,600167.75,600167.75
40031,2011,Payment Months (Type 3),3,2146189,1.5,3,1073094.5,4292378
40031,2011,All Issues (Census),3,2146189,1.5,3,1073094.5,4292378
40031,2012,Payment Months (Type 3),1,6461088,1.25,1.25,1615272,1615272
40031,2012,All Issues (Census),1,6461088,1.25,1.25,1615272,1615272
40031,2013,Payment Months (Type 3),1,6562076,1.25,1.25,1640519,1640519
40031,2013,All Issues (Census),1,6562076,1.25,1.25,1640519,1640519
40031,2014,Payment Months (Type 3),1,6148034.01,1.25,1.25,1537008.5,1537008.5
40031,2014,All Issues (Census),1,6148034.01,1.25,1.25,1537008.5,1537008.5
40031,2015,Payment Months (Type 3),1,3226236,1.25,1.25,806559,806559
40031,2015,All Issues (Census),1,3226236,1.25,1.25,806559,806559
40031,2022,Payment Months (Type 3),1,5054571,2,2,5054571,5054571
40031,2022,All Issues (Census),1,5054571,2,2,5054571,5054571
40033,2011,Payment Months (Type 3),4,3136810,1.5,3,1568405,6273620
40033,2011,All Issues (Census),4,3136810,1.5,3,1568405,6273620
40033,2012,Payment Months (Type 3),1,6626741,1.25,1.25,1656685.25,1656685.25
40033,2012,All Issues (Census),1,6626741,1.25,1.25,1656685.25,1656685.25
40033,2013,Payment Months (Type 3),1,6872144,1.25,1.25,1718036,1718036
40033,2013,All Issues (Census),1,6872144,1.25,1.25,1718036,1718036
40033,2014,Payment Months (Type 3),1,6571408,1.25,1.25,1642852,1642852
40033,2014,All Issues (Census),1,6571408,1.25,1.25,1642852,1642852
40033,2015,Payment Months (Type 3),1,4139406.58,1.25,1.25,1034851.64,1034851.64
40033,2015,All Issues (Census),1,4139406.58,1.25,1.25,1034851.64,1034851.64
40033,2022,Payment Months (Type 3),1,6512008,2,2,6512008,6512008
40033,2022,All Issues (Census),1,6512008,2,2,6512008,6512008
40035,2011,Payment Months (Type 3),1,4743912.5,2,2,4743912.5,4743912.5
40035,2011,All Issues (Census),1,4743912.5,2,2,4743912.5,4743912.5
40035,2012,Payment Months (Type 3),1,10977681.65,1.25,1.25,2744420.41,2744420.41
40035,2012,All Issues (Census),1,10977681.65,1.25,1.25,2744420.41,2744420.41
40035,2022,Payment Months (Type 3),1,9289917.73,1.25,1.25,2322479.43,2322479.43
40035,2022,All Issues (Census),1,9289917.73,1.25,1.25,2322479.43,2322479.43
40035,2023,Payment Months (Type 3),2,6488235.05,1.25,1.5,1622058.76,3244117.52
40035,2023,All Issues (Census),2,6488235.05,1.25,1.5,1622058.76,3244117.52
40037,2011,Payment Months (Type 3),1,1700833,3,3,3401666,3401666
40037,2011,All Issues (Census),1,1700833,3,3,3401666,3401666
40037,2013,Payment Months (Type 3),1,3316064,1.25,1.25,829016,829016
40037,2013,All Issues (Census),1,3316064,1.25,1.25,829016,829016
40037,2022,Payment Months (Type 3),1,2737882,1.25,1.25,684470.5,684470.5
40037,2022,All Issues (Census),1,2737882,1.25,1.25,684470.5,684470.5
40037,2023,Payment Months (Type 3),1,,1.25,1.25,,
40037,2023,All Issues (Census),1,,1.25,1.25,,
40039,2011,Payment Months (Type 3),1,2037269,3,3,4074538,4074538
40039,2011,All Issues (Census),1,2037269,3,3,4074538,4074538
40039,2012,Payment Months (Type 3),1,7977136.3,1.25,1.25,1994284.07,1994284.07
40039,2012,All Issues (Census),1,7977136.3,1.25,1.25,1994284.07,1994284.07
40039,2013,Payment Months (Type 3),1,8225538,1.25,1.25,2056384.5,2056384.5
40039,2013,All Issues (Census),1,8225538,1.25,1.25,2056384.5,2056384.5
40039,2022,Payment Months (Type 3),1,6918874,2,2,6918874,6918874
40039,2022,All Issues (Census),1,6918874,2,2,6918874,6918874
40039,2023,Payment Months (Type 3),1,8140295,2,2,8140295,8140295
40039,2023,All Issues (Census),1,8140295,2,2,8140295,8140295
40041,2012,Payment Months (Type 3),1,6871103,1.25,1.25,1717775.75,1717775.75
40041,2012,All Issues (Census),1,6871103,1.25,1.25,1717775.75,1717775.75
40043,2011,Payment Months (Type 3),1,2374051,3,3,4748102,4748102
40043,2011,All Issues (Census),1,2374051,3,3,4748102,4748102
40043,2012,Payment Months (Type 3),1,7415098.1,1.25,1.25,1853774.52,1853774.52
40043,2012,All Issues (Census),1,7415098.1,1.25,1.25,1853774.52,1853774.52
40043,2013,Payment Months (Type 3),1,7128879.49,1.25,1.25,1782219.87,1782219.87
40043,2013,All Issues (Census),1,7128879.49,1.25,1.25,1782219.87,1782219.87
40043,2022,Payment Months (Type 3),1,7775183.28,2,2,7775183.28,7775183.28
40043,2022,All Issues (Census),1,7775183.28,2,2,7775183.28,7775183.28
40043,2023,Payment Months (Type 3),1,7339468,2,2,7339468,7339468
40043,2023,All Issues (Census),1,7339468,2,2,7339468,7339468
40045,2011,Payment Months (Type 3),1,1145131,3,3,2290262,2290262
40045,2011,All Issues (Census),1,1145131,3,3,2290262,2290262
40045,2012,Payment Months (Type 3),1,5058876,1.25,1.25,1264719,1264719
40045,2012,All Issues (Census),1,5058876,1.25,1.25,1264719,1264719
40045,2013,Payment Months (Type 3),1,4580168,1.25,1.25,1145042,1145042
40045,2013,All Issues (Census),1,4580168,1.25,1.25,1145042,1145042
40045,2014,Payment Months (Type 3),1,4828699,1.25,1.25,1207174.75,1207174.75
40045,2014,All Issues (Census),1,4828699,1.25,1.25,1207174.75,1207174.75
40045,2015,Payment Months (Type 3),1,2984761,1.25,1.25,746190.25,746190.25
40045,2015,All Issues (Census),1,2984761,1.25,1.25,746190.25,746190.25
40045,2022,Payment Months (Type 3),1,4469617.33,2,2,4469617.33,4469617.33
40045,2022,All Issues (Census),1,4469617.33,2,2,4469617.33,4469617.33
40045,2023,Threshold (Type 2),4,5333503,1.25,1.25,1333375.75,1333375.75
40045,2023,All Issues (Census),5,5333503,1.25,2.5,1333375.75,8000254.5
40047,2011,Payment Months (Type 3),1,441119,3,3,882238,882238
40047,2011,All Issues (Census),1,441119,3,3,882238,882238
40047,2012,Payment Months (Type 3),1,6892062,1.25,1.25,1723015.5,1723015.5
40047,2012,All Issues (Census),1,6892062,1.25,1.25,1723015.5,1723015.5
40047,2013,Payment Months (Type 3),1,6326757,1.25,1.25,1581689.25,1581689.25
40047,2013,All Issues (Census),1,6326757,1.25,1.25,1581689.25,1581689.25
40047,2020,Boundary (Type 1),3,1284780.86,1.3333333333333333,1.3333333333333333,428260.29,428260.29
40047,2020,All Issues (Census),3,1284780.86,1.3333333333333333,1.3333333333333333,428260.29,428260.29
40047,2022,Payment Months (Type 3),1,5699692.24,2,2,5699692.24,5699692.24
40047,2022,All Issues (Census),1,5699692.24,2,2,5699692.24,5699692.24
40047,2023,Payment Months (Type 3),1,6878313,2,2,6878313,6878313
40047,2023,All Issues (Census),1,6878313,2,2,6878313,6878313
40049,2011,Payment Months (Type 3),2,5314803.49,1.5,3,2657401.74,10629606.98
40049,2011,All Issues (Census),2,5314803.49,1.5,3,2657401.74,10629606.98
40049,2012,Payment Months (Type 3),1,7935585,1.25,1.25,1983896.25,1983896.25
40049,2012,All Issues (Census),1,7935585,1.25,1.25,1983896.25,1983896.25
40049,2022,Payment Months (Type 3),2,9047883,1.25,1.5,2261970.75,4523941.5
40049,2022,All Issues (Census),2,9047883,1.25,1.5,2261970.75,4523941.5
40049,2023,Payment Months (Type 3),1,5509963,1.25,1.25,1377490.75,1377490.75
40049,2023,All Issues (Census),1,5509963,1.25,1.25,1377490.75,1377490.75
40051,2011,Payment Months (Type 3),4,4015233,1.5,3,2007616.5,8030466
40051,2011,All Issues (Census),4,4015233,1.5,3,2007616.5,8030466
40051,2012,Payment Months (Type 3),1,9565853.35,1.25,1.25,2391463.34,2391463.34
40051,2012,All Issues (Census),1,9565853.35,1.25,1.25,2391463.34,2391463.34
40051,2022,Payment Months (Type 3),1,7926217,2,2,7926217,7926217
40051,2022,All Issues (Census),1,7926217,2,2,7926217,7926217
40051,2023,Payment Months (Type 3),1,8779058,2,2,8779058,8779058
40051,2023,All Issues (Census),1,8779058,2,2,8779058,8779058
40053,2011,Payment Months (Type 3),1,562210,3,3,1124420,1124420
40053,2011,All Issues (Census),1,562210,3,3,1124420,1124420
40053,2012,Payment Months (Type 3),1,3945829,1.25,1.25,986457.25,986457.25
40053,2012,All Issues (Census),1,3945829,1.25,1.25,986457.25,986457.25
40053,2013,Payment Months (Type 3),1,3288524,1.25,1.25,822131,822131
40053,2013,All Issues (Census),1,3288524,1.25,1.25,822131,822131
40053,2022,Payment Months (Type 3),2,4269772,1.25,1.5,1067443,2134886
40053,2022,All Issues (Census),2,4269772,1.25,1.5,1067443,2134886
40053,2023,Payment Months (Type 3),2,5529302,1.25,2.5,1382325.5,8293953
40053,2023,All Issues (Census),2,5529302,1.25,2.5,1382325.5,8293953
40055,2011,Payment Months (Type 3),4,2163731,1.5,3,1081865.5,4327462
40055,2011,All Issues (Census),4,2163731,1.5,3,1081865.5,4327462
40055,2012,Payment Months (Type 3),1,4435259,1.25,1.25,1108814.75,1108814.75
40055,2012,All Issues (Census),1,4435259,1.25,1.25,1108814.75,1108814.75
40055,2013,Payment Months (Type 3),2,5189972.48,1.25,1.25,1297493.12,1297493.12
40055,2013,All Issues (Census),2,5189972.48,1.25,1.25,1297493.12,1297493.12
40055,2014,Payment Months (Type 3),2,4161990.61,1.25,1.25,1040497.65,1040497.65
40055,2014,All Issues (Census),2,4161990.61,1.25,1.25,1040497.65,1040497.65
40055,2015,Payment Months (Type 3),1,2438741.18,1.25,1.25,609685.3,609685.3
40055,2015,All Issues (Census),1,2438741.18,1.25,1.25,609685.3,609685.3
40055,2022,Payment Months (Type 3),2,5353491,1.25,2.5,1338372.75,8030236.5
40055,2022,All Issues (Census),2,5353491,1.25,2.5,1338372.75,8030236.5
40055,2023,Payment Months (Type 3),1,5157596.08,2.5,2.5,7736394.12,7736394.12
40055,2023,All Issues (Census),1,5157596.08,2.5,2.5,7736394.12,7736394.12
40057,2011,Payment Months (Type 3),4,1664266,1.5,3,832133,3328532
40057,2011,All Issues (Census),4,1664266,1.5,3,832133,3328532
40057,2012,Payment Months (Type 3),1,3103468,1.25,1.25,775867,775867
40057,2012,All Issues (Census),1,3103468,1.25,1.25,775867,775867
40057,2013,Payment Months (Type 3),1,3561547,1.25,1.25,890386.75,890386.75
40057,2013,All Issues (Census),1,3561547,1.25,1.25,890386.75,890386.75
40057,2014,Payment Months (Type 3),2,2971055,1.25,1.25,742763.75,742763.75
40057,2014,All Issues (Census),2,2971055,1.25,1.25,742763.75,742763.75
40057,2015,Payment Months (Type 3),1,2119580,1.25,1.25,529895,529895
40057,2015,All Issues (Census),1,2119580,1.25,1.25,529895,529895
40057,2022,Payment Months (Type 3),2,3931959,1.25,2.5,982989.75,5897938.5
40057,2022,All Issues (Census),2,3931959,1.25,2.5,982989.75,5897938.5
40057,2023,Payment Months (Type 3),1,5065721,2.5,2.5,7598581.5,7598581.5
40057,2023,All Issues (Census),1,5065721,2.5,2.5,7598581.5,7598581.5
40059,2011,Payment Months (Type 3),3,1553510,1.5,3,776755,3107020
40059,2011,All Issues (Census),3,1553510,1.5,3,776755,3107020
40059,2012,Payment Months (Type 3),1,5371380,1.25,1.25,1342845,1342845
40059,2012,All Issues (Census),1,5371380,1.25,1.25,1342845,1342845
40059,2013,Payment Months (Type 3),1,5411899,1.25,1.25,1352974.75,1352974.75
40059,2013,All Issues (Census),1,5411899,1.25,1.25,1352974.75,1352974.75
40059,2022,Payment Months (Type 3),1,5315416.75,2,2,5315416.75,5315416.75
40059,2022,All Issues (Census),1,5315416.75,2,2,5315416.75,5315416.75
40059,2023,Payment Months (Type 3),2,6714835,1.25,2.5,1678708.75,10072252.5
40059,2023,All Issues (Census),2,6714835,1.25,2.5,1678708.75,10072252.5
40061,2011,Payment Months (Type 3),1,2758899,3,3,5517798,5517798
40061,2011,All Issues (Census),1,2758899,3,3,5517798,5517798
40061,2022,Payment Months (Type 3),1,4473697.53,1.25,1.25,1118424.38,1118424.38
40061,2022,All Issues (Census),1,4473697.53,1.25,1.25,1118424.38,1118424.38
40063,2011,Payment Months (Type 3),1,3501362,3,3,7002724,7002724
40063,2011,All Issues (Census),1,3501362,3,3,7002724,7002724
40063,2022,Payment Months (Type 3),1,4856152,1.25,1.25,1214038,1214038
40063,2022,All Issues (Census),1,4856152,1.25,1.25,1214038,1214038
40063,2023,Payment Months (Type 3),1,4237297,1.25,1.25,1059324.25,1059324.25
40063,2023,All Issues (Census),1,4237297,1.25,1.25,1059324.25,1059324.25
40065,2011,Payment Months (Type 3),3,2037172,1.5,3,1018586,4074344
40065,2011,All Issues (Census),3,2037172,1.5,3,1018586,4074344
40065,2012,Payment Months (Type 3),2,4107117.44,1.25,1.25,1026779.36,1026779.36
40065,2012,All Issues (Census),2,4107117.44,1.25,1.25,1026779.36,1026779.36
40065,2013,Payment Months (Type 3),2,4440767,1.25,1.25,1110191.75,1110191.75
40065,2013,All Issues (Census),2,4440767,1.25,1.25,1110191.75,1110191.75
40065,2014,Payment Months (Type 3),2,3565269,1.25,1.25,891317.25,891317.25
40065,2014,All Issues (Census),2,3565269,1.25,1.25,891317.25,891317.25
40065,2015,Payment Months (Type 3),1,2397359,1.25,1.25,599339.75,599339.75
40065,2015,All Issues (Census),1,2397359,1.25,1.25,599339.75,599339.75
40065,2022,Payment Months (Type 3),2,3773683,1.25,2.5,943420.75,5660524.5
40065,2022,All Issues (Census),2,3773683,1.25,2.5,943420.75,5660524.5
40065,2023,Payment Months (Type 3),1,4382766,2.5,2.5,6574149,6574149
40065,2023,All Issues (Census),1,4382766,2.5,2.5,6574149,6574149
40067,2011,Payment Months (Type 3),2,3638751,1.5,3,1819375.5,7277502
40067,2011,All Issues (Census),2,3638751,1.5,3,1819375.5,7277502
40067,2012,Payment Months (Type 3),1,7101426,1.25,1.25,1775356.5,1775356.5
40067,2012,All Issues (Census),1,7101426,1.25,1.25,1775356.5,1775356.5
40067,2014,Payment Months (Type 3),1,7361683,1.25,1.25,1840420.75,1840420.75
40067,2014,All Issues (Census),1,7361683,1.25,1.25,1840420.75,1840420.75
40067,2022,Payment Months (Type 3),1,6659890,2,2,6659890,6659890
40067,2022,All Issues (Census),1,6659890,2,2,6659890,6659890
40069,2011,Payment Months (Type 3),4,2579213.64,1.5,3,1289606.82,5158427.28
40069,2011,All Issues (Census),4,2579213.64,1.5,3,1289606.82,5158427.28
40069,2022,Payment Months (Type 3),2,3744523,1.25,2,936130.75,3744523
40069,2022,All Issues (Census),2,3744523,1.25,2,936130.75,3744523
40069,2023,Payment Months (Type 3),1,3723805,1.25,1.25,930951.25,930951.25
40069,2023,All Issues (Census),1,3723805,1.25,1.25,930951.25,930951.25
40071,2011,Payment Months (Type 3),1,818765,3,3,1637530,1637530
40071,2011,All Issues (Census),1,818765,3,3,1637530,1637530
40071,2012,Payment Months (Type 3),1,4160615.5,1.25,1.25,1040153.88,1040153.88
40071,2012,All Issues (Census),1,4160615.5,1.25,1.25,1040153.88,1040153.88
40071,2013,Payment Months (Type 3),1,4222182.6,1.25,1.25,1055545.65,1055545.65
40071,2013,All Issues (Census),1,4222182.6,1.25,1.25,1055545.65,1055545.65
40071,2022,Payment Months (Type 3),2,3236266.45,1.25,1.5,809066.61,1618133.23
40071,2022,All Issues (Census),2,3236266.45,1.25,1.5,809066.61,1618133.23
40071,2023,Payment Months (Type 3),2,4333115.1,1.25,2.5,1083278.77,6499672.65
40071,2023,All Issues (Census),2,4333115.1,1.25,2.5,1083278.77,6499672.65
40073,2011,Payment Months (Type 3),3,731316,1.5,3,365658,1462632
40073,2011,All Issues (Census),3,731316,1.5,3,365658,1462632
40073,2012,Payment Months (Type 3),1,8914726.39,1.25,1.25,2228681.6,2228681.6
40073,2012,All Issues (Census),1,8914726.39,1.25,1.25,2228681.6,2228681.6
40073,2013,Payment Months (Type 3),1,7696593,1.25,1.25,1924148.25,1924148.25
40073,2013,All Issues (Census),1,7696593,1.25,1.25,1924148.25,1924148.25
40073,2022,Payment Months (Type 3),2,7800826.33,1.25,2,1950206.58,7800826.33
40073,2022,All Issues (Census),2,7800826.33,1.25,2,1950206.58,7800826.33
40073,2023,Payment Months (Type 3),2,8035348,1.25,2,2008837,8035348
40073,2023,All Issues (Census),2,8035348,1.25,2,2008837,8035348
40075,2011,Payment Months (Type 3),3,3511470.94,1.5,3,1755735.47,7022941.88
40075,2011,All Issues (Census),3,3511470.94,1.5,3,1755735.47,7022941.88
40075,2012,Payment Months (Type 3),1,7503992,1.25,1.25,1875998,1875998
40075,2012,All Issues (Census),1,7503992,1.25,1.25,1875998,1875998
40075,2013,Payment Months (Type 3),1,8058856,1.25,1.25,2014714,2014714
40075,2013,All Issues (Census),1,8058856,1.25,1.25,2014714,2014714
40075,2014,Payment Months (Type 3),1,6948382,1.25,1.25,1737095.5,1737095.5
40075,2014,All Issues (Census),1,6948382,1.25,1.25,1737095.5,1737095.5
40075,2015,Payment Months (Type 3),1,4568850,1.25,1.25,1142212.5,1142212.5
40075,2015,All Issues (Census),1,4568850,1.25,1.25,1142212.5,1142212.5
40075,2022,Payment Months (Type 3),2,8298379,1.25,2.5,2074594.75,12447568.5
40075,2022,All Issues (Census),2,8298379,1.25,2.5,2074594.75,12447568.5
40075,2023,Payment Months (Type 3),1,7904722,2,2,7904722,7904722
40075,2023,All Issues (Census),1,7904722,2,2,7904722,7904722
40077,2011,Payment Months (Type 3),1,1271839,3,3,2543678,2543678
40077,2011,All Issues (Census),1,1271839,3,3,2543678,2543678
40077,2022,Payment Months (Type 3),1,2173768,1.25,1.25,543442,543442
40077,2022,All Issues (Census),1,2173768,1.25,1.25,543442,543442
40079,2011,Payment Months (Type 3),3,4154945.12,1.5,3,2077472.56,8309890.24
40079,2011,All Issues (Census),3,4154945.12,1.5,3,2077472.56,8309890.24
40081,2011,Payment Months (Type 3),4,3240548,1.5,3,1620274,6481096
40081,2011,All Issues (Census),4,3240548,1.5,3,1620274,6481096
40081,2013,Payment Months (Type 3),1,7288479,1.25,1.25,1822119.75,1822119.75
40081,2013,All Issues (Census),1,7288479,1.25,1.25,1822119.75,1822119.75
40081,2022,Payment Months (Type 3),1,5528234,1.25,1.25,1382058.5,1382058.5
40081,2022,All Issues (Census),1,5528234,1.25,1.25,1382058.5,1382058.5
40081,2023,Payment Months (Type 3),2,3467386,1.25,2,866846.5,3467386
40081,2023,All Issues (Census),2,3467386,1.25,2,866846.5,3467386
40083,2011,Payment Months (Type 3),3,938139.16,1.5,3,469069.58,1876278.32
40083,2011,All Issues (Census),3,938139.16,1.5,3,469069.58,1876278.32
40083,2012,Payment Months (Type 3),1,3550809,1.25,1.25,887702.25,887702.25
40083,2012,All Issues (Census),1,3550809,1.25,1.25,887702.25,887702.25
40083,2013,Payment Months (Type 3),1,3686726.24,1.25,1.25,921681.56,921681.56
40083,2013,All Issues (Census),1,3686726.24,1.25,1.25,921681.56,921681.56
40083,2022,Payment Months (Type 3),1,3587277,2,2,3587277,3587277
40083,2022,All Issues (Census),1,3587277,2,2,3587277,3587277
40083,2023,Payment Months (Type 3),1,3388660,2,2,3388660,3388660
40083,2023,All Issues (Census),1,3388660,2,2,3388660,3388660
40085,2011,Payment Months (Type 3),4,1460673,1.5,3,730336.5,2921346
40085,2011,All Issues (Census),4,1460673,1.5,3,730336.5,2921346
40085,2022,Payment Months (Type 3),1,2177765,2,2,2177765,2177765
40085,2022,All Issues (Census),1,2177765,2,2,2177765,2177765
40087,2011,Payment Months (Type 3),4,2090421.3,1.5,3,1045210.65,4180842.6
40087,2011,All Issues (Census),4,2090421.3,1.5,3,1045210.65,4180842.6
40087,2012,Payment Months (Type 3),1,4174473.21,1.25,1.25,1043618.3,1043618.3
40087,2012,All Issues (Census),1,4174473.21,1.25,1.25,1043618.3,1043618.3
40087,2022,Payment Months (Type 3),1,3070398.49,1.5,1.5,1535199.25,1535199.25
40087,2022,All Issues (Census),1,3070398.49,1.5,1.5,1535199.25,1535199.25
40089,2011,Payment Months (Type 3),4,4415240,1.5,3,2207620,8830480
40089,2011,All Issues (Census),4,4415240,1.5,3,2207620,8830480
40089,2022,Payment Months (Type 3),1,3960555.21,1.5,1.5,1980277.6,1980277.6
40089,2022,All Issues (Census),1,3960555.21,1.5,1.5,1980277.6,1980277.6
40091,2011,Payment Months (Type 3),1,1879686,3,3,3759372,3759372
40091,2011,All Issues (Census),1,1879686,3,3,3759372,3759372
40091,2022,Payment Months (Type 3),1,2915740.77,1.25,1.25,728935.19,728935.19
40091,2022,All Issues (Census),1,2915740.77,1.25,1.25,728935.19,728935.19
40091,2023,Payment Months (Type 3),1,,1.25,1.25,,
40091,2023,All Issues (Census),1,,1.25,1.25,,
40093,2011,Payment Months (Type 3),1,1288339.85,3,3,2576679.7,2576679.7
40093,2011,All Issues (Census),1,1288339.85,3,3,2576679.7,2576679.7
40093,2012,Payment Months (Type 3),1,7584329.56,1.25,1.25,1896082.39,1896082.39
40093,2012,All Issues (Census),1,7584329.56,1.25,1.25,1896082.39,1896082.39
40093,2013,Payment Months (Type 3),1,7782150.39,1.25,1.25,1945537.6,1945537.6
40093,2013,All Issues (Census),1,7782150.39,1.25,1.25,1945537.6,1945537.6
40093,2022,Payment Months (Type 3),1,6761893,2,2,6761893,6761893
40093,2022,All Issues (Census),1,6761893,2,2,6761893,6761893
40093,2023,Payment Months (Type 3),1,7264469,2.5,2.5,10896703.5,10896703.5
40093,2023,All Issues (Census),1,7264469,2.5,2.5,10896703.5,10896703.5
40095,2011,Payment Months (Type 3),4,867081,1.5,3,433540.5,1734162
40095,2011,All Issues (Census),4,867081,1.5,3,433540.5,1734162
40095,2022,Payment Months (Type 3),1,1199026,2,2,1199026,1199026
40095,2022,All Issues (Census),1,1199026,2,2,1199026,1199026
40097,2022,Payment Months (Type 3),1,5943605,1.25,1.25,1485901.25,1485901.25
40097,2022,All Issues (Census),1,5943605,1.25,1.25,1485901.25,1485901.25
40097,2023,Payment Months (Type 3),1,149263,1.25,1.25,37315.75,37315.75
40097,2023,All Issues (Census),1,149263,1.25,1.25,37315.75,37315.75
40099,2011,Payment Months (Type 3),4,1787029,1.5,3,893514.5,3574058
40099,2011,All Issues (Census),4,1787029,1.5,3,893514.5,3574058
40099,2022,Payment Months (Type 3),2,2715274.54,1.25,2,678818.64,2715274.54
40099,2022,All Issues (Census),2,2715274.54,1.25,2,678818.64,2715274.54
40099,2023,Payment Months (Type 3),1,1939878,1.25,1.25,484969.5,484969.5
40099,2023,All Issues (Census),1,1939878,1.25,1.25,484969.5,484969.5
40101,2011,Payment Months (Type 3),1,4780227,3,3,9560454,9560454
40101,2011,All Issues (Census),1,4780227,3,3,9560454,9560454
40101,2022,Payment Months (Type 3),1,6143899,1.25,1.25,1535974.75,1535974.75
40101,2022,All Issues (Census),1,6143899,1.25,1.25,1535974.75,1535974.75
40103,2011,Payment Months (Type 3),1,559910,3,3,1119820,1119820
40103,2011,All Issues (Census),1,559910,3,3,1119820,1119820
40103,2012,Payment Months (Type 3),1,5415612,1.25,1.25,1353903,1353903
40103,2012,All Issues (Census),1,5415612,1.25,1.25,1353903,1353903
40103,2013,Payment Months (Type 3),1,4123293.77,1.25,1.25,1030823.44,1030823.44
40103,2013,All Issues (Census),1,4123293.77,1.25,1.25,1030823.44,1030823.44
40103,2022,Payment Months (Type 3),1,4622250,1.5,1.5,2311125,2311125
40103,2022,All Issues (Census),1,4622250,1.5,1.5,2311125,2311125
40103,2023,Payment Months (Type 3),2,5929387,1.25,2.5,1482346.75,8894080.5
40103,2023,All Issues (Census),2,5929387,1.25,2.5,1482346.75,8894080.5
40105,2011,Payment Months (Type 3),2,1687556,2,3,1687556,3375112
40105,2011,All Issues (Census),2,1687556,2,3,1687556,3375112
40105,2012,Payment Months (Type 3),1,5262520.8,1.25,1.25,1315630.2,1315630.2
40105,2012,All Issues (Census),1,5262520.8,1.25,1.25,1315630.2,1315630.2
40105,2013,Payment Months (Type 3),1,5440036,1.25,1.25,1360009,1360009
40105,2013,All Issues (Census),1,5440036,1.25,1.25,1360009,1360009
40105,2022,Payment Months (Type 3),1,4818799.39,1.25,1.25,1204699.85,1204699.85
40105,2022,All Issues (Census),1,4818799.39,1.25,1.25,1204699.85,1204699.85
40105,2023,Payment Months (Type 3),2,3440343.75,1.25,1.5,860085.94,1720171.88
40105,2023,All Issues (Census),2,3440343.75,1.25,1.5,860085.94,1720171.88
40107,2011,Payment Months (Type 3),4,2493263.63,1.5,3,1246631.81,4986527.26
40107,2011,All Issues (Census),4,2493263.63,1.5,3,1246631.81,4986527.26
40107,2013,Payment Months (Type 3),1,4561470,1.25,1.25,1140367.5,1140367.5
40107,2013,All Issues (Census),1,4561470,1.25,1.25,1140367.5,1140367.5
40107,2022,Payment Months (Type 3),1,3759088,1.25,1.25,939772,939772
40107,2022,All Issues (Census),1,3759088,1.25,1.25,939772,939772
40107,2023,Payment Months (Type 3),1,65422,1.25,1.25,16355.5,16355.5
40107,2023,All Issues (Census),1,65422,1.25,1.25,16355.5,16355.5
40109,2011,Payment Months (Type 3),4,301699,1.5,3,150849.5,603398
40109,2011,All Issues (Census),4,301699,1.5,3,150849.5,603398
40109,2012,Payment Months (Type 3),1,848484,1.25,1.25,212121,212121
40109,2012,All Issues (Census),1,848484,1.25,1.25,212121,212121
40109,2022,Payment Months (Type 3),1,560921,1.5,1.5,280460.5,280460.5
40109,2022,All Issues (Census),1,560921,1.5,1.5,280460.5,280460.5
40109,2023,Payment Months (Type 3),1,366072,2,2,366072,366072
40109,2023,All Issues (Census),1,366072,2,2,366072,366072
40111,2011,Payment Months (Type 3),1,2105758,3,3,4211516,4211516
40111,2011,All Issues (Census),1,2105758,3,3,4211516,4211516
40111,2013,Payment Months (Type 3),1,4492252,1.25,1.25,1123063,1123063
40111,2013,All Issues (Census),1,4492252,1.25,1.25,1123063,1123063
40111,2022,Payment Months (Type 3),1,3975697.48,1.25,1.25,993924.37,993924.37
40111,2022,All Issues (Census),1,3975697.48,1.25,1.25,993924.37,993924.37
40111,2023,Payment Months (Type 3),1,56789,1.25,1.25,14197.25,14197.25
40111,2023,All Issues (Census),1,56789,1.25,1.25,14197.25,14197.25
40113,2011,Payment Months (Type 3),1,3124270,3,3,6248540,6248540
40113,2011,All Issues (Census),1,3124270,3,3,6248540,6248540
40113,2012,Payment Months (Type 3),1,10070021,1.25,1.25,2517505.25,2517505.25
40113,2012,All Issues (Census),1,10070021,1.25,1.25,2517505.25,2517505.25
40113,2013,Payment Months (Type 3),1,9777005,1.25,1.25,2444251.25,2444251.25
40113,2013,All Issues (Census),1,9777005,1.25,1.25,2444251.25,2444251.25
40113,2015,Threshold (Type 2),1,4632231,3,3,9264462,9264462
40113,2015,All Issues (Census),1,4632231,3,3,9264462,9264462
40113,2022,Payment Months (Type 3),2,9046950,1.25,1.5,2261737.5,4523475
40113,2022,All Issues (Census),2,9046950,1.25,1.5,2261737.5,4523475
40113,2023,Payment Months (Type 3),2,10493900,1.25,2.5,2623475,15740850
40113,2023,All Issues (Census),2,10493900,1.25,2.5,2623475,15740850
40115,2012,Payment Months (Type 3),1,4633881,1.25,1.25,1158470.25,1158470.25
40115,2012,All Issues (Census),1,4633881,1.25,1.25,1158470.25,1158470.25
40115,2022,Payment Months (Type 3),1,4421602.79,1.25,1.25,1105400.7,1105400.7
40115,2022,All Issues (Census),1,4421602.79,1.25,1.25,1105400.7,1105400.7
40115,2023,Payment Months (Type 3),1,126693,1.25,1.25,31673.25,31673.25
40115,2023,All Issues (Census),1,126693,1.25,1.25,31673.25,31673.25
40117,2011,Payment Months (Type 3),1,767519,3,3,1535038,1535038
40117,2011,All Issues (Census),1,767519,3,3,1535038,1535038
40117,2012,Payment Months (Type 3),1,3825518,1.25,1.25,956379.5,956379.5
40117,2012,All Issues (Census),1,3825518,1.25,1.25,956379.5,956379.5
40117,2013,Payment Months (Type 3),1,1693639,1.25,1.25,423409.75,423409.75
40117,2013,All Issues (Census),1,1693639,1.25,1.25,423409.75,423409.75
40117,2022,Payment Months (Type 3),2,2746662,1.25,1.5,686665.5,1373331
40117,2022,All Issues (Census),2,2746662,1.25,1.5,686665.5,1373331
40117,2023,Payment Months (Type 3),2,3404583,1.25,2.5,851145.75,5106874.5
40117,2023,All Issues (Census),2,3404583,1.25,2.5,851145.75,5106874.5
40119,2011,Payment Months (Type 3),3,1553914,1.5,3,776957,3107828
40119,2011,All Issues (Census),3,1553914,1.5,3,776957,3107828
40119,2012,Payment Months (Type 3),1,4417419.52,1.25,1.25,1104354.88,1104354.88
40119,2012,All Issues (Census),1,4417419.52,1.25,1.25,1104354.88,1104354.88
40119,2013,Payment Months (Type 3),1,4478165,1.25,1.25,1119541.25,1119541.25
40119,2013,All Issues (Census),1,4478165,1.25,1.25,1119541.25,1119541.25
40119,2022,Payment Months (Type 3),1,3441266,1.5,1.5,1720633,1720633
40119,2022,All Issues (Census),1,3441266,1.5,1.5,1720633,1720633
40119,2023,Payment Months (Type 3),1,3239270.97,2,2,3239270.97,3239270.97
40119,2023,All Issues (Census),1,3239270.97,2,2,3239270.97,3239270.97
40121,2011,Payment Months (Type 3),3,3086885,1.5,3,1543442.5,6173770
40121,2011,All Issues (Census),3,3086885,1.5,3,1543442.5,6173770
40121,2022,Payment Months (Type 3),1,6230574,1.25,1.25,1557643.5,1557643.5
40121,2022,All Issues (Census),1,6230574,1.25,1.25,1557643.5,1557643.5
40121,2023,Payment Months (Type 3),1,5552141.03,1.25,1.25,1388035.26,1388035.26
40121,2023,All Issues (Census),1,5552141.03,1.25,1.25,1388035.26,1388035.26
40123,2011,Payment Months (Type 3),4,2859348,1.5,3,1429674,5718696
40123,2011,All Issues (Census),4,2859348,1.5,3,1429674,5718696
40123,2022,Payment Months (Type 3),2,4381191,1.25,1.5,1095297.75,2190595.5
40123,2022,All Issues (Census),2,4381191,1.25,1.5,1095297.75,2190595.5
40123,2023,Payment Months (Type 3),1,3201135,1.25,1.25,800283.75,800283.75
40123,2023,All Issues (Census),1,3201135,1.25,1.25,800283.75,800283.75
40125,2011,Payment Months (Type 3),4,2078386,1.5,3,1039193,4156772
40125,2011,All Issues (Census),4,2078386,1.5,3,1039193,4156772
40125,2022,Payment Months (Type 3),1,3632965,1.25,1.25,908241.25,908241.25
40125,2022,All Issues (Census),1,3632965,1.25,1.25,908241.25,908241.25
40125,2023,Payment Months (Type 3),1,105995,1.25,1.25,26498.75,26498.75
40125,2023,All Issues (Census),1,105995,1.25,1.25,26498.75,26498.75
40127,2011,Payment Months (Type 3),4,2158897.73,1.5,3,1079448.86,4317795.46
40127,2011,All Issues (Census),4,2158897.73,1.5,3,1079448.86,4317795.46
40127,2022,Payment Months (Type 3),2,2344229.1,1.25,1.5,586057.28,1172114.55
40127,2022,All Issues (Census),2,2344229.1,1.25,1.5,586057.28,1172114.55
40129,2011,Payment Months (Type 3),1,2362240,3,3,4724480,4724480
40129,2011,All Issues (Census),1,2362240,3,3,4724480,4724480
40129,2012,Payment Months (Type 3),1,5576216.99,1.25,1.25,1394054.25,1394054.25
40129,2012,All Issues (Census),1,5576216.99,1.25,1.25,1394054.25,1394054.25
40129,2013,Payment Months (Type 3),1,6597586,1.25,1.25,1649396.5,1649396.5
40129,2013,All Issues (Census),1,6597586,1.25,1.25,1649396.5,1649396.5
40129,2014,Payment Months (Type 3),1,5857373,1.25,1.25,1464343.25,1464343.25
40129,2014,All Issues (Census),1,5857373,1.25,1.25,1464343.25,1464343.25
40129,2022,Payment Months (Type 3),1,6780035,2,2,6780035,6780035
40129,2022,All Issues (Census),1,6780035,2,2,6780035,6780035
40129,2023,Payment Months (Type 3),1,7603839,2,2,7603839,7603839
40129,2023,All Issues (Census),1,7603839,2,2,7603839,7603839
40131,2011,Payment Months (Type 3),1,2941315.91,3,3,5882631.82,5882631.82
40131,2011,All Issues (Census),1,2941315.91,3,3,5882631.82,5882631.82
40131,2012,Payment Months (Type 3),1,6072933.27,1.25,1.25,1518233.32,1518233.32
40131,2012,All Issues (Census),1,6072933.27,1.25,1.25,1518233.32,1518233.32
40131,2013,Payment Months (Type 3),1,6296565.35,1.25,1.25,1574141.34,1574141.34
40131,2013,All Issues (Census),1,6296565.35,1.25,1.25,1574141.34,1574141.34
40131,2022,Payment Months (Type 3),1,4444593,1.25,1.25,1111148.25,1111148.25
40131,2022,All Issues (Census),1,4444593,1.25,1.25,1111148.25,1111148.25
40131,2023,Payment Months (Type 3),1,27714,1.25,1.25,6928.5,6928.5
40131,2023,All Issues (Census),1,27714,1.25,1.25,6928.5,6928.5
40133,2011,Payment Months (Type 3),4,1780913,1.5,3,890456.5,3561826
40133,2011,All Issues (Census),4,1780913,1.5,3,890456.5,3561826
40133,2022,Payment Months (Type 3),1,2821515,1.25,1.25,705378.75,705378.75
40133,2022,All Issues (Census),1,2821515,1.25,1.25,705378.75,705378.75
40133,2023,Payment Months (Type 3),1,1525423,1.25,1.25,381355.75,381355.75
40133,2023,All Issues (Census),1,1525423,1.25,1.25,381355.75,381355.75
40137,2011,Payment Months (Type 3),2,3186079.64,1.5,3,1593039.82,6372159.28
40137,2011,All Issues (Census),2,3186079.64,1.5,3,1593039.82,6372159.28
40137,2012,Payment Months (Type 3),1,6384466,1.25,1.25,1596116.5,1596116.5
40137,2012,All Issues (Census),1,6384466,1.25,1.25,1596116.5,1596116.5
40137,2014,Payment Months (Type 3),1,6470551,1.25,1.25,1617637.75,1617637.75
40137,2014,All Issues (Census),1,6470551,1.25,1.25,1617637.75,1617637.75
40137,2022,Payment Months (Type 3),1,5480005,2,2,5480005,5480005
40137,2022,All Issues (Census),1,5480005,2,2,5480005,5480005
40139,2011,Payment Months (Type 3),1,451901,3,3,903802,903802
40139,2011,All Issues (Census),1,451901,3,3,903802,903802
40139,2012,Payment Months (Type 3),2,3029275,1.25,1.25,757318.75,757318.75
40139,2012,All Issues (Census),2,3029275,1.25,1.25,757318.75,757318.75
40139,2013,Payment Months (Type 3),2,2985260,1.25,1.25,746315,746315
40139,2013,All Issues (Census),2,2985260,1.25,1.25,746315,746315
40139,2014,Payment Months (Type 3),1,2955484,1.25,1.25,738871,738871
40139,2014,All Issues (Census),1,2955484,1.25,1.25,738871,738871
40139,2022,Payment Months (Type 3),3,2881760,1.25,2.5,720440,4322640
40139,2022,All Issues (Census),3,2881760,1.25,2.5,720440,4322640
40139,2023,Payment Months (Type 3),2,3406708.7,1.25,2.5,851677.18,5110063.05
40139,2023,All Issues (Census),2,3406708.7,1.25,2.5,851677.18,5110063.05
40141,2011,Payment Months (Type 3),3,2509885,1.5,3,1254942.5,5019770
40141,2011,All Issues (Census),3,2509885,1.5,3,1254942.5,5019770
40141,2012,Payment Months (Type 3),2,4474026,1.25,1.25,1118506.5,1118506.5
40141,2012,All Issues (Census),2,4474026,1.25,1.25,1118506.5,1118506.5
40141,2013,Payment Months (Type 3),2,5114231,1.25,1.25,1278557.75,1278557.75
40141,2013,All Issues (Census),2,5114231,1.25,1.25,1278557.75,1278557.75
40141,2014,Payment Months (Type 3),2,4300357,1.25,1.25,1075089.25,1075089.25
40141,2014,All Issues (Census),2,4300357,1.25,1.25,1075089.25,1075089.25
40141,2015,Payment Months (Type 3),1,3119530,1.25,1.25,779882.5,779882.5
40141,2015,All Issues (Census),1,3119530,1.25,1.25,779882.5,779882.5
40141,2022,Threshold (Type 2),2,4560837,1.25,1.25,1140209.25,1140209.25
40141,2022,Payment Months (Type 3),1,4560837,2.5,2.5,6841255.5,6841255.5
40141,2022,All Issues (Census),1,4560837,2.5,2.5,6841255.5,6841255.5
40141,2023,Payment Months (Type 3),1,5525978,2,2,5525978,5525978
40141,2023,All Issues (Census),1,5525978,2,2,5525978,5525978
40143,2011,Payment Months (Type 3),1,541257,3,3,1082514,1082514
40143,2011,All Issues (Census),1,541257,3,3,1082514,1082514
40143,2012,Threshold (Type 2),2,1241234,1.25,1.25,310308.5,310308.5
40143,2012,Payment Months (Type 3),1,1241234,1.25,1.25,310308.5,310308.5
40143,2012,All Issues (Census),1,1241234,1.25,1.25,310308.5,310308.5
40143,2013,Payment Months (Type 3),1,1344593,1.25,1.25,336148.25,336148.25
40143,2013,All Issues (Census),1,1344593,1.25,1.25,336148.25,336148.25
40143,2022,Payment Months (Type 3),1,828815,1.25,1.25,207203.75,207203.75
40143,2022,All Issues (Census),1,828815,1.25,1.25,207203.75,207203.75
40143,2023,Payment Months (Type 3),1,,1.25,1.25,,
40143,2023,All Issues (Census),1,,1.25,1.25,,
40145,2011,Payment Months (Type 3),1,1484933,3,3,2969866,2969866
40145,2011,All Issues (Census),1,1484933,3,3,2969866,2969866
40145,2022,Payment Months (Type 3),1,2813305,1.25,1.25,703326.25,703326.25
40145,2022,All Issues (Census),1,2813305,1.25,1.25,703326.25,703326.25
40145,2023,Payment Months (Type 3),1,124578,1.25,1.25,31144.5,31144.5
40145,2023,All Issues (Census),1,124578,1.25,1.25,31144.5,31144.5
40147,2011,Payment Months (Type 3),2,1058456,1.5,3,529228,2116912
40147,2011,All Issues (Census),2,1058456,1.5,3,529228,2116912
40147,2012,Boundary (Type 1),2,2837228,1.3333333333333333,1.3333333333333333,945742.67,945742.67
40147,2012,Payment Months (Type 3),1,2837228,1.25,1.25,709307,709307
40147,2012,All Issues (Census),3,2837228,1.25,1.3333333333333333,709307,945742.67
40147,2013,Payment Months (Type 3),1,2994073,1.25,1.25,748518.25,748518.25
40147,2013,All Issues (Census),1,2994073,1.25,1.25,748518.25,748518.25
40147,2022,Payment Months (Type 3),2,2231722.15,1.25,1.5,557930.54,1115861.07
40147,2022,All Issues (Census),2,2231722.15,1.25,1.5,557930.54,1115861.07
40147,2023,Payment Months (Type 3),2,1827981.89,1.25,2,456995.47,1827981.89
40147,2023,All Issues (Census),2,1827981.89,1.25,2,456995.47,1827981.89
40149,2011,Payment Months (Type 3),2,3738626,1.5,3,1869313,7477252
40149,2011,All Issues (Census),2,3738626,1.5,3,1869313,7477252
40149,2012,Payment Months (Type 3),1,9098240.07,1.25,1.25,2274560.02,2274560.02
40149,2012,All Issues (Census),1,9098240.07,1.25,1.25,2274560.02,2274560.02
40149,2013,Payment Months (Type 3),1,9708441.07,1.25,1.25,2427110.27,2427110.27
40149,2013,All Issues (Census),1,9708441.07,1.25,1.25,2427110.27,2427110.27
40149,2022,Payment Months (Type 3),1,9671370,2.5,2.5,14507055,14507055
40149,2022,All Issues (Census),1,9671370,2.5,2.5,14507055,14507055
40149,2023,Payment Months (Type 3),1,11351178,2,2,11351178,11351178
40149,2023,All Issues (Census),1,11351178,2,2,11351178,11351178
40151,2011,Payment Months (Type 3),1,2041116.76,3,3,4082233.52,4082233.52
40151,2011,All Issues (Census),1,2041116.76,3,3,4082233.52,4082233.52
40151,2012,Payment Months (Type 3),1,9639933.68,1.25,1.25,2409983.42,2409983.42
40151,2012,All Issues (Census),1,9639933.68,1.25,1.25,2409983.42,2409983.42
40151,2013,Payment Months (Type 3),1,9441375,1.25,1.25,2360343.75,2360343.75
40151,2013,All Issues (Census),1,9441375,1.25,1.25,2360343.75,2360343.75
40151,2022,Payment Months (Type 3),1,9222676,2,2,9222676,9222676
40151,2022,All Issues (Census),1,9222676,2,2,9222676,9222676
40151,2023,Payment Months (Type 3),2,10255781,1.25,2.5,2563945.25,15383671.5
40151,2023,All Issues (Census),2,10255781,1.25,2.5,2563945.25,15383671.5
40153,2011,Payment Months (Type 3),1,1888821.03,3,3,3777642.06,3777642.06
40153,2011,All Issues (Census),1,1888821.03,3,3,3777642.06,3777642.06
40153,2012,Payment Months (Type 3),1,7878875,1.25,1.25,1969718.75,1969718.75
40153,2012,All Issues (Census),1,7878875,1.25,1.25,1969718.75,1969718.75
40153,2013,Payment Months (Type 3),1,7806546.1,1.25,1.25,1951636.52,1951636.52
40153,2013,All Issues (Census),1,7806546.1,1.25,1.25,1951636.52,1951636.52
40153,2014,Payment Months (Type 3),1,7661626,1.25,1.25,1915406.5,1915406.5
40153,2014,All Issues (Census),1,7661626,1.25,1.25,1915406.5,1915406.5
40153,2015,Payment Months (Type 3),1,5193203,1.25,1.25,1298300.75,1298300.75
40153,2015,All Issues (Census),1,5193203,1.25,1.25,1298300.75,1298300.75
40153,2022,Payment Months (Type 3),1,8184763,2,2,8184763,8184763
40153,2022,All Issues (Census),1,8184763,2,2,8184763,8184763
40153,2023,Payment Months (Type 3),2,9582833.63,1.25,2.5,2395708.41,14374250.45
40153,2023,All Issues (Census),2,9582833.63,1.25,2.5,2395708.41,14374250.45
41017,2021,Payment Months (Type 3),1,166735,1.25,1.25,41683.75,41683.75
41017,2021,All Issues (Census),1,166735,1.25,1.25,41683.75,41683.75
41017,2022,Payment Months (Type 3),1,217882,1.25,1.25,54470.5,54470.5
41017,2022,All Issues (Census),1,217882,1.25,1.25,54470.5,54470.5
41023,2014,Payment Months (Type 3),1,2119998.98,1.3333333333333333,1.3333333333333333,706666.33,706666.33
41023,2014,All Issues (Census),1,2119998.98,1.3333333333333333,1.3333333333333333,706666.33,706666.33
41023,2015,Payment Months (Type 3),1,1947781,1.3333333333333333,1.3333333333333333,649260.33,649260.33
41023,2015,All Issues (Census),1,1947781,1.3333333333333333,1.3333333333333333,649260.33,649260.33
41023,2021,Payment Months (Type 3),1,2747433,1.6666666666666667,1.6666666666666667,1831622,1831622
41023,2021,All Issues (Census),1,2747433,1.6666666666666667,1.6666666666666667,1831622,1831622
41023,2022,Payment Months (Type 3),1,3560770,1.3333333333333333,1.3333333333333333,1186923.33,1186923.33
41023,2022,All Issues (Census),1,3560770,1.3333333333333333,1.3333333333333333,1186923.33,1186923.33
41025,2014,Payment Months (Type 3),1,5418155,1.3333333333333333,1.3333333333333333,1806051.67,1806051.67
41025,2014,All Issues (Census),1,5418155,1.3333333333333333,1.3333333333333333,1806051.67,1806051.67
41025,2015,Payment Months (Type 3),1,4739115,1.3333333333333333,1.3333333333333333,1579705,1579705
41025,2015,All Issues (Census),1,4739115,1.3333333333333333,1.3333333333333333,1579705,1579705
41025,2020,Payment Months (Type 3),1,4381579,1.3333333333333333,1.3333333333333333,1460526.33,1460526.33
41025,2020,All Issues (Census),1,4381579,1.3333333333333333,1.3333333333333333,1460526.33,1460526.33
41025,2021,Payment Months (Type 3),1,5378464,1.6666666666666667,1.6666666666666667,3585642.67,3585642.67
41025,2021,All Issues (Census),1,5378464,1.6666666666666667,1.6666666666666667,3585642.67,3585642.67
41025,2022,Payment Months (Type 3),1,7730528,1.3333333333333333,1.3333333333333333,2576842.67,2576842.67
41025,2022,All Issues (Census),1,7730528,1.3333333333333333,1.3333333333333333,2576842.67,2576842.67
41029,2015,Payment Months (Type 3),1,108220,2,2,108220,108220
41029,2015,All Issues (Census),1,108220,2,2,108220,108220
41031,2021,Payment Months (Type 3),1,1178065,1.25,1.25,294516.25,294516.25
41031,2021,All Issues (Census),1,1178065,1.25,1.25,294516.25,294516.25
41031,2022,Payment Months (Type 3),1,1294419,1.25,1.25,323604.75,323604.75
41031,2022,All Issues (Census),1,1294419,1.25,1.25,323604.75,323604.75
41035,2021,Payment Months (Type 3),1,3777415.32,1.25,1.25,944353.83,944353.83
41035,2021,All Issues (Census),1,3777415.32,1.25,1.25,944353.83,944353.83
41037,2014,Payment Months (Type 3),1,3543478,1.3333333333333333,1.3333333333333333,1181159.33,1181159.33
41037,2014,All Issues (Census),1,3543478,1.3333333333333333,1.3333333333333333,1181159.33,1181159.33
41037,2015,Payment Months (Type 3),1,2859745,1.3333333333333333,1.3333333333333333,953248.33,953248.33
41037,2015,All Issues (Census),1,2859745,1.3333333333333333,1.3333333333333333,953248.33,953248.33
41037,2018,Payment Months (Type 3),1,2446510,1.3333333333333333,1.3333333333333333,815503.33,815503.33
41037,2018,All Issues (Census),1,2446510,1.3333333333333333,1.3333333333333333,815503.33,815503.33
41037,2020,Payment Months (Type 3),1,2832327,1.3333333333333333,1.3333333333333333,944109,944109
41037,2020,All Issues (Census),1,2832327,1.3333333333333333,1.3333333333333333,944109,944109
41037,2021,Payment Months (Type 3),1,4118349,1.6666666666666667,1.6666666666666667,2745566,2745566
41037,2021,All Issues (Census),1,4118349,1.6666666666666667,1.6666666666666667,2745566,2745566
41037,2022,Payment Months (Type 3),1,4622262.17,1.3333333333333333,1.3333333333333333,1540754.06,1540754.06
41037,2022,All Issues (Census),1,4622262.17,1.3333333333333333,1.3333333333333333,1540754.06,1540754.06
41043,2021,Payment Months (Type 3),1,738301,2,2,738301,738301
41043,2021,All Issues (Census),1,738301,2,2,738301,738301
41045,2014,Payment Months (Type 3),1,8010714.88,4,4,24032144.64,24032144.64
41045,2014,All Issues (Census),1,8010714.88,4,4,24032144.64,24032144.64
41045,2015,Payment Months (Type 3),1,6388774,4,4,19166322,19166322
41045,2015,All Issues (Census),1,6388774,4,4,19166322,19166322
41045,2022,Payment Months (Type 3),1,7882528,4,4,23647584,23647584
41045,2022,All Issues (Census),1,7882528,4,4,23647584,23647584
41049,2022,Threshold (Type 2),3,1573874.37,1.3333333333333333,1.3333333333333333,524624.79,524624.79
41049,2022,All Issues (Census),3,1573874.37,1.3333333333333333,1.3333333333333333,524624.79,524624.79
41055,2022,Payment Months (Type 3),1,153487,1.25,1.25,38371.75,38371.75
41055,2022,All Issues (Census),1,153487,1.25,1.25,38371.75,38371.75
41059,2020,Payment Months (Type 3),1,601281,1.5,1.5,300640.5,300640.5
41059,2020,All Issues (Census),1,601281,1.5,1.5,300640.5,300640.5
41059,2021,Payment Months (Type 3),1,1459734,1.5,1.5,729867,729867
41059,2021,All Issues (Census),1,1459734,1.5,1.5,729867,729867
41059,2022,Payment Months (Type 3),1,1172712.98,1.5,1.5,586356.49,586356.49
41059,2022,All Issues (Census),1,1172712.98,1.5,1.5,586356.49,586356.49
41063,2021,Payment Months (Type 3),1,1671959,4,4,5015877,5015877
41063,2021,All Issues (Census),1,1671959,4,4,5015877,5015877
45001,2011,Payment Months (Type 3),2,336167,3,3,672334,672334
45001,2011,All Issues (Census),2,336167,3,3,672334,672334
45003,2011,Payment Months (Type 3),2,87514.14,3,3,175028.28,175028.28
45003,2011,All Issues (Census),2,87514.14,3,3,175028.28,175028.28
45005,2011,Payment Months (Type 3),2,36209,3,3,72418,72418
45005,2011,All Issues (Census),2,36209,3,3,72418,72418
45007,2011,Payment Months (Type 3),3,214219,1.5,3,107109.5,428438
45007,2011,All Issues (Census),3,214219,1.5,3,107109.5,428438
45009,2011,Payment Months (Type 3),2,17535,3,3,35070,35070
45009,2011,All Issues (Census),2,17535,3,3,35070,35070
45011,2011,Payment Months (Type 3),2,154542.58,3,3,309085.16,309085.16
45011,2011,All Issues (Census),2,154542.58,3,3,309085.16,309085.16
45013,2011,Payment Months (Type 3),2,,3,3,,
45013,2011,All Issues (Census),2,,3,3,,
45019,2011,Payment Months (Type 3),2,,3,3,,
45019,2011,All Issues (Census),2,,3,3,,
45021,2011,Payment Months (Type 3),2,47546,2,2,47546,47546
45021,2011,All Issues (Census),2,47546,2,2,47546,47546
45029,2011,Payment Months (Type 3),2,12484,3,3,24968,24968
45029,2011,All Issues (Census),2,12484,3,3,24968,24968
45037,2011,Payment Months (Type 3),2,153854.99,3,3,307709.98,307709.98
45037,2011,All Issues (Census),2,153854.99,3,3,307709.98,307709.98
45045,2011,Payment Months (Type 3),3,55332,1.5,3,27666,110664
45045,2011,All Issues (Census),3,55332,1.5,3,27666,110664
45047,2011,Payment Months (Type 3),3,59473,1.5,3,29736.5,118946
45047,2011,All Issues (Census),3,59473,1.5,3,29736.5,118946
45049,2011,Payment Months (Type 3),2,2022,3,3,4044,4044
45049,2011,All Issues (Census),2,2022,3,3,4044,4044
45053,2011,Payment Months (Type 3),2,,3,3,,
45053,2011,All Issues (Census),2,,3,3,,
45059,2011,Payment Months (Type 3),3,285393,1.5,3,142696.5,570786
45059,2011,All Issues (Census),3,285393,1.5,3,142696.5,570786
45065,2011,Payment Months (Type 3),2,58921,3,3,117842,117842
45065,2011,All Issues (Census),2,58921,3,3,117842,117842
45071,2011,Payment Months (Type 3),3,206193,1.5,3,103096.5,412386
45071,2011,All Issues (Census),3,206193,1.5,3,103096.5,412386
45073,2011,Payment Months (Type 3),3,160799,1.5,3,80399.5,321598
45073,2011,All Issues (Census),3,160799,1.5,3,80399.5,321598
45073,2017,Boundary (Type 1),1,410394,1.25,1.25,102598.5,102598.5
45073,2017,All Issues (Census),1,410394,1.25,1.25,102598.5,102598.5
45077,2011,Payment Months (Type 3),3,40686,1.5,3,20343,81372
45077,2011,All Issues (Census),3,40686,1.5,3,20343,81372
45077,2024,Threshold (Type 2),1,146489,1.3333333333333333,1.3333333333333333,48829.67,48829.67
45077,2024,All Issues (Census),1,146489,1.3333333333333333,1.3333333333333333,48829.67,48829.67
45081,2011,Payment Months (Type 3),3,262862.27,1.5,3,131431.14,525724.54
45081,2011,All Issues (Census),3,262862.27,1.5,3,131431.14,525724.54
45083,2011,Payment Months (Type 3),3,121422,1.5,3,60711,242844
45083,2011,All Issues (Census),3,121422,1.5,3,60711,242844
45087,2011,Payment Months (Type 3),3,88489,1.5,3,44244.5,176978
45087,2011,All Issues (Census),3,88489,1.5,3,44244.5,176978
46003,2012,Payment Months (Type 3),1,2439220.5,1.5,1.5,1219610.25,1219610.25
46003,2012,All Issues (Census),1,2439220.5,1.5,1.5,1219610.25,1219610.25
46003,2017,Payment Months (Type 3),1,981792.03,1.5,1.5,490896.02,490896.02
46003,2017,All Issues (Census),1,981792.03,1.5,1.5,490896.02,490896.02
46003,2021,Payment Months (Type 3),1,1432657,2,2,1432657,1432657
46003,2021,All Issues (Census),1,1432657,2,2,1432657,1432657
46005,2021,Payment Months (Type 3),1,2290048,2,2,2290048,2290048
46005,2021,All Issues (Census),1,2290048,2,2,2290048,2290048
46007,2012,Payment Months (Type 3),1,3956714,2,2,3956714,3956714
46007,2012,All Issues (Census),1,3956714,2,2,3956714,3956714
46009,2012,Payment Months (Type 3),1,1701588,2,2,1701588,1701588
46009,2012,All Issues (Census),1,1701588,2,2,1701588,1701588
46009,2021,Payment Months (Type 3),1,779923,1.5,1.5,389961.5,389961.5
46009,2021,All Issues (Census),1,779923,1.5,1.5,389961.5,389961.5
46009,2022,Payment Months (Type 3),1,1005297,2,2,1005297,1005297
46009,2022,All Issues (Census),1,1005297,2,2,1005297,1005297
46011,2021,Payment Months (Type 3),1,849302,2,2,849302,849302
46011,2021,All Issues (Census),1,849302,2,2,849302,849302
46013,2021,Payment Months (Type 3),1,1291635,2,2,1291635,1291635
46013,2021,All Issues (Census),1,1291635,2,2,1291635,1291635
46015,2012,Payment Months (Type 3),1,4028030,1.5,1.5,2014015,2014015
46015,2012,All Issues (Census),1,4028030,1.5,1.5,2014015,2014015
46015,2017,Payment Months (Type 3),1,1696567,2,2,1696567,1696567
46015,2017,All Issues (Census),1,1696567,2,2,1696567,1696567
46015,2021,Payment Months (Type 3),1,1950792,2,2,1950792,1950792
46015,2021,All Issues (Census),1,1950792,2,2,1950792,1950792
46017,2012,Payment Months (Type 3),1,1649168.84,1.5,1.5,824584.42,824584.42
46017,2012,All Issues (Census),1,1649168.84,1.5,1.5,824584.42,824584.42
46017,2017,Payment Months (Type 3),1,782610,1.5,1.5,391305,391305
46017,2017,All Issues (Census),1,782610,1.5,1.5,391305,391305
46017,2021,Payment Months (Type 3),1,1088360,2,2,1088360,1088360
46017,2021,All Issues (Census),1,1088360,2,2,1088360,1088360
46019,2012,Payment Months (Type 3),1,4997244,2,2,4997244,4997244
46019,2012,All Issues (Census),1,4997244,2,2,4997244,4997244
46019,2016,Payment Months (Type 3),1,3944694,2,2,3944694,3944694
46019,2016,All Issues (Census),1,3944694,2,2,3944694,3944694
46019,2021,Payment Months (Type 3),1,4630738,2,2,4630738,4630738
46019,2021,All Issues (Census),1,4630738,2,2,4630738,4630738
46019,2024,Payment Months (Type 3),1,5297152,1.5,1.5,2648576,2648576
46019,2024,All Issues (Census),1,5297152,1.5,1.5,2648576,2648576
46021,2017,Payment Months (Type 3),1,1248183,2,2,1248183,1248183
46021,2017,All Issues (Census),1,1248183,2,2,1248183,1248183
46021,2021,Payment Months (Type 3),1,1541537,2,2,1541537,1541537
46021,2021,All Issues (Census),1,1541537,2,2,1541537,1541537
46023,2012,Payment Months (Type 3),1,3855669,2,2,3855669,3855669
46023,2012,All Issues (Census),1,3855669,2,2,3855669,3855669
46023,2017,Payment Months (Type 3),1,1331463,1.5,1.5,665731.5,665731.5
46023,2017,All Issues (Census),1,1331463,1.5,1.5,665731.5,665731.5
46023,2021,Payment Months (Type 3),1,2139453,2,2,2139453,2139453
46023,2021,All Issues (Census),1,2139453,2,2,2139453,2139453
46023,2022,Payment Months (Type 3),1,3149044,2,2,3149044,3149044
46023,2022,All Issues (Census),1,3149044,2,2,3149044,3149044
46023,2023,Payment Months (Type 3),1,3283756.65,1.5,1.5,1641878.32,1641878.32
46023,2023,All Issues (Census),1,3283756.65,1.5,1.5,1641878.32,1641878.32
46027,2012,Payment Months (Type 3),1,368962,2,2,368962,368962
46027,2012,All Issues (Census),1,368962,2,2,368962,368962
46027,2021,Payment Months (Type 3),1,112060.5,1.5,1.5,56030.25,56030.25
46027,2021,All Issues (Census),1,112060.5,1.5,1.5,56030.25,56030.25
46027,2022,Payment Months (Type 3),1,220472,2,2,220472,220472
46027,2022,All Issues (Census),1,220472,2,2,220472,220472
46031,2017,Payment Months (Type 3),1,4135134,2,2,4135134,4135134
46031,2017,All Issues (Census),1,4135134,2,2,4135134,4135134
46031,2021,Payment Months (Type 3),1,4933374,2,2,4933374,4933374
46031,2021,All Issues (Census),1,4933374,2,2,4933374,4933374
46033,2012,Payment Months (Type 3),1,2963519,2,2,2963519,2963519
46033,2012,All Issues (Census),1,2963519,2,2,2963519,2963519
46033,2016,Payment Months (Type 3),1,1540096,2,2,1540096,1540096
46033,2016,All Issues (Census),1,1540096,2,2,1540096,1540096
46033,2024,Payment Months (Type 3),1,2421655,2,2,2421655,2421655
46033,2024,All Issues (Census),1,2421655,2,2,2421655,2421655
46035,2012,Payment Months (Type 3),1,1177168,2,2,1177168,1177168
46035,2012,All Issues (Census),1,1177168,2,2,1177168,1177168
46035,2021,Payment Months (Type 3),1,675529,2,2,675529,675529
46035,2021,All Issues (Census),1,675529,2,2,675529,675529
46041,2012,Payment Months (Type 3),1,6424364,1.5,1.5,3212182,3212182
46041,2012,All Issues (Census),1,6424364,1.5,1.5,3212182,3212182
46041,2017,Payment Months (Type 3),1,3924330.57,1.5,1.5,1962165.28,1962165.28
46041,2017,All Issues (Census),1,3924330.57,1.5,1.5,1962165.28,1962165.28
46041,2021,Payment Months (Type 3),1,4548235,2,2,4548235,4548235
46041,2021,All Issues (Census),1,4548235,2,2,4548235,4548235
46041,2022,Payment Months (Type 3),1,6482946,2,2,6482946,6482946
46041,2022,All Issues (Census),1,6482946,2,2,6482946,6482946
46043,2012,Payment Months (Type 3),1,1129311,2,2,1129311,1129311
46043,2012,All Issues (Census),1,1129311,2,2,1129311,1129311
46043,2021,Payment Months (Type 3),1,524256,1.5,1.5,262128,262128
46043,2021,All Issues (Census),1,524256,1.5,1.5,262128,262128
46045,2017,Payment Months (Type 3),1,1588566,1.5,1.5,794283,794283
46045,2017,All Issues (Census),1,1588566,1.5,1.5,794283,794283
46045,2021,Payment Months (Type 3),1,1975303,2,2,1975303,1975303
46045,2021,All Issues (Census),1,1975303,2,2,1975303,1975303
46047,2012,Payment Months (Type 3),1,5834512,2,2,5834512,5834512
46047,2012,All Issues (Census),1,5834512,2,2,5834512,5834512
46047,2013,Payment Months (Type 3),1,4620389,2,2,4620389,4620389
46047,2013,All Issues (Census),1,4620389,2,2,4620389,4620389
46049,2017,Payment Months (Type 3),1,1372295,1.5,1.5,686147.5,686147.5
46049,2017,All Issues (Census),1,1372295,1.5,1.5,686147.5,686147.5
46049,2021,Payment Months (Type 3),1,1817429,2,2,1817429,1817429
46049,2021,All Issues (Census),1,1817429,2,2,1817429,1817429
46053,2012,Payment Months (Type 3),1,6692096,2,2,6692096,6692096
46053,2012,All Issues (Census),1,6692096,2,2,6692096,6692096
46053,2017,Payment Months (Type 3),1,1908172,1.5,1.5,954086,954086
46053,2017,All Issues (Census),1,1908172,1.5,1.5,954086,954086
46053,2021,Payment Months (Type 3),1,3045669,2,2,3045669,3045669
46053,2021,All Issues (Census),1,3045669,2,2,3045669,3045669
46053,2023,Threshold (Type 2),3,4083375,1.3333333333333333,1.3333333333333333,1361125,1361125
46053,2023,All Issues (Census),3,4083375,1.3333333333333333,1.3333333333333333,1361125,1361125
46055,2012,Payment Months (Type 3),1,8176400,2,2,8176400,8176400
46055,2012,All Issues (Census),1,8176400,2,2,8176400,8176400
46055,2017,Payment Months (Type 3),1,3727840,2,2,3727840,3727840
46055,2017,All Issues (Census),1,3727840,2,2,3727840,3727840
46055,2021,Payment Months (Type 3),1,4474412,2,2,4474412,4474412
46055,2021,All Issues (Census),1,4474412,2,2,4474412,4474412
46055,2022,Payment Months (Type 3),1,7372866,2,2,7372866,7372866
46055,2022,All Issues (Census),1,7372866,2,2,7372866,7372866
46059,2012,Payment Months (Type 3),1,4895062,1.5,1.5,2447531,2447531
46059,2012,All Issues (Census),1,4895062,1.5,1.5,2447531,2447531
46059,2017,Payment Months (Type 3),1,2056605,1.5,1.5,1028302.5,1028302.5
46059,2017,All Issues (Census),1,2056605,1.5,1.5,1028302.5,1028302.5
46059,2021,Payment Months (Type 3),1,3125155,2,2,3125155,3125155
46059,2021,All Issues (Census),1,3125155,2,2,3125155,3125155
46061,2012,Payment Months (Type 3),1,867025.38,2,2,867025.38,867025.38
46061,2012,All Issues (Census),1,867025.38,2,2,867025.38,867025.38
46063,2016,Payment Months (Type 3),1,3110835,2,2,3110835,3110835
46063,2016,All Issues (Census),1,3110835,2,2,3110835,3110835
46063,2017,Payment Months (Type 3),1,2929827,2,2,2929827,2929827
46063,2017,All Issues (Census),1,2929827,2,2,2929827,2929827
46063,2021,Payment Months (Type 3),1,3986814,2,2,3986814,3986814
46063,2021,All Issues (Census),1,3986814,2,2,3986814,3986814
46063,2024,Payment Months (Type 3),1,4943081,2,2,4943081,4943081
46063,2024,All Issues (Census),1,4943081,2,2,4943081,4943081
46065,2012,Payment Months (Type 3),1,1350465,1.5,1.5,675232.5,675232.5
46065,2012,All Issues (Census),1,1350465,1.5,1.5,675232.5,675232.5
46065,2021,Payment Months (Type 3),1,687090,2,2,687090,687090
46065,2021,All Issues (Census),1,687090,2,2,687090,687090
46067,2012,Payment Months (Type 3),1,1960369,2,2,1960369,1960369
46067,2012,All Issues (Census),1,1960369,2,2,1960369,1960369
46067,2022,Payment Months (Type 3),1,1519015,2,2,1519015,1519015
46067,2022,All Issues (Census),1,1519015,2,2,1519015,1519015
46069,2012,Payment Months (Type 3),1,3635358,1.5,1.5,1817679,1817679
46069,2012,All Issues (Census),1,3635358,1.5,1.5,1817679,1817679
46069,2017,Payment Months (Type 3),1,2106674,1.5,1.5,1053337,1053337
46069,2017,All Issues (Census),1,2106674,1.5,1.5,1053337,1053337
46069,2021,Payment Months (Type 3),1,2457439,2,2,2457439,2457439
46069,2021,All Issues (Census),1,2457439,2,2,2457439,2457439
46071,2012,Payment Months (Type 3),1,6525725.87,2,2,6525725.87,6525725.87
46071,2012,All Issues (Census),1,6525725.87,2,2,6525725.87,6525725.87
46071,2017,Payment Months (Type 3),1,2572944,2,2,2572944,2572944
46071,2017,All Issues (Census),1,2572944,2,2,2572944,2572944
46071,2021,Payment Months (Type 3),1,2884170,2,2,2884170,2884170
46071,2021,All Issues (Census),1,2884170,2,2,2884170,2884170
46073,2012,Payment Months (Type 3),1,2539579,1.5,1.5,1269789.5,1269789.5
46073,2012,All Issues (Census),1,2539579,1.5,1.5,1269789.5,1269789.5
46073,2017,Payment Months (Type 3),1,871757,1.5,1.5,435878.5,435878.5
46073,2017,All Issues (Census),1,871757,1.5,1.5,435878.5,435878.5
46073,2021,Payment Months (Type 3),1,1309541,2,2,1309541,1309541
46073,2021,All Issues (Census),1,1309541,2,2,1309541,1309541
46075,2012,Payment Months (Type 3),1,3314338,2,2,3314338,3314338
46075,2012,All Issues (Census),1,3314338,2,2,3314338,3314338
46075,2021,Payment Months (Type 3),1,1976318,2,2,1976318,1976318
46075,2021,All Issues (Census),1,1976318,2,2,1976318,1976318
46077,2021,Payment Months (Type 3),1,1329514,2,2,1329514,1329514
46077,2021,All Issues (Census),1,1329514,2,2,1329514,1329514
46079,2012,Payment Months (Type 3),1,925696,1.5,1.5,462848,462848
46079,2012,All Issues (Census),1,925696,1.5,1.5,462848,462848
46079,2021,Payment Months (Type 3),1,859815,2,2,859815,859815
46079,2021,All Issues (Census),1,859815,2,2,859815,859815
46081,2012,Payment Months (Type 3),1,737856,2,2,737856,737856
46081,2012,All Issues (Census),1,737856,2,2,737856,737856
46081,2016,Payment Months (Type 3),1,501512,2,2,501512,501512
46081,2016,All Issues (Census),1,501512,2,2,501512,501512
46083,2012,Payment Months (Type 3),1,338930,2,2,338930,338930
46083,2012,All Issues (Census),1,338930,2,2,338930,338930
46083,2022,Payment Months (Type 3),1,170518,2,2,170518,170518
46083,2022,All Issues (Census),1,170518,2,2,170518,170518
46085,2012,Payment Months (Type 3),1,5827507,1.5,1.5,2913753.5,2913753.5
46085,2012,All Issues (Census),1,5827507,1.5,1.5,2913753.5,2913753.5
46085,2017,Payment Months (Type 3),1,1940508,1.5,1.5,970254,970254
46085,2017,All Issues (Census),1,1940508,1.5,1.5,970254,970254
46085,2021,Payment Months (Type 3),1,3107586,2,2,3107586,3107586
46085,2021,All Issues (Census),1,3107586,2,2,3107586,3107586
46087,2012,Payment Months (Type 3),1,902885,2,2,902885,902885
46087,2012,All Issues (Census),1,902885,2,2,902885,902885
46087,2021,Payment Months (Type 3),1,903499,2,2,903499,903499
46087,2021,All Issues (Census),1,903499,2,2,903499,903499
46089,2017,Payment Months (Type 3),1,2101682.93,2,2,2101682.93,2101682.93
46089,2017,All Issues (Census),1,2101682.93,2,2,2101682.93,2101682.93
46089,2021,Payment Months (Type 3),1,2787259,2,2,2787259,2787259
46089,2021,All Issues (Census),1,2787259,2,2,2787259,2787259
46093,2012,Payment Months (Type 3),1,13024060,2,2,13024060,13024060
46093,2012,All Issues (Census),1,13024060,2,2,13024060,13024060
46093,2016,Payment Months (Type 3),1,6648688,2,2,6648688,6648688
46093,2016,All Issues (Census),1,6648688,2,2,6648688,6648688
46093,2017,Payment Months (Type 3),1,6287691,2,2,6287691,6287691
46093,2017,All Issues (Census),1,6287691,2,2,6287691,6287691
46093,2021,Payment Months (Type 3),1,8982143,2,2,8982143,8982143
46093,2021,All Issues (Census),1,8982143,2,2,8982143,8982143
46095,2012,Payment Months (Type 3),1,5556774,2,2,5556774,5556774
46095,2012,All Issues (Census),1,5556774,2,2,5556774,5556774
46095,2017,Payment Months (Type 3),1,2480542,1.5,1.5,1240271,1240271
46095,2017,All Issues (Census),1,2480542,1.5,1.5,1240271,1240271
46095,2021,Payment Months (Type 3),1,2872305,2,2,2872305,2872305
46095,2021,All Issues (Census),1,2872305,2,2,2872305,2872305
46097,2012,Payment Months (Type 3),1,1903356,1.5,1.5,951678,951678
46097,2012,All Issues (Census),1,1903356,1.5,1.5,951678,951678
46097,2021,Payment Months (Type 3),1,1277061,2,2,1277061,1277061
46097,2021,All Issues (Census),1,1277061,2,2,1277061,1277061
46099,2012,Payment Months (Type 3),1,794318,2,2,794318,794318
46099,2012,All Issues (Census),1,794318,2,2,794318,794318
46099,2021,Payment Months (Type 3),1,448309,2,2,448309,448309
46099,2021,All Issues (Census),1,448309,2,2,448309,448309
46101,2012,Payment Months (Type 3),1,820492,1.5,1.5,410246,410246
46101,2012,All Issues (Census),1,820492,1.5,1.5,410246,410246
46101,2021,Payment Months (Type 3),1,594270,2,2,594270,594270
46101,2021,All Issues (Census),1,594270,2,2,594270,594270
46101,2023,Payment Months (Type 3),1,514672,1.5,1.5,257336,257336
46101,2023,All Issues (Census),1,514672,1.5,1.5,257336,257336
46103,2012,Payment Months (Type 3),1,6056407,2,2,6056407,6056407
46103,2012,All Issues (Census),1,6056407,2,2,6056407,6056407
46103,2016,Payment Months (Type 3),1,2816605,2,2,2816605,2816605
46103,2016,All Issues (Census),1,2816605,2,2,2816605,2816605
46103,2017,Payment Months (Type 3),1,2635910,2,2,2635910,2635910
46103,2017,All Issues (Census),1,2635910,2,2,2635910,2635910
46103,2024,Payment Months (Type 3),1,4396675,2,2,4396675,4396675
46103,2024,All Issues (Census),1,4396675,2,2,4396675,4396675
46105,2017,Payment Months (Type 3),1,6889754,2,2,6889754,6889754
46105,2017,All Issues (Census),1,6889754,2,2,6889754,6889754
46105,2021,Payment Months (Type 3),1,9303409.99,2,2,9303409.99,9303409.99
46105,2021,All Issues (Census),1,9303409.99,2,2,9303409.99,9303409.99
46107,2017,Payment Months (Type 3),1,1233560,1.5,1.5,616780,616780
46107,2017,All Issues (Census),1,1233560,1.5,1.5,616780,616780
46107,2021,Payment Months (Type 3),1,1420129,2,2,1420129,1420129
46107,2021,All Issues (Census),1,1420129,2,2,1420129,1420129
46111,2012,Payment Months (Type 3),1,2536014,1.5,1.5,1268007,1268007
46111,2012,All Issues (Census),1,2536014,1.5,1.5,1268007,1268007
46111,2021,Payment Months (Type 3),1,1295965,2,2,1295965,1295965
46111,2021,All Issues (Census),1,1295965,2,2,1295965,1295965
46113,2012,Payment Months (Type 3),1,4513048,2,2,4513048,4513048
46113,2024,Payment Months (Type 3),3,909898.81,3,3,1819797.62,1819797.62
46113,2024,All Issues (Census),3,909898.81,3,3,1819797.62,1819797.62
46115,2021,Payment Months (Type 3),1,1358860,2,2,1358860,1358860
46115,2021,All Issues (Census),1,1358860,2,2,1358860,1358860
46117,2012,Payment Months (Type 3),1,3331481,2,2,3331481,3331481
46117,2012,All Issues (Census),1,3331481,2,2,3331481,3331481
46117,2017,Payment Months (Type 3),1,1161784,1.5,1.5,580892,580892
46117,2017,All Issues (Census),1,1161784,1.5,1.5,580892,580892
46117,2021,Payment Months (Type 3),1,1866094,2,2,1866094,1866094
46117,2021,All Issues (Census),1,1866094,2,2,1866094,1866094
46119,2012,Payment Months (Type 3),1,1465462,1.5,1.5,732731,732731
46119,2012,All Issues (Census),1,1465462,1.5,1.5,732731,732731
46119,2017,Payment Months (Type 3),1,777170,1.5,1.5,388585,388585
46119,2017,All Issues (Census),1,777170,1.5,1.5,388585,388585
46119,2021,Payment Months (Type 3),1,771092,2,2,771092,771092
46119,2021,All Issues (Census),1,771092,2,2,771092,771092
46121,2012,Payment Months (Type 3),1,5496420,2,2,5496420,5496420
46121,2012,All Issues (Census),1,5496420,2,2,5496420,5496420
46123,2012,Payment Months (Type 3),1,10423452,2,2,10423452,10423452
46123,2012,All Issues (Census),1,10423452,2,2,10423452,10423452
46123,2017,Payment Months (Type 3),1,3379449,1.5,1.5,1689724.5,1689724.5
46123,2017,All Issues (Census),1,3379449,1.5,1.5,1689724.5,1689724.5
46123,2021,Payment Months (Type 3),1,3767764,1.5,1.5,1883882,1883882
46123,2021,All Issues (Census),1,3767764,1.5,1.5,1883882,1883882
46125,2012,Payment Months (Type 3),1,844949,2,2,844949,844949
46125,2012,All Issues (Census),1,844949,2,2,844949,844949
46125,2022,Payment Months (Type 3),1,518678,2,2,518678,518678
46125,2022,All Issues (Census),1,518678,2,2,518678,518678
46127,2012,Payment Months (Type 3),1,444051,2,2,444051,444051
46127,2012,All Issues (Census),1,444051,2,2,444051,444051
46127,2021,Payment Months (Type 3),1,133006,1.5,1.5,66503,66503
46127,2021,All Issues (Census),1,133006,1.5,1.5,66503,66503
46127,2022,Payment Months (Type 3),1,304363,2,2,304363,304363
46127,2022,All Issues (Census),1,304363,2,2,304363,304363
46129,2017,Payment Months (Type 3),1,1237249,1.5,1.5,618624.5,618624.5
46129,2017,All Issues (Census),1,1237249,1.5,1.5,618624.5,618624.5
46129,2021,Payment Months (Type 3),1,1321142,2,2,1321142,1321142
46129,2021,All Issues (Census),1,1321142,2,2,1321142,1321142
46135,2012,Payment Months (Type 3),1,1461760,2,2,1461760,1461760
46135,2012,All Issues (Census),1,1461760,2,2,1461760,1461760
46135,2021,Payment Months (Type 3),1,693645,1.5,1.5,346822.5,346822.5
46135,2021,All Issues (Census),1,693645,1.5,1.5,346822.5,346822.5
46135,2022,Payment Months (Type 3),1,1058382,2,2,1058382,1058382
46135,2022,All Issues (Census),1,1058382,2,2,1058382,1058382
46137,2012,Payment Months (Type 3),1,5679798,2,2,5679798,5679798
46137,2012,All Issues (Census),1,5679798,2,2,5679798,5679798
46137,2017,Payment Months (Type 3),1,3708169,2,2,3708169,3708169
46137,2017,All Issues (Census),1,3708169,2,2,3708169,3708169
46137,2022,Payment Months (Type 3),1,6234208,2,2,6234208,6234208
46137,2022,All Issues (Census),1,6234208,2,2,6234208,6234208
47007,2016,Threshold (Type 2),1,846914,3,3,1693828,1693828
47007,2016,All Issues (Census),1,846914,3,3,1693828,1693828
47045,2012,Payment Months (Type 3),2,607889,1.25,1.25,151972.25,151972.25
47045,2012,All Issues (Census),2,607889,1.25,1.25,151972.25,151972.25
47053,2011,Payment Months (Type 3),1,,1.5,1.5,,
47053,2011,All Issues (Census),1,,1.5,1.5,,
47055,2025,Payment Months (Type 3),1,,1.25,1.25,,
47055,2025,All Issues (Census),1,,1.25,1.25,,
47061,2016,Threshold (Type 2),1,152212,3,3,304424,304424
47061,2016,All Issues (Census),1,152212,3,3,304424,304424
47071,2024,Payment Months (Type 3),1,526078,1.25,1.25,131519.5,131519.5
47071,2024,All Issues (Census),1,526078,1.25,1.25,131519.5,131519.5
47079,2012,Payment Months (Type 3),2,905997,1.25,1.25,226499.25,226499.25
47079,2012,All Issues (Census),2,905997,1.25,1.25,226499.25,226499.25
47095,2012,Payment Months (Type 3),2,,1.25,1.25,,
47095,2012,All Issues (Census),2,,1.25,1.25,,
47103,2025,Payment Months (Type 3),1,,1.25,1.25,,
47103,2025,All Issues (Census),1,,1.25,1.25,,
47109,2024,Payment Months (Type 3),1,1140,1.25,1.25,285,285
47109,2024,All Issues (Census),1,1140,1.25,1.25,285,285
47117,2008,Payment Months (Type 3),1,218742,1.5,1.5,109371,109371
47117,2008,All Issues (Census),1,218742,1.5,1.5,109371,109371
47131,2012,Payment Months (Type 3),2,1198978,1.25,1.25,299744.5,299744.5
47131,2012,All Issues (Census),2,1198978,1.25,1.25,299744.5,299744.5
47137,2024,Boundary (Type 1),1,,3,3,,
47137,2024,All Issues (Census),1,,3,3,,
47141,2008,Payment Months (Type 3),1,109996,1.5,1.5,54998,54998
47141,2008,All Issues (Census),1,109996,1.5,1.5,54998,54998
47145,2016,Threshold (Type 2),1,268763,1.25,1.25,67190.75,67190.75
47145,2016,All Issues (Census),1,268763,1.25,1.25,67190.75,67190.75
47149,2008,Payment Months (Type 3),1,26272.86,1.5,1.5,13136.43,13136.43
47149,2008,All Issues (Census),1,26272.86,1.5,1.5,13136.43,13136.43
47159,2008,Boundary (Type 1),1,123357,1.5,1.5,61678.5,61678.5
47159,2008,All Issues (Census),1,123357,1.5,1.5,61678.5,61678.5
47183,2012,Payment Months (Type 3),2,739258,1.25,1.25,184814.5,184814.5
47183,2012,All Issues (Census),2,739258,1.25,1.25,184814.5,184814.5
47189,2008,Payment Months (Type 3),1,399140.9,1.5,1.5,199570.45,199570.45
47189,2008,All Issues (Census),1,399140.9,1.5,1.5,199570.45,199570.45
48001,2011,Payment Months (Type 3),3,961233,1.5,3,480616.5,1922466
48001,2011,All Issues (Census),3,961233,1.5,3,480616.5,1922466
48001,2012,Payment Months (Type 3),1,2025667,1.25,1.25,506416.75,506416.75
48001,2012,All Issues (Census),1,2025667,1.25,1.25,506416.75,506416.75
48001,2022,Payment Months (Type 3),1,1834895,1.25,1.25,458723.75,458723.75
48001,2022,All Issues (Census),1,1834895,1.25,1.25,458723.75,458723.75
48003,2011,Payment Months (Type 3),1,349613,3,3,699226,699226
48003,2011,All Issues (Census),1,349613,3,3,699226,699226
48003,2012,Payment Months (Type 3),1,424432,1.25,1.25,106108,106108
48003,2012,All Issues (Census),1,424432,1.25,1.25,106108,106108
48003,2013,Payment Months (Type 3),1,215834,1.25,1.25,53958.5,53958.5
48003,2013,All Issues (Census),1,215834,1.25,1.25,53958.5,53958.5
48003,2020,Payment Months (Type 3),1,189525,1.25,1.25,47381.25,47381.25
48003,2020,All Issues (Census),1,189525,1.25,1.25,47381.25,47381.25
48003,2021,Payment Months (Type 3),3,181190,1.25,1.6666666666666667,45297.5,120793.33
48003,2021,All Issues (Census),3,181190,1.25,1.6666666666666667,45297.5,120793.33
48003,2022,Payment Months (Type 3),2,280075,1.25,1.6666666666666667,70018.75,186716.67
48003,2022,All Issues (Census),2,280075,1.25,1.6666666666666667,70018.75,186716.67
48003,2023,Payment Months (Type 3),1,225051,1.3333333333333333,1.3333333333333333,75017,75017
48003,2023,All Issues (Census),1,225051,1.3333333333333333,1.3333333333333333,75017,75017
48005,2011,Payment Months (Type 3),3,263979,1.5,3,131989.5,527958
48005,2011,All Issues (Census),3,263979,1.5,3,131989.5,527958
48005,2012,Payment Months (Type 3),1,478162,1.25,1.25,119540.5,119540.5
48005,2012,All Issues (Census),1,478162,1.25,1.25,119540.5,119540.5
48005,2023,Payment Months (Type 3),1,560158,1.25,1.25,140039.5,140039.5
48005,2023,All Issues (Census),1,560158,1.25,1.25,140039.5,140039.5
48005,2024,Payment Months (Type 3),1,222996,1.3333333333333333,1.3333333333333333,74332,74332
48005,2024,All Issues (Census),1,222996,1.3333333333333333,1.3333333333333333,74332,74332
48007,2012,Payment Months (Type 3),1,10438,1.6666666666666667,1.6666666666666667,6958.67,6958.67
48007,2012,All Issues (Census),1,10438,1.6666666666666667,1.6666666666666667,6958.67,6958.67
48009,2011,Payment Months (Type 3),1,1020919.73,3,3,2041839.46,2041839.46
48009,2011,All Issues (Census),1,1020919.73,3,3,2041839.46,2041839.46
48009,2012,Payment Months (Type 3),1,2145631,1.25,1.25,536407.75,536407.75
48009,2012,All Issues (Census),1,2145631,1.25,1.25,536407.75,536407.75
48009,2013,Payment Months (Type 3),2,2933975,1.25,1.25,733493.75,733493.75
48009,2013,All Issues (Census),2,2933975,1.25,1.25,733493.75,733493.75
48009,2014,Payment Months (Type 3),2,2776988,1.25,1.25,694247,694247
48009,2014,All Issues (Census),2,2776988,1.25,1.25,694247,694247
48009,2015,Payment Months (Type 3),1,2286508,1.25,1.25,571627,571627
48009,2015,All Issues (Census),1,2286508,1.25,1.25,571627,571627
48009,2018,Boundary (Type 1),1,1435697,1.3333333333333333,1.3333333333333333,478565.67,478565.67
48009,2018,All Issues (Census),1,1435697,1.3333333333333333,1.3333333333333333,478565.67,478565.67
48009,2019,Threshold (Type 2),2,171540,3,3,343080,343080
48009,2019,All Issues (Census),2,171540,3,3,343080,343080
48009,2022,Payment Months (Type 3),1,3151187.42,1.3333333333333333,1.3333333333333333,1050395.81,1050395.81
48009,2022,All Issues (Census),1,3151187.42,1.3333333333333333,1.3333333333333333,1050395.81,1050395.81
48011,2011,Payment Months (Type 3),1,696916.68,3,3,1393833.36,1393833.36
48011,2011,All Issues (Census),1,696916.68,3,3,1393833.36,1393833.36
48011,2012,Payment Months (Type 3),1,1225757,1.25,1.25,306439.25,306439.25
48011,2012,All Issues (Census),1,1225757,1.25,1.25,306439.25,306439.25
48011,2013,Payment Months (Type 3),1,1487632,1.25,1.25,371908,371908
48011,2013,All Issues (Census),1,1487632,1.25,1.25,371908,371908
48011,2018,Payment Months (Type 3),1,888590,2.5,2.5,1332885,1332885
48011,2018,All Issues (Census),1,888590,2.5,2.5,1332885,1332885
48011,2021,Payment Months (Type 3),1,683206,1.5,1.5,341603,341603
48011,2021,All Issues (Census),1,683206,1.5,1.5,341603,341603
48011,2022,Payment Months (Type 3),1,1060454,2,2,1060454,1060454
48011,2022,All Issues (Census),1,1060454,2,2,1060454,1060454
48013,2011,Payment Months (Type 3),4,1309426.18,1.5,3,654713.09,2618852.36
48013,2011,All Issues (Census),4,1309426.18,1.5,3,654713.09,2618852.36
48013,2012,Payment Months (Type 3),1,2234636,1.6666666666666667,1.6666666666666667,1489757.33,1489757.33
48013,2012,All Issues (Census),1,2234636,1.6666666666666667,1.6666666666666667,1489757.33,1489757.33
48013,2022,Payment Months (Type 3),4,1741395,1.25,1.3333333333333333,435348.75,580465
48013,2022,All Issues (Census),4,1741395,1.25,1.3333333333333333,435348.75,580465
48013,2023,Payment Months (Type 3),3,1505756,1.25,1.3333333333333333,376439,501918.67
48013,2023,All Issues (Census),3,1505756,1.25,1.3333333333333333,376439,501918.67
48013,2024,Payment Months (Type 3),2,947579,1.3333333333333333,1.3333333333333333,315859.67,315859.67
48013,2024,All Issues (Census),2,947579,1.3333333333333333,1.3333333333333333,315859.67,315859.67
48013,2025,Payment Months (Type 3),4,759706.97,1.25,1.3333333333333333,189926.74,253235.66
48013,2025,All Issues (Census),4,759706.97,1.25,1.3333333333333333,189926.74,253235.66
48015,2011,Payment Months (Type 3),3,1500982,1.5,3,750491,3001964
48015,2011,All Issues (Census),3,1500982,1.5,3,750491,3001964
48015,2012,Payment Months (Type 3),1,2274221,1.25,1.25,568555.25,568555.25
48015,2012,All Issues (Census),1,2274221,1.25,1.25,568555.25,568555.25
48015,2022,Payment Months (Type 3),1,2628732,1.25,1.25,657183,657183
48015,2022,All Issues (Census),1,2628732,1.25,1.25,657183,657183
48015,2023,Payment Months (Type 3),1,3077946.6,1.25,1.25,769486.65,769486.65
48015,2023,All Issues (Census),1,3077946.6,1.25,1.25,769486.65,769486.65
48017,2011,Payment Months (Type 3),1,325708,3,3,651416,651416
48017,2011,All Issues (Census),1,325708,3,3,651416,651416
48017,2012,Payment Months (Type 3),2,443633,1.25,1.25,110908.25,110908.25
48017,2012,All Issues (Census),2,443633,1.25,1.25,110908.25,110908.25
48017,2013,Payment Months (Type 3),1,492184,1.25,1.25,123046,123046
48017,2013,All Issues (Census),1,492184,1.25,1.25,123046,123046
48017,2018,Payment Months (Type 3),1,200718,1.5,1.5,100359,100359
48017,2018,All Issues (Census),1,200718,1.5,1.5,100359,100359
48017,2020,Payment Months (Type 3),1,258047,1.25,1.25,64511.75,64511.75
48017,2020,All Issues (Census),1,258047,1.25,1.25,64511.75,64511.75
48017,2021,Payment Months (Type 3),3,302537,1.25,2.5,75634.25,453805.5
48017,2021,All Issues (Census),3,302537,1.25,2.5,75634.25,453805.5
48017,2022,Payment Months (Type 3),2,492069,1.25,2.5,123017.25,738103.5
48017,2022,All Issues (Census),2,492069,1.25,2.5,123017.25,738103.5
48017,2023,Payment Months (Type 3),1,461183,2,2,461183,461183
48017,2023,All Issues (Census),1,461183,2,2,461183,461183
48019,2011,Payment Months (Type 3),1,325909,3,3,651818,651818
48019,2011,All Issues (Census),1,325909,3,3,651818,651818
48019,2012,Payment Months (Type 3),1,365657,1.6666666666666667,1.6666666666666667,243771.33,243771.33
48019,2012,All Issues (Census),1,365657,1.6666666666666667,1.6666666666666667,243771.33,243771.33
48019,2013,Payment Months (Type 3),1,327464,1.3333333333333333,1.3333333333333333,109154.67,109154.67
48019,2013,All Issues (Census),1,327464,1.3333333333333333,1.3333333333333333,109154.67,109154.67
48019,2014,Payment Months (Type 3),1,340701,1.3333333333333333,1.3333333333333333,113567,113567
48019,2014,All Issues (Census),1,340701,1.3333333333333333,1.3333333333333333,113567,113567
48019,2015,Payment Months (Type 3),1,187511,1.3333333333333333,1.3333333333333333,62503.67,62503.67
48019,2015,All Issues (Census),1,187511,1.3333333333333333,1.3333333333333333,62503.67,62503.67
48019,2021,Payment Months (Type 3),2,112361,1.3333333333333333,1.3333333333333333,37453.67,37453.67
48019,2021,All Issues (Census),2,112361,1.3333333333333333,1.3333333333333333,37453.67,37453.67
48019,2022,Payment Months (Type 3),2,384773,1.25,1.25,96193.25,96193.25
48019,2022,All Issues (Census),2,384773,1.25,1.25,96193.25,96193.25
48019,2023,Payment Months (Type 3),4,307924,1.25,1.6666666666666667,76981,205282.67
48019,2023,All Issues (Census),4,307924,1.25,1.6666666666666667,76981,205282.67
48019,2024,Payment Months (Type 3),2,219333,1.3333333333333333,1.3333333333333333,73111,73111
48019,2024,All Issues (Census),2,219333,1.3333333333333333,1.3333333333333333,73111,73111
48019,2025,Payment Months (Type 3),3,104571.39,1.25,1.3333333333333333,26142.85,34857.13
48019,2025,All Issues (Census),3,104571.39,1.25,1.3333333333333333,26142.85,34857.13
48021,2011,Payment Months (Type 3),3,1649472,1.5,3,824736,3298944
48021,2011,All Issues (Census),3,1649472,1.5,3,824736,3298944
48021,2012,Payment Months (Type 3),1,2686022,1.25,1.25,671505.5,671505.5
48021,2012,All Issues (Census),1,2686022,1.25,1.25,671505.5,671505.5
48021,2023,Payment Months (Type 3),1,2440767,1.25,1.25,610191.75,610191.75
48021,2023,All Issues (Census),1,2440767,1.25,1.25,610191.75,610191.75
48021,2025,Payment Months (Type 3),1,1080760.85,1.3333333333333333,1.3333333333333333,360253.62,360253.62
48021,2025,All Issues (Census),1,1080760.85,1.3333333333333333,1.3333333333333333,360253.62,360253.62
48023,2011,Payment Months (Type 3),1,792212,3,3,1584424,1584424
48023,2011,All Issues (Census),1,792212,3,3,1584424,1584424
48023,2012,Payment Months (Type 3),1,1692066,1.25,1.25,423016.5,423016.5
48023,2012,All Issues (Census),1,1692066,1.25,1.25,423016.5,423016.5
48023,2013,Payment Months (Type 3),2,2451999,1.25,1.25,612999.75,612999.75
48023,2013,All Issues (Census),2,2451999,1.25,1.25,612999.75,612999.75
48023,2014,Payment Months (Type 3),2,1979194,1.25,1.25,494798.5,494798.5
48023,2014,All Issues (Census),2,1979194,1.25,1.25,494798.5,494798.5
48023,2015,Payment Months (Type 3),1,1909440,1.25,1.25,477360,477360
48023,2015,All Issues (Census),1,1909440,1.25,1.25,477360,477360
48023,2018,Payment Months (Type 3),1,1332905,1.3333333333333333,1.3333333333333333,444301.67,444301.67
48023,2018,All Issues (Census),1,1332905,1.3333333333333333,1.3333333333333333,444301.67,444301.67
48023,2022,Payment Months (Type 3),1,2187907,1.3333333333333333,1.3333333333333333,729302.33,729302.33
48023,2022,All Issues (Census),1,2187907,1.3333333333333333,1.3333333333333333,729302.33,729302.33
48025,2011,Payment Months (Type 3),1,719939,1.5,1.5,359969.5,359969.5
48025,2011,All Issues (Census),1,719939,1.5,1.5,359969.5,359969.5
48025,2012,Payment Months (Type 3),1,1015212.28,1.6666666666666667,1.6666666666666667,676808.19,676808.19
48025,2012,All Issues (Census),1,1015212.28,1.6666666666666667,1.6666666666666667,676808.19,676808.19
48025,2013,Payment Months (Type 3),2,1076241,1.25,1.3333333333333333,269060.25,358747
48025,2013,All Issues (Census),2,1076241,1.25,1.3333333333333333,269060.25,358747
48025,2022,Payment Months (Type 3),1,851379,1.25,1.25,212844.75,212844.75
48025,2022,All Issues (Census),1,851379,1.25,1.25,212844.75,212844.75
48027,2011,Payment Months (Type 3),5,824041,0.3333333333333333,3,-549360.67,1648082
48027,2011,All Issues (Census),5,824041,0.3333333333333333,3,-549360.67,1648082
48027,2012,Payment Months (Type 3),1,1375648,1.25,1.25,343912,343912
48027,2012,All Issues (Census),1,1375648,1.25,1.25,343912,343912
48027,2022,Payment Months (Type 3),2,898395,1.25,1.6666666666666667,224598.75,598930
48027,2022,All Issues (Census),2,898395,1.25,1.6666666666666667,224598.75,598930
48027,2023,Payment Months (Type 3),3,1154158,1.25,1.3333333333333333,288539.5,384719.33
48027,2023,All Issues (Census),3,1154158,1.25,1.3333333333333333,288539.5,384719.33
48027,2024,Payment Months (Type 3),1,256023,1.3333333333333333,1.3333333333333333,85341,85341
48027,2024,All Issues (Census),1,256023,1.3333333333333333,1.3333333333333333,85341,85341
48027,2025,Payment Months (Type 3),1,204442.4,1.3333333333333333,1.3333333333333333,68147.47,68147.47
48027,2025,All Issues (Census),1,204442.4,1.3333333333333333,1.3333333333333333,68147.47,68147.47
48029,2011,Payment Months (Type 3),4,393619.58,1.5,3,196809.79,787239.16
48029,2011,All Issues (Census),4,393619.58,1.5,3,196809.79,787239.16
48029,2012,Payment Months (Type 3),1,706260,1.6666666666666667,1.6666666666666667,470840,470840
48029,2012,All Issues (Census),1,706260,1.6666666666666667,1.6666666666666667,470840,470840
48029,2015,Payment Months (Type 3),1,514823,1.3333333333333333,1.3333333333333333,171607.67,171607.67
48029,2015,All Issues (Census),1,514823,1.3333333333333333,1.3333333333333333,171607.67,171607.67
48029,2021,Payment Months (Type 3),2,64986,1.3333333333333333,1.3333333333333333,21662,21662
48029,2021,All Issues (Census),2,64986,1.3333333333333333,1.3333333333333333,21662,21662
48029,2022,Payment Months (Type 3),2,337453,1.25,1.25,84363.25,84363.25
48029,2022,All Issues (Census),2,337453,1.25,1.25,84363.25,84363.25
48029,2023,Payment Months (Type 3),4,390308,1.25,1.6666666666666667,97577,260205.33
48029,2023,All Issues (Census),4,390308,1.25,1.6666666666666667,97577,260205.33
48029,2024,Payment Months (Type 3),2,250653,1.3333333333333333,1.3333333333333333,83551,83551
48029,2024,All Issues (Census),2,250653,1.3333333333333333,1.3333333333333333,83551,83551
48029,2025,Payment Months (Type 3),4,151356.32,1.25,1.3333333333333333,37839.08,50452.11
48029,2025,All Issues (Census),4,151356.32,1.25,1.3333333333333333,37839.08,50452.11
48031,2011,Payment Months (Type 3),4,791442,1.5,3,395721,1582884
48031,2011,All Issues (Census),4,791442,1.5,3,395721,1582884
48031,2012,Payment Months (Type 3),1,1141190,1.25,1.25,285297.5,285297.5
48031,2012,All Issues (Census),1,1141190,1.25,1.25,285297.5,285297.5
48031,2021,Payment Months (Type 3),1,235231,1.3333333333333333,1.3333333333333333,78410.33,78410.33
48031,2021,All Issues (Census),1,235231,1.3333333333333333,1.3333333333333333,78410.33,78410.33
48031,2022,Payment Months (Type 3),2,712958,1.25,1.6666666666666667,178239.5,475305.33
48031,2022,All Issues (Census),2,712958,1.25,1.6666666666666667,178239.5,475305.33
48031,2023,Payment Months (Type 3),4,800656,1.25,1.6666666666666667,200164,533770.67
48031,2023,All Issues (Census),4,800656,1.25,1.6666666666666667,200164,533770.67
48031,2024,Payment Months (Type 3),2,498627,1.3333333333333333,1.3333333333333333,166209,166209
48031,2024,All Issues (Census),2,498627,1.3333333333333333,1.3333333333333333,166209,166209
48031,2025,Payment Months (Type 3),2,191969.26,1.3333333333333333,1.6666666666666667,63989.75,127979.51
48031,2025,All Issues (Census),2,191969.26,1.3333333333333333,1.6666666666666667,63989.75,127979.51
48033,2011,Payment Months (Type 3),1,497229,3,3,994458,994458
48033,2011,All Issues (Census),1,497229,3,3,994458,994458
48033,2012,Payment Months (Type 3),1,720306.87,1.25,1.25,180076.72,180076.72
48033,2012,All Issues (Census),1,720306.87,1.25,1.25,180076.72,180076.72
48033,2013,Payment Months (Type 3),1,853792,1.25,1.25,213448,213448
48033,2013,All Issues (Census),1,853792,1.25,1.25,213448,213448
48033,2022,Payment Months (Type 3),2,705550,1.25,1.6666666666666667,176387.5,470366.67
48033,2022,All Issues (Census),2,705550,1.25,1.6666666666666667,176387.5,470366.67
48033,2023,Threshold (Type 2),2,690809,4,4,2072427,2072427
48033,2023,Payment Months (Type 3),1,690809,1.3333333333333333,1.3333333333333333,230269.67,230269.67
48033,2023,All Issues (Census),3,690809,1.3333333333333333,4,230269.67,2072427
48035,2011,Payment Months (Type 3),3,724967,1.5,3,362483.5,1449934
48035,2011,All Issues (Census),3,724967,1.5,3,362483.5,1449934
48035,2013,Payment Months (Type 3),1,2074552,1.25,1.25,518638,518638
48035,2013,All Issues (Census),1,2074552,1.25,1.25,518638,518638
48035,2021,Payment Months (Type 3),1,846366.33,1.3333333333333333,1.3333333333333333,282122.11,282122.11
48035,2021,All Issues (Census),1,846366.33,1.3333333333333333,1.3333333333333333,282122.11,282122.11
48035,2022,Payment Months (Type 3),3,2476449,1.25,1.6666666666666667,619112.25,1650966
48035,2022,All Issues (Census),3,2476449,1.25,1.6666666666666667,619112.25,1650966
48035,2023,Payment Months (Type 3),3,2632930,1.25,1.3333333333333333,658232.5,877643.33
48035,2023,All Issues (Census),3,2632930,1.25,1.3333333333333333,658232.5,877643.33
48037,2011,Payment Months (Type 3),4,1234204.37,3,3,2468408.74,2468408.74
48037,2011,All Issues (Census),4,1234204.37,3,3,2468408.74,2468408.74
48037,2012,Payment Months (Type 3),1,1740950.7,1.25,1.25,435237.68,435237.68
48037,2012,All Issues (Census),1,1740950.7,1.25,1.25,435237.68,435237.68
48037,2022,Payment Months (Type 3),1,3129854,1.3333333333333333,1.3333333333333333,1043284.67,1043284.67
48037,2022,All Issues (Census),1,3129854,1.3333333333333333,1.3333333333333333,1043284.67,1043284.67
48039,2011,Payment Months (Type 3),1,1640811,3,3,3281622,3281622
48039,2011,All Issues (Census),1,1640811,3,3,3281622,3281622
48039,2012,Payment Months (Type 3),1,2121682,1.25,1.25,530420.5,530420.5
48039,2012,All Issues (Census),1,2121682,1.25,1.25,530420.5,530420.5
48039,2023,Payment Months (Type 3),1,2560577.5,1.25,1.25,640144.38,640144.38
48039,2023,All Issues (Census),1,2560577.5,1.25,1.25,640144.38,640144.38
48041,2011,Payment Months (Type 3),1,1043760,3,3,2087520,2087520
48041,2011,All Issues (Census),1,1043760,3,3,2087520,2087520
48041,2012,Payment Months (Type 3),1,1554279.21,1.25,1.25,388569.8,388569.8
48041,2012,All Issues (Census),1,1554279.21,1.25,1.25,388569.8,388569.8
48041,2022,Threshold (Type 2),3,1018477,1.25,1.25,254619.25,254619.25
48041,2022,All Issues (Census),3,1018477,1.25,1.25,254619.25,254619.25
48041,2023,Payment Months (Type 3),1,1605205,1.25,1.25,401301.25,401301.25
48041,2023,All Issues (Census),1,1605205,1.25,1.25,401301.25,401301.25
48043,2011,Threshold (Type 2),1,873659,2,2,873659,873659
48043,2011,Payment Months (Type 3),4,873659,3,3,1747318,1747318
48043,2011,All Issues (Census),5,873659,2,3,873659,1747318
48043,2012,Payment Months (Type 3),1,1162543,1.25,1.25,290635.75,290635.75
48043,2012,All Issues (Census),1,1162543,1.25,1.25,290635.75,290635.75
48043,2020,Payment Months (Type 3),1,531297,1.25,1.25,132824.25,132824.25
48043,2020,All Issues (Census),1,531297,1.25,1.25,132824.25,132824.25
48043,2021,Payment Months (Type 3),3,422229,1.25,2.5,105557.25,633343.5
48043,2021,All Issues (Census),3,422229,1.25,2.5,105557.25,633343.5
48043,2022,Payment Months (Type 3),2,735375,1.25,2,183843.75,735375
48043,2022,All Issues (Census),2,735375,1.25,2,183843.75,735375
48043,2024,Payment Months (Type 3),1,682292,1.25,1.25,170573,170573
48043,2024,All Issues (Census),1,682292,1.25,1.25,170573,170573
48043,2025,Payment Months (Type 3),4,499598.65,1.25,2.5,124899.66,749397.98
48043,2025,All Issues (Census),4,499598.65,1.25,2.5,124899.66,749397.98
48045,2011,Payment Months (Type 3),1,1042313.62,3,3,2084627.24,2084627.24
48045,2011,All Issues (Census),1,1042313.62,3,3,2084627.24,2084627.24
48045,2013,Payment Months (Type 3),1,1584625,1.25,1.25,396156.25,396156.25
48045,2013,All Issues (Census),1,1584625,1.25,1.25,396156.25,396156.25
48045,2018,Payment Months (Type 3),1,895116,1.6666666666666667,1.6666666666666667,596744,596744
48045,2018,All Issues (Census),1,895116,1.6666666666666667,1.6666666666666667,596744,596744
48045,2022,Payment Months (Type 3),1,1762689,1.6666666666666667,1.6666666666666667,1175126,1175126
48045,2022,All Issues (Census),1,1762689,1.6666666666666667,1.6666666666666667,1175126,1175126
48045,2023,Payment Months (Type 3),1,1804406,1.3333333333333333,1.3333333333333333,601468.67,601468.67
48045,2023,All Issues (Census),1,1804406,1.3333333333333333,1.3333333333333333,601468.67,601468.67
48047,2011,Payment Months (Type 3),1,328774.25,1.5,1.5,164387.12,164387.12
48047,2011,All Issues (Census),1,328774.25,1.5,1.5,164387.12,164387.12
48047,2012,Payment Months (Type 3),1,437762.68,1.6666666666666667,1.6666666666666667,291841.79,291841.79
48047,2012,All Issues (Census),1,437762.68,1.6666666666666667,1.6666666666666667,291841.79,291841.79
48047,2013,Payment Months (Type 3),2,447130.48,1.25,1.6666666666666667,111782.62,298086.99
48047,2013,All Issues (Census),2,447130.48,1.25,1.6666666666666667,111782.62,298086.99
48047,2014,Payment Months (Type 3),1,,1.3333333333333333,1.3333333333333333,,
48047,2014,All Issues (Census),1,,1.3333333333333333,1.3333333333333333,,
48047,2020,Payment Months (Type 3),1,144357,1.3333333333333333,1.3333333333333333,48119,48119
48047,2020,All Issues (Census),1,144357,1.3333333333333333,1.3333333333333333,48119,48119
48047,2021,Payment Months (Type 3),3,256971.06,1.3333333333333333,1.6666666666666667,85657.02,171314.04
48047,2021,All Issues (Census),3,256971.06,1.3333333333333333,1.6666666666666667,85657.02,171314.04
48047,2023,Payment Months (Type 3),1,640694,1.3333333333333333,1.3333333333333333,213564.67,213564.67
48047,2023,All Issues (Census),1,640694,1.3333333333333333,1.3333333333333333,213564.67,213564.67
48049,2011,Payment Months (Type 3),4,1326049,3,3,2652098,2652098
48049,2011,All Issues (Census),4,1326049,3,3,2652098,2652098
48049,2012,Payment Months (Type 3),1,1894900,1.25,1.25,473725,473725
48049,2012,All Issues (Census),1,1894900,1.25,1.25,473725,473725
48049,2013,Boundary (Type 1),2,2327114.18,0.75,0.75,-581778.54,-581778.54
48049,2013,All Issues (Census),2,2327114.18,0.75,0.75,-581778.54,-581778.54
48049,2021,Payment Months (Type 3),1,728976,1.3333333333333333,1.3333333333333333,242992,242992
48049,2021,All Issues (Census),1,728976,1.3333333333333333,1.3333333333333333,242992,242992
48049,2022,Payment Months (Type 3),2,2592611,1.25,1.3333333333333333,648152.75,864203.67
48049,2022,All Issues (Census),2,2592611,1.25,1.3333333333333333,648152.75,864203.67
48049,2023,Payment Months (Type 3),2,2151545,1.3333333333333333,1.3333333333333333,717181.67,717181.67
48049,2023,All Issues (Census),2,2151545,1.3333333333333333,1.3333333333333333,717181.67,717181.67
48051,2011,Payment Months (Type 3),3,1351436,1.5,3,675718,2702872
48051,2011,All Issues (Census),3,1351436,1.5,3,675718,2702872
48051,2012,Payment Months (Type 3),1,2063430.9,1.25,1.25,515857.72,515857.72
48051,2012,All Issues (Census),1,2063430.9,1.25,1.25,515857.72,515857.72
48051,2022,Boundary (Type 1),3,1654270,1.25,1.25,413567.5,413567.5
48051,2022,All Issues (Census),3,1654270,1.25,1.25,413567.5,413567.5
48051,2023,Payment Months (Type 3),1,2407041.18,1.25,1.25,601760.3,601760.3
48051,2023,All Issues (Census),1,2407041.18,1.25,1.25,601760.3,601760.3
48053,2011,Payment Months (Type 3),1,789281.86,3,3,1578563.72,1578563.72
48053,2011,All Issues (Census),1,789281.86,3,3,1578563.72,1578563.72
48053,2012,Payment Months (Type 3),1,1193319,1.25,1.25,298329.75,298329.75
48053,2012,All Issues (Census),1,1193319,1.25,1.25,298329.75,298329.75
48053,2020,Payment Months (Type 3),1,258267,1.3333333333333333,1.3333333333333333,86089,86089
48053,2020,All Issues (Census),1,258267,1.3333333333333333,1.3333333333333333,86089,86089
48053,2022,Payment Months (Type 3),2,761615,1.25,1.6666666666666667,190403.75,507743.33
48053,2022,All Issues (Census),2,761615,1.25,1.6666666666666667,190403.75,507743.33
48053,2023,Payment Months (Type 3),3,921583,1.25,1.3333333333333333,230395.75,307194.33
48053,2023,All Issues (Census),3,921583,1.25,1.3333333333333333,230395.75,307194.33
48053,2024,Payment Months (Type 3),1,520989,1.3333333333333333,1.3333333333333333,173663,173663
48053,2024,All Issues (Census),1,520989,1.3333333333333333,1.3333333333333333,173663,173663
48053,2025,Payment Months (Type 3),2,187531.32,1.3333333333333333,1.6666666666666667,62510.44,125020.88
48053,2025,All Issues (Census),2,187531.32,1.3333333333333333,1.6666666666666667,62510.44,125020.88
48055,2011,Payment Months (Type 3),4,753351,1.5,3,376675.5,1506702
48055,2011,All Issues (Census),4,753351,1.5,3,376675.5,1506702
48055,2012,Payment Months (Type 3),1,1110610,1.25,1.25,277652.5,277652.5
48055,2012,All Issues (Census),1,1110610,1.25,1.25,277652.5,277652.5
48055,2022,Payment Months (Type 3),1,1101814,1.25,1.25,275453.5,275453.5
48055,2022,All Issues (Census),1,1101814,1.25,1.25,275453.5,275453.5
48055,2023,Payment Months (Type 3),3,1398864,1.25,1.3333333333333333,349716,466288
48055,2023,All Issues (Census),3,1398864,1.25,1.3333333333333333,349716,466288
48055,2024,Payment Months (Type 3),1,798666,1.3333333333333333,1.3333333333333333,266222,266222
48055,2024,All Issues (Census),1,798666,1.3333333333333333,1.3333333333333333,266222,266222
48057,2012,Payment Months (Type 3),1,907493,1.6666666666666667,1.6666666666666667,604995.33,604995.33
48057,2012,All Issues (Census),1,907493,1.6666666666666667,1.6666666666666667,604995.33,604995.33
48059,2009,Threshold (Type 2),1,773917,1.5,1.5,386958.5,386958.5
48059,2011,Payment Months (Type 3),3,1640451,1.5,3,820225.5,3280902
48059,2011,All Issues (Census),3,1640451,1.5,3,820225.5,3280902
48059,2022,Payment Months (Type 3),2,3312014,1.25,1.3333333333333333,828003.5,1104004.67
48059,2022,All Issues (Census),2,3312014,1.25,1.3333333333333333,828003.5,1104004.67
48061,2011,Payment Months (Type 3),1,62138,1.5,1.5,31069,31069
48061,2011,All Issues (Census),1,62138,1.5,1.5,31069,31069
48061,2012,Payment Months (Type 3),1,110814,1.6666666666666667,1.6666666666666667,73876,73876
48061,2012,All Issues (Census),1,110814,1.6666666666666667,1.6666666666666667,73876,73876
48061,2013,Payment Months (Type 3),2,122985,1.25,1.3333333333333333,30746.25,40995
48061,2013,All Issues (Census),2,122985,1.25,1.3333333333333333,30746.25,40995
48063,2011,Payment Months (Type 3),4,169943,1.5,3,84971.5,339886
48063,2011,All Issues (Census),4,169943,1.5,3,84971.5,339886
48063,2012,Payment Months (Type 3),1,117569,1.25,1.25,29392.25,29392.25
48063,2012,All Issues (Census),1,117569,1.25,1.25,29392.25,29392.25
48065,2011,Payment Months (Type 3),1,373221,3,3,746442,746442
48065,2011,All Issues (Census),1,373221,3,3,746442,746442
48065,2012,Payment Months (Type 3),1,888020,1.25,1.25,222005,222005
48065,2012,All Issues (Census),1,888020,1.25,1.25,222005,222005
48065,2013,Payment Months (Type 3),1,955494,1.25,1.25,238873.5,238873.5
48065,2013,All Issues (Census),1,955494,1.25,1.25,238873.5,238873.5
48065,2014,Payment Months (Type 3),1,967887,1.25,1.25,241971.75,241971.75
48065,2014,All Issues (Census),1,967887,1.25,1.25,241971.75,241971.75
48065,2015,Payment Months (Type 3),1,639071,1.25,1.25,159767.75,159767.75
48065,2015,All Issues (Census),1,639071,1.25,1.25,159767.75,159767.75
48065,2018,Payment Months (Type 3),1,404806,2.5,2.5,607209,607209
48065,2018,All Issues (Census),1,404806,2.5,2.5,607209,607209
48065,2022,Payment Months (Type 3),1,735966,2,2,735966,735966
48065,2022,All Issues (Census),1,735966,2,2,735966,735966
48065,2023,Payment Months (Type 3),1,851527,2,2,851527,851527
48065,2023,All Issues (Census),1,851527,2,2,851527,851527
48067,2011,Payment Months (Type 3),3,351811,1.5,3,175905.5,703622
48067,2011,All Issues (Census),3,351811,1.5,3,175905.5,703622
48067,2012,Payment Months (Type 3),1,622171,1.25,1.25,155542.75,155542.75
48067,2012,All Issues (Census),1,622171,1.25,1.25,155542.75,155542.75
48069,2011,Payment Months (Type 3),1,213646,3,3,427292,427292
48069,2011,All Issues (Census),1,213646,3,3,427292,427292
48069,2012,Payment Months (Type 3),2,527584,1.25,1.25,131896,131896
48069,2012,All Issues (Census),2,527584,1.25,1.25,131896,131896
48069,2013,Payment Months (Type 3),1,671071,1.25,1.25,167767.75,167767.75
48069,2013,All Issues (Census),1,671071,1.25,1.25,167767.75,167767.75
48069,2018,Payment Months (Type 3),1,540415,2.5,2.5,810622.5,810622.5
48069,2018,All Issues (Census),1,540415,2.5,2.5,810622.5,810622.5
48069,2020,Payment Months (Type 3),1,244717,1.25,1.25,61179.25,61179.25
48069,2020,All Issues (Census),1,244717,1.25,1.25,61179.25,61179.25
48069,2021,Payment Months (Type 3),3,524374,1.25,2.5,131093.5,786561
48069,2021,All Issues (Census),3,524374,1.25,2.5,131093.5,786561
48069,2022,Payment Months (Type 3),2,1065603,1.25,2,266400.75,1065603
48069,2022,All Issues (Census),2,1065603,1.25,2,266400.75,1065603
48069,2023,Payment Months (Type 3),1,1229266,2,2,1229266,1229266
48069,2023,All Issues (Census),1,1229266,2,2,1229266,1229266
48071,2011,Payment Months (Type 3),4,798266,1.5,3,399133,1596532
48071,2011,All Issues (Census),4,798266,1.5,3,399133,1596532
48071,2012,Payment Months (Type 3),1,867018,1.25,1.25,216754.5,216754.5
48071,2012,All Issues (Census),1,867018,1.25,1.25,216754.5,216754.5
48071,2023,Payment Months (Type 3),1,1557316,1.25,1.25,389329,389329
48071,2023,All Issues (Census),1,1557316,1.25,1.25,389329,389329
48071,2024,Payment Months (Type 3),1,,1.3333333333333333,1.3333333333333333,,
48071,2024,All Issues (Census),1,,1.3333333333333333,1.3333333333333333,,
48073,2011,Payment Months (Type 3),3,904343.23,1.5,3,452171.62,1808686.46
48073,2011,All Issues (Census),3,904343.23,1.5,3,452171.62,1808686.46
48073,2012,Payment Months (Type 3),1,1496294,1.25,1.25,374073.5,374073.5
48073,2012,All Issues (Census),1,1496294,1.25,1.25,374073.5,374073.5
48073,2022,Threshold (Type 2),1,2347448,1.3333333333333333,1.3333333333333333,782482.67,782482.67
48073,2022,All Issues (Census),1,2347448,1.3333333333333333,1.3333333333333333,782482.67,782482.67
48075,2011,Payment Months (Type 3),1,597665,3,3,1195330,1195330
48075,2011,All Issues (Census),1,597665,3,3,1195330,1195330
48075,2012,Payment Months (Type 3),1,1221779,1.25,1.25,305444.75,305444.75
48075,2012,All Issues (Census),1,1221779,1.25,1.25,305444.75,305444.75
48075,2013,Payment Months (Type 3),1,1324956,1.25,1.25,331239,331239
48075,2013,All Issues (Census),1,1324956,1.25,1.25,331239,331239
48075,2015,Payment Months (Type 3),1,876469,1.25,1.25,219117.25,219117.25
48075,2015,All Issues (Census),1,876469,1.25,1.25,219117.25,219117.25
48075,2018,Payment Months (Type 3),1,652474,1.3333333333333333,1.3333333333333333,217491.33,217491.33
48075,2018,All Issues (Census),1,652474,1.3333333333333333,1.3333333333333333,217491.33,217491.33
48075,2022,Payment Months (Type 3),2,1298730,1.25,1.6666666666666667,324682.5,865820
48075,2022,All Issues (Census),2,1298730,1.25,1.6666666666666667,324682.5,865820
48075,2023,Payment Months (Type 3),1,1278211.83,1.6666666666666667,1.6666666666666667,852141.22,852141.22
48075,2023,All Issues (Census),1,1278211.83,1.6666666666666667,1.6666666666666667,852141.22,852141.22
48077,2011,Payment Months (Type 3),1,2007540,3,3,4015080,4015080
48077,2011,All Issues (Census),1,2007540,3,3,4015080,4015080
48077,2014,Payment Months (Type 3),1,4645010,1.25,1.25,1161252.5,1161252.5
48077,2014,All Issues (Census),1,4645010,1.25,1.25,1161252.5,1161252.5
48077,2015,Payment Months (Type 3),1,3241353,1.25,1.25,810338.25,810338.25
48077,2015,All Issues (Census),1,3241353,1.25,1.25,810338.25,810338.25
48077,2022,Payment Months (Type 3),2,4149552,1.3333333333333333,1.3333333333333333,1383184,1383184
48077,2022,All Issues (Census),2,4149552,1.3333333333333333,1.3333333333333333,1383184,1383184
48079,2011,Payment Months (Type 3),1,131015,3,3,262030,262030
48079,2011,All Issues (Census),1,131015,3,3,262030,262030
48079,2012,Payment Months (Type 3),2,225455,1.25,1.25,56363.75,56363.75
48079,2012,All Issues (Census),2,225455,1.25,1.25,56363.75,56363.75
48079,2013,Payment Months (Type 3),1,269046,1.25,1.25,67261.5,67261.5
48079,2013,All Issues (Census),1,269046,1.25,1.25,67261.5,67261.5
48079,2018,Payment Months (Type 3),1,94060,1.3333333333333333,1.3333333333333333,31353.33,31353.33
48079,2018,All Issues (Census),1,94060,1.3333333333333333,1.3333333333333333,31353.33,31353.33
48079,2021,Payment Months (Type 3),3,129437,1.25,1.6666666666666667,32359.25,86291.33
48079,2021,All Issues (Census),3,129437,1.25,1.6666666666666667,32359.25,86291.33
48079,2022,Payment Months (Type 3),2,330123,1.25,1.6666666666666667,82530.75,220082
48079,2022,All Issues (Census),2,330123,1.25,1.6666666666666667,82530.75,220082
48081,2011,Payment Months (Type 3),1,628451.23,3,3,1256902.46,1256902.46
48081,2011,All Issues (Census),1,628451.23,3,3,1256902.46,1256902.46
48081,2012,Payment Months (Type 3),1,752191,1.25,1.25,188047.75,188047.75
48081,2012,All Issues (Census),1,752191,1.25,1.25,188047.75,188047.75
48081,2022,Payment Months (Type 3),1,918908,1.25,1.25,229727,229727
48081,2022,All Issues (Census),1,918908,1.25,1.25,229727,229727
48081,2023,Boundary (Type 1),1,547591,1.3333333333333333,1.3333333333333333,182530.33,182530.33
48081,2023,Payment Months (Type 3),1,547591,1.3333333333333333,1.3333333333333333,182530.33,182530.33
48081,2023,All Issues (Census),2,547591,1.3333333333333333,1.3333333333333333,182530.33,182530.33
48083,2011,Payment Months (Type 3),1,1738252.4,3,3,3476504.8,3476504.8
48083,2011,All Issues (Census),1,1738252.4,3,3,3476504.8,3476504.8
48083,2012,Payment Months (Type 3),1,2700100.82,1.25,1.25,675025.2,675025.2
48083,2012,All Issues (Census),1,2700100.82,1.25,1.25,675025.2,675025.2
48083,2022,Payment Months (Type 3),2,3732684,1.25,1.3333333333333333,933171,1244228
48083,2022,All Issues (Census),2,3732684,1.25,1.3333333333333333,933171,1244228
48083,2025,Payment Months (Type 3),1,1822598.48,1.3333333333333333,1.3333333333333333,607532.83,607532.83
48083,2025,All Issues (Census),1,1822598.48,1.3333333333333333,1.3333333333333333,607532.83,607532.83
48085,2011,Payment Months (Type 3),3,349715,1.5,3,174857.5,699430
48085,2011,All Issues (Census),3,349715,1.5,3,174857.5,699430
48087,2011,Payment Months (Type 3),1,1027171,3,3,2054342,2054342
48087,2011,All Issues (Census),1,1027171,3,3,2054342,2054342
48087,2012,Payment Months (Type 3),1,2185039,1.25,1.25,546259.75,546259.75
48087,2012,All Issues (Census),1,2185039,1.25,1.25,546259.75,546259.75
48087,2013,Payment Months (Type 3),1,2512784,1.25,1.25,628196,628196
48087,2013,All Issues (Census),1,2512784,1.25,1.25,628196,628196
48087,2015,Payment Months (Type 3),1,1479410.24,1.25,1.25,369852.56,369852.56
48087,2015,All Issues (Census),1,1479410.24,1.25,1.25,369852.56,369852.56
48087,2018,Payment Months (Type 3),1,1268763,1.6666666666666667,1.6666666666666667,845842,845842
48087,2018,All Issues (Census),1,1268763,1.6666666666666667,1.6666666666666667,845842,845842
48087,2022,Payment Months (Type 3),1,2224962,1.6666666666666667,1.6666666666666667,1483308,1483308
48087,2022,All Issues (Census),1,2224962,1.6666666666666667,1.6666666666666667,1483308,1483308
48087,2023,Payment Months (Type 3),1,2745353.1,1.6666666666666667,1.6666666666666667,1830235.4,1830235.4
48087,2023,All Issues (Census),1,2745353.1,1.6666666666666667,1.6666666666666667,1830235.4,1830235.4
48089,2011,Payment Months (Type 3),4,1716931,3,3,3433862,3433862
48089,2011,All Issues (Census),4,1716931,3,3,3433862,3433862
48089,2012,Payment Months (Type 3),1,2718509,1.25,1.25,679627.25,679627.25
48089,2012,All Issues (Census),1,2718509,1.25,1.25,679627.25,679627.25
48089,2022,Payment Months (Type 3),1,2312312,1.25,1.25,578078,578078
48089,2022,All Issues (Census),1,2312312,1.25,1.25,578078,578078
48089,2023,Payment Months (Type 3),1,2635624,1.25,1.25,658906,658906
48089,2023,All Issues (Census),1,2635624,1.25,1.25,658906,658906
48091,2011,Payment Months (Type 3),4,67027,1.5,3,33513.5,134054
48091,2011,All Issues (Census),4,67027,1.5,3,33513.5,134054
48091,2012,Payment Months (Type 3),1,88984,1.6666666666666667,1.6666666666666667,59322.67,59322.67
48091,2012,All Issues (Census),1,88984,1.6666666666666667,1.6666666666666667,59322.67,59322.67
48091,2021,Payment Months (Type 3),2,43287,1.3333333333333333,1.3333333333333333,14429,14429
48091,2021,All Issues (Census),2,43287,1.3333333333333333,1.3333333333333333,14429,14429
48091,2022,Payment Months (Type 3),1,111913,1.25,1.25,27978.25,27978.25
48091,2022,All Issues (Census),1,111913,1.25,1.25,27978.25,27978.25
48091,2023,Payment Months (Type 3),4,139438,1.25,1.6666666666666667,34859.5,92958.67
48091,2023,All Issues (Census),4,139438,1.25,1.6666666666666667,34859.5,92958.67
48091,2024,Payment Months (Type 3),2,101277,1.3333333333333333,1.3333333333333333,33759,33759
48091,2024,All Issues (Census),2,101277,1.3333333333333333,1.3333333333333333,33759,33759
48091,2025,Payment Months (Type 3),3,51602.13,1.25,1.3333333333333333,12900.53,17200.71
48091,2025,All Issues (Census),3,51602.13,1.25,1.3333333333333333,12900.53,17200.71
48093,2011,Payment Months (Type 3),4,1485486,3,3,2970972,2970972
48093,2011,All Issues (Census),4,1485486,3,3,2970972,2970972
48093,2013,Payment Months (Type 3),1,3268991.28,1.25,1.25,817247.82,817247.82
48093,2013,All Issues (Census),1,3268991.28,1.25,1.25,817247.82,817247.82
48093,2022,Threshold (Type 2),4,5172304,1.25,1.25,1293076,1293076
48093,2022,Payment Months (Type 3),1,5172304,1.3333333333333333,1.3333333333333333,1724101.33,1724101.33
48093,2022,All Issues (Census),6,5172304,1.25,1.6666666666666667,1293076,3448202.67
48093,2023,Payment Months (Type 3),3,3851985.11,1.25,1.3333333333333333,962996.28,1283995.04
48093,2023,All Issues (Census),3,3851985.11,1.25,1.3333333333333333,962996.28,1283995.04
48095,2011,Payment Months (Type 3),1,1485825,3,3,2971650,2971650
48095,2011,All Issues (Census),1,1485825,3,3,2971650,2971650
48095,2012,Payment Months (Type 3),1,1979726.63,1.25,1.25,494931.66,494931.66
48095,2012,All Issues (Census),1,1979726.63,1.25,1.25,494931.66,494931.66
48095,2022,Payment Months (Type 3),1,2004103,1.3333333333333333,1.3333333333333333,668034.33,668034.33
48095,2022,All Issues (Census),1,2004103,1.3333333333333333,1.3333333333333333,668034.33,668034.33
48095,2025,Payment Months (Type 3),1,850778.95,1.3333333333333333,1.3333333333333333,283592.98,283592.98
48095,2025,All Issues (Census),1,850778.95,1.3333333333333333,1.3333333333333333,283592.98,283592.98
48097,2011,Payment Months (Type 3),1,1577436,3,3,3154872,3154872
48097,2011,All Issues (Census),1,1577436,3,3,3154872,3154872
48097,2022,Payment Months (Type 3),2,3439533.98,1.3333333333333333,1.3333333333333333,1146511.33,1146511.33
48097,2022,All Issues (Census),2,3439533.98,1.3333333333333333,1.3333333333333333,1146511.33,1146511.33
48099,2011,Payment Months (Type 3),1,1578940,3,3,3157880,3157880
48099,2011,All Issues (Census),1,1578940,3,3,3157880,3157880
48099,2012,Payment Months (Type 3),1,3208961,1.25,1.25,802240.25,802240.25
48099,2012,All Issues (Census),1,3208961,1.25,1.25,802240.25,802240.25
48099,2013,Payment Months (Type 3),1,3074268,1.25,1.25,768567,768567
48099,2013,All Issues (Census),1,3074268,1.25,1.25,768567,768567
48099,2021,Payment Months (Type 3),1,1085247,1.3333333333333333,1.3333333333333333,361749,361749
48099,2021,All Issues (Census),1,1085247,1.3333333333333333,1.3333333333333333,361749,361749
48099,2022,Payment Months (Type 3),3,2619576,1.25,1.6666666666666667,654894,1746384
48099,2022,All Issues (Census),3,2619576,1.25,1.6666666666666667,654894,1746384
48099,2023,Payment Months (Type 3),3,2945047.69,1.25,1.3333333333333333,736261.92,981682.56
48099,2023,All Issues (Census),3,2945047.69,1.25,1.3333333333333333,736261.92,981682.56
48099,2024,Payment Months (Type 3),1,842890,1.3333333333333333,1.3333333333333333,280963.33,280963.33
48099,2024,All Issues (Census),1,842890,1.3333333333333333,1.3333333333333333,280963.33,280963.33
48101,2011,Payment Months (Type 3),1,1061078.89,3,3,2122157.78,2122157.78
48101,2011,All Issues (Census),1,1061078.89,3,3,2122157.78,2122157.78
48101,2012,Payment Months (Type 3),1,1765643,1.25,1.25,441410.75,441410.75
48101,2012,All Issues (Census),1,1765643,1.25,1.25,441410.75,441410.75
48101,2014,Payment Months (Type 3),2,1461381,1.25,1.25,365345.25,365345.25
48101,2014,All Issues (Census),2,1461381,1.25,1.25,365345.25,365345.25
48101,2015,Payment Months (Type 3),1,1111872,1.25,1.25,277968,277968
48101,2015,All Issues (Census),1,1111872,1.25,1.25,277968,277968
48101,2018,Payment Months (Type 3),1,909101,1.6666666666666667,1.6666666666666667,606067.33,606067.33
48101,2018,All Issues (Census),1,909101,1.6666666666666667,1.6666666666666667,606067.33,606067.33
48101,2022,Payment Months (Type 3),2,1423611,1.25,1.6666666666666667,355902.75,949074
48101,2022,All Issues (Census),2,1423611,1.25,1.6666666666666667,355902.75,949074
48101,2023,Payment Months (Type 3),1,1624685.75,1.3333333333333333,1.3333333333333333,541561.92,541561.92
48101,2023,All Issues (Census),1,1624685.75,1.3333333333333333,1.3333333333333333,541561.92,541561.92
48103,2011,Payment Months (Type 3),4,261412,1.5,3,130706,522824
48103,2011,All Issues (Census),4,261412,1.5,3,130706,522824
48103,2012,Payment Months (Type 3),1,255444,1.25,1.25,63861,63861
48103,2012,All Issues (Census),1,255444,1.25,1.25,63861,63861
48103,2020,Payment Months (Type 3),1,158939,1.25,1.25,39734.75,39734.75
48103,2020,All Issues (Census),1,158939,1.25,1.25,39734.75,39734.75
48103,2021,Payment Months (Type 3),3,140597,1.25,2,35149.25,140597
48103,2021,All Issues (Census),3,140597,1.25,2,35149.25,140597
48103,2022,Payment Months (Type 3),2,247896,1.25,2.5,61974,371844
48103,2022,All Issues (Census),2,247896,1.25,2.5,61974,371844
48103,2025,Payment Months (Type 3),1,,2,2,,
48103,2025,All Issues (Census),1,,2,2,,
48105,2011,Payment Months (Type 3),1,1976526,3,3,3953052,3953052
48105,2011,All Issues (Census),1,1976526,3,3,3953052,3953052
48105,2012,Payment Months (Type 3),1,2357594,1.25,1.25,589398.5,589398.5
48105,2012,All Issues (Census),1,2357594,1.25,1.25,589398.5,589398.5
48105,2021,Payment Months (Type 3),2,1270125,1.25,1.25,317531.25,317531.25
48105,2021,All Issues (Census),2,1270125,1.25,1.25,317531.25,317531.25
48105,2022,Payment Months (Type 3),1,2192640,1.3333333333333333,1.3333333333333333,730880,730880
48105,2022,All Issues (Census),1,2192640,1.3333333333333333,1.3333333333333333,730880,730880
48105,2025,Payment Months (Type 3),1,1573901.31,1.3333333333333333,1.3333333333333333,524633.77,524633.77
48105,2025,All Issues (Census),1,1573901.31,1.3333333333333333,1.3333333333333333,524633.77,524633.77
48107,2011,Payment Months (Type 3),1,253547,3,3,507094,507094
48107,2011,All Issues (Census),1,253547,3,3,507094,507094
48107,2012,Payment Months (Type 3),1,491140,1.25,1.25,122785,122785
48107,2012,All Issues (Census),1,491140,1.25,1.25,122785,122785
48107,2013,Payment Months (Type 3),1,403320,1.25,1.25,100830,100830
48107,2013,All Issues (Census),1,403320,1.25,1.25,100830,100830
48107,2018,Threshold (Type 2),1,226042,1.3333333333333333,1.3333333333333333,75347.33,75347.33
48107,2018,Payment Months (Type 3),1,226042,1.3333333333333333,1.3333333333333333,75347.33,75347.33
48107,2018,All Issues (Census),1,226042,1.3333333333333333,1.3333333333333333,75347.33,75347.33
48107,2021,Threshold (Type 2),2,156282,1.3333333333333333,1.3333333333333333,52094,52094
48107,2021,All Issues (Census),2,156282,1.3333333333333333,1.3333333333333333,52094,52094
48107,2022,Payment Months (Type 3),2,283898,1.25,1.6666666666666667,70974.5,189265.33
48107,2022,All Issues (Census),2,283898,1.25,1.6666666666666667,70974.5,189265.33
48107,2023,Payment Months (Type 3),1,419195,1.3333333333333333,1.3333333333333333,139731.67,139731.67
48107,2023,All Issues (Census),1,419195,1.3333333333333333,1.3333333333333333,139731.67,139731.67
48109,2011,Payment Months (Type 3),4,336472,1.5,3,168236,672944
48109,2011,All Issues (Census),4,336472,1.5,3,168236,672944
48109,2012,Payment Months (Type 3),1,411736,1.25,1.25,102934,102934
48109,2012,All Issues (Census),1,411736,1.25,1.25,102934,102934
48109,2021,Payment Months (Type 3),3,69034,1.25,1.6666666666666667,17258.5,46022.67
48109,2021,All Issues (Census),3,69034,1.25,1.6666666666666667,17258.5,46022.67
48109,2022,Payment Months (Type 3),1,96266.12,1.6666666666666667,1.6666666666666667,64177.41,64177.41
48109,2022,All Issues (Census),1,96266.12,1.6666666666666667,1.6666666666666667,64177.41,64177.41
48109,2024,Payment Months (Type 3),2,78865,1.25,1.3333333333333333,19716.25,26288.33
48109,2024,All Issues (Census),2,78865,1.25,1.3333333333333333,19716.25,26288.33
48109,2025,Payment Months (Type 3),3,25131.37,1.25,1.6666666666666667,6282.84,16754.25
48109,2025,All Issues (Census),3,25131.37,1.25,1.6666666666666667,6282.84,16754.25
48111,2011,Payment Months (Type 3),1,515446,3,3,1030892,1030892
48111,2011,All Issues (Census),1,515446,3,3,1030892,1030892
48111,2012,Payment Months (Type 3),1,1031360,1.25,1.25,257840,257840
48111,2012,All Issues (Census),1,1031360,1.25,1.25,257840,257840
48111,2013,Payment Months (Type 3),1,1040536,1.25,1.25,260134,260134
48111,2013,All Issues (Census),1,1040536,1.25,1.25,260134,260134
48111,2014,Payment Months (Type 3),1,894068,1.25,1.25,223517,223517
48111,2014,All Issues (Census),1,894068,1.25,1.25,223517,223517
48111,2018,Payment Months (Type 3),1,438484,2.5,2.5,657726,657726
48111,2018,All Issues (Census),1,438484,2.5,2.5,657726,657726
48111,2020,Payment Months (Type 3),1,399588,1.5,1.5,199794,199794
48111,2020,All Issues (Census),1,399588,1.5,1.5,199794,199794
48111,2022,Payment Months (Type 3),2,672453.42,1.25,2.5,168113.36,1008680.13
48111,2022,All Issues (Census),2,672453.42,1.25,2.5,168113.36,1008680.13
48111,2023,Payment Months (Type 3),2,550135,1.25,2.5,137533.75,825202.5
48111,2023,All Issues (Census),2,550135,1.25,2.5,137533.75,825202.5
48113,2011,Payment Months (Type 3),1,53549,3,3,107098,107098
48113,2011,All Issues (Census),1,53549,3,3,107098,107098
48113,2014,Payment Months (Type 3),1,110487,1.25,1.25,27621.75,27621.75
48113,2014,All Issues (Census),1,110487,1.25,1.25,27621.75,27621.75
48113,2015,Payment Months (Type 3),1,74630,1.25,1.25,18657.5,18657.5
48113,2015,All Issues (Census),1,74630,1.25,1.25,18657.5,18657.5
48113,2022,Payment Months (Type 3),1,123493,1.25,1.25,30873.25,30873.25
48113,2022,All Issues (Census),1,123493,1.25,1.25,30873.25,30873.25
48115,2011,Payment Months (Type 3),4,67701,1.5,3,33850.5,135402
48115,2011,All Issues (Census),4,67701,1.5,3,33850.5,135402
48115,2012,Payment Months (Type 3),1,219818,1.25,1.25,54954.5,54954.5
48115,2012,All Issues (Census),1,219818,1.25,1.25,54954.5,54954.5
48115,2013,Payment Months (Type 3),1,278476,1.25,1.25,69619,69619
48115,2013,All Issues (Census),1,278476,1.25,1.25,69619,69619
48115,2021,Payment Months (Type 3),1,128147,1.3333333333333333,1.3333333333333333,42715.67,42715.67
48115,2021,All Issues (Census),1,128147,1.3333333333333333,1.3333333333333333,42715.67,42715.67
48115,2022,Payment Months (Type 3),2,205919,1.25,1.6666666666666667,51479.75,137279.33
48115,2022,All Issues (Census),2,205919,1.25,1.6666666666666667,51479.75,137279.33
48115,2023,Payment Months (Type 3),1,230730,1.3333333333333333,1.3333333333333333,76910,76910
48115,2023,All Issues (Census),1,230730,1.3333333333333333,1.3333333333333333,76910,76910
48117,2011,Payment Months (Type 3),1,369964,3,3,739928,739928
48117,2011,All Issues (Census),1,369964,3,3,739928,739928
48117,2012,Payment Months (Type 3),1,697918,1.25,1.25,174479.5,174479.5
48117,2012,All Issues (Census),1,697918,1.25,1.25,174479.5,174479.5
48117,2013,Payment Months (Type 3),1,1151467,1.25,1.25,287866.75,287866.75
48117,2013,All Issues (Census),1,1151467,1.25,1.25,287866.75,287866.75
48117,2018,Payment Months (Type 3),1,608534,2,2,608534,608534
48117,2018,All Issues (Census),1,608534,2,2,608534,608534
48117,2020,Payment Months (Type 3),1,519456,1.25,1.25,129864,129864
48117,2020,All Issues (Census),1,519456,1.25,1.25,129864,129864
48117,2021,Payment Months (Type 3),3,905430,1.25,2.5,226357.5,1358145
48117,2021,All Issues (Census),3,905430,1.25,2.5,226357.5,1358145
48117,2022,Payment Months (Type 3),2,1123476,1.25,2.5,280869,1685214
48117,2022,All Issues (Census),2,1123476,1.25,2.5,280869,1685214
48117,2023,Payment Months (Type 3),1,1305901,2,2,1305901,1305901
48117,2023,All Issues (Census),1,1305901,2,2,1305901,1305901
48119,2011,Payment Months (Type 3),4,524107,1.5,3,262053.5,1048214
48119,2011,All Issues (Census),4,524107,1.5,3,262053.5,1048214
48119,2022,Payment Months (Type 3),1,695596,1.3333333333333333,1.3333333333333333,231865.33,231865.33
48119,2022,All Issues (Census),1,695596,1.3333333333333333,1.3333333333333333,231865.33,231865.33
48121,2011,Payment Months (Type 3),1,538924,3,3,1077848,1077848
48121,2011,All Issues (Census),1,538924,3,3,1077848,1077848
48123,2011,Payment Months (Type 3),1,974403,3,3,1948806,1948806
48123,2011,All Issues (Census),1,974403,3,3,1948806,1948806
48123,2012,Payment Months (Type 3),1,1448978,1.6666666666666667,1.6666666666666667,965985.33,965985.33
48123,2012,All Issues (Census),1,1448978,1.6666666666666667,1.6666666666666667,965985.33,965985.33
48123,2022,Payment Months (Type 3),1,2085613,1.25,1.25,521403.25,521403.25
48123,2022,All Issues (Census),1,2085613,1.25,1.25,521403.25,521403.25
48125,2011,Payment Months (Type 3),1,512083.57,3,3,1024167.14,1024167.14
48125,2011,All Issues (Census),1,512083.57,3,3,1024167.14,1024167.14
48125,2012,Payment Months (Type 3),1,1134730.27,1.25,1.25,283682.57,283682.57
48125,2012,All Issues (Census),1,1134730.27,1.25,1.25,283682.57,283682.57
48125,2018,Payment Months (Type 3),1,515905.14,1.3333333333333333,1.3333333333333333,171968.38,171968.38
48125,2018,All Issues (Census),1,515905.14,1.3333333333333333,1.3333333333333333,171968.38,171968.38
48125,2021,Payment Months (Type 3),1,676823,1.3333333333333333,1.3333333333333333,225607.67,225607.67
48125,2021,All Issues (Census),1,676823,1.3333333333333333,1.3333333333333333,225607.67,225607.67
48125,2022,Payment Months (Type 3),2,1122098,1.25,1.6666666666666667,280524.5,748065.33
48125,2022,All Issues (Census),2,1122098,1.25,1.6666666666666667,280524.5,748065.33
48125,2023,Payment Months (Type 3),1,1319326,1.3333333333333333,1.3333333333333333,439775.33,439775.33
48125,2023,All Issues (Census),1,1319326,1.3333333333333333,1.3333333333333333,439775.33,439775.33
48127,2011,Payment Months (Type 3),1,481379,1.5,1.5,240689.5,240689.5
48127,2011,All Issues (Census),1,481379,1.5,1.5,240689.5,240689.5
48127,2012,Payment Months (Type 3),1,327002,1.6666666666666667,1.6666666666666667,218001.33,218001.33
48127,2012,All Issues (Census),1,327002,1.6666666666666667,1.6666666666666667,218001.33,218001.33
48127,2013,Payment Months (Type 3),1,288341,1.25,1.25,72085.25,72085.25
48127,2013,All Issues (Census),1,288341,1.25,1.25,72085.25,72085.25
48127,2020,Payment Months (Type 3),2,97968,1.3333333333333333,1.3333333333333333,32656,32656
48127,2020,All Issues (Census),2,97968,1.3333333333333333,1.3333333333333333,32656,32656
48127,2021,Payment Months (Type 3),2,79093,1.3333333333333333,1.3333333333333333,26364.33,26364.33
48127,2021,All Issues (Census),2,79093,1.3333333333333333,1.3333333333333333,26364.33,26364.33
48127,2022,Payment Months (Type 3),4,356465,1.25,1.3333333333333333,89116.25,118821.67
48127,2022,All Issues (Census),4,356465,1.25,1.3333333333333333,89116.25,118821.67
48129,2011,Payment Months (Type 3),1,1065910,3,3,2131820,2131820
48129,2011,All Issues (Census),1,1065910,3,3,2131820,2131820
48129,2012,Payment Months (Type 3),1,1949960.69,1.25,1.25,487490.17,487490.17
48129,2012,All Issues (Census),1,1949960.69,1.25,1.25,487490.17,487490.17
48129,2013,Payment Months (Type 3),1,2030457,1.25,1.25,507614.25,507614.25
48129,2013,All Issues (Census),1,2030457,1.25,1.25,507614.25,507614.25
48129,2018,Payment Months (Type 3),1,866002,1.6666666666666667,1.6666666666666667,577334.67,577334.67
48129,2018,All Issues (Census),1,866002,1.6666666666666667,1.6666666666666667,577334.67,577334.67
48129,2022,Payment Months (Type 3),1,1230256,1.3333333333333333,1.3333333333333333,410085.33,410085.33
48129,2022,All Issues (Census),1,1230256,1.3333333333333333,1.3333333333333333,410085.33,410085.33
48129,2023,Payment Months (Type 3),1,1410949,1.3333333333333333,1.3333333333333333,470316.33,470316.33
48129,2023,All Issues (Census),1,1410949,1.3333333333333333,1.3333333333333333,470316.33,470316.33
48131,2011,Payment Months (Type 3),1,1176534.72,1.5,1.5,588267.36,588267.36
48131,2011,All Issues (Census),1,1176534.72,1.5,1.5,588267.36,588267.36
48131,2012,Payment Months (Type 3),1,1386938,1.6666666666666667,1.6666666666666667,924625.33,924625.33
48131,2012,All Issues (Census),1,1386938,1.6666666666666667,1.6666666666666667,924625.33,924625.33
48131,2013,Payment Months (Type 3),1,1417742.42,1.6666666666666667,1.6666666666666667,945161.61,945161.61
48131,2013,All Issues (Census),1,1417742.42,1.6666666666666667,1.6666666666666667,945161.61,945161.61
48131,2021,Payment Months (Type 3),3,412143,1.3333333333333333,1.6666666666666667,137381,274762
48131,2021,All Issues (Census),3,412143,1.3333333333333333,1.6666666666666667,137381,274762
48131,2022,Payment Months (Type 3),3,669020,1.3333333333333333,1.6666666666666667,223006.67,446013.33
48131,2022,All Issues (Census),3,669020,1.3333333333333333,1.6666666666666667,223006.67,446013.33
48131,2023,Payment Months (Type 3),1,683679,1.3333333333333333,1.3333333333333333,227893,227893
48131,2023,All Issues (Census),1,683679,1.3333333333333333,1.3333333333333333,227893,227893
48133,2011,Payment Months (Type 3),1,1406596,3,3,2813192,2813192
48133,2011,All Issues (Census),1,1406596,3,3,2813192,2813192
48133,2022,Payment Months (Type 3),2,2755078,1.25,1.3333333333333333,688769.5,918359.33
48133,2022,All Issues (Census),2,2755078,1.25,1.3333333333333333,688769.5,918359.33
48135,2011,Payment Months (Type 3),1,251109,3,3,502218,502218
48135,2011,All Issues (Census),1,251109,3,3,502218,502218
48135,2012,Payment Months (Type 3),1,296537,1.25,1.25,74134.25,74134.25
48135,2012,All Issues (Census),1,296537,1.25,1.25,74134.25,74134.25
48135,2013,Payment Months (Type 3),1,375572,1.25,1.25,93893,93893
48135,2013,All Issues (Census),1,375572,1.25,1.25,93893,93893
48135,2020,Payment Months (Type 3),1,177351,1.25,1.25,44337.75,44337.75
48135,2020,All Issues (Census),1,177351,1.25,1.25,44337.75,44337.75
48135,2021,Payment Months (Type 3),3,188029,1.25,1.6666666666666667,47007.25,125352.67
48135,2021,All Issues (Census),3,188029,1.25,1.6666666666666667,47007.25,125352.67
48135,2022,Payment Months (Type 3),2,254482,1.25,1.6666666666666667,63620.5,169654.67
48135,2022,All Issues (Census),2,254482,1.25,1.6666666666666667,63620.5,169654.67
48135,2023,Payment Months (Type 3),1,105123,1.25,1.25,26280.75,26280.75
48135,2023,All Issues (Census),1,105123,1.25,1.25,26280.75,26280.75
48137,2010,Payment Months (Type 3),2,1196806.81,1.5,1.5,598403.4,598403.4
48137,2010,All Issues (Census),2,1196806.81,1.5,1.5,598403.4,598403.4
48137,2011,Payment Months (Type 3),1,2490321,3,3,4980642,4980642
48137,2011,All Issues (Census),1,2490321,3,3,4980642,4980642
48137,2012,Payment Months (Type 3),1,3285014,1.6666666666666667,1.6666666666666667,2190009.33,2190009.33
48137,2012,All Issues (Census),1,3285014,1.6666666666666667,1.6666666666666667,2190009.33,2190009.33
48137,2013,Payment Months (Type 3),1,3887916.83,1.6666666666666667,1.6666666666666667,2591944.55,2591944.55
48137,2013,All Issues (Census),1,3887916.83,1.6666666666666667,1.6666666666666667,2591944.55,2591944.55
48137,2014,Payment Months (Type 3),1,3342776,1.3333333333333333,1.3333333333333333,1114258.67,1114258.67
48137,2014,All Issues (Census),1,3342776,1.3333333333333333,1.3333333333333333,1114258.67,1114258.67
48137,2015,Payment Months (Type 3),1,1977373.19,1.3333333333333333,1.3333333333333333,659124.4,659124.4
48137,2015,All Issues (Census),1,1977373.19,1.3333333333333333,1.3333333333333333,659124.4,659124.4
48137,2022,Payment Months (Type 3),2,2218557,1.25,1.25,554639.25,554639.25
48137,2022,All Issues (Census),2,2218557,1.25,1.25,554639.25,554639.25
48137,2023,Payment Months (Type 3),1,2440344.4,1.25,1.25,610086.1,610086.1
48137,2023,All Issues (Census),1,2440344.4,1.25,1.25,610086.1,610086.1
48137,2025,Payment Months (Type 3),1,625526.89,1.25,1.25,156381.72,156381.72
48137,2025,All Issues (Census),1,625526.89,1.25,1.25,156381.72,156381.72
48139,2011,Payment Months (Type 3),3,915635,1.5,3,457817.5,1831270
48139,2011,All Issues (Census),3,915635,1.5,3,457817.5,1831270
48139,2012,Payment Months (Type 3),1,1379878.95,1.25,1.25,344969.74,344969.74
48139,2012,All Issues (Census),1,1379878.95,1.25,1.25,344969.74,344969.74
48139,2015,Payment Months (Type 3),1,1547300.96,1.25,1.25,386825.24,386825.24
48139,2015,All Issues (Census),1,1547300.96,1.25,1.25,386825.24,386825.24
48139,2022,Payment Months (Type 3),1,2041663,1.25,1.25,510415.75,510415.75
48139,2022,All Issues (Census),1,2041663,1.25,1.25,510415.75,510415.75
48141,2011,Payment Months (Type 3),1,,3,3,,
48141,2011,All Issues (Census),1,,3,3,,
48141,2012,Threshold (Type 2),2,,1.3333333333333333,1.3333333333333333,,
48141,2012,All Issues (Census),2,,1.3333333333333333,1.3333333333333333,,
48141,2013,Threshold (Type 2),3,,3,3,,
48141,2021,Payment Months (Type 3),3,241016,1.25,1.3333333333333333,60254,80338.67
48141,2021,All Issues (Census),3,241016,1.25,1.3333333333333333,60254,80338.67
48141,2024,Payment Months (Type 3),1,,1.3333333333333333,1.3333333333333333,,
48141,2024,All Issues (Census),1,,1.3333333333333333,1.3333333333333333,,
48141,2025,Payment Months (Type 3),1,,1.6666666666666667,1.6666666666666667,,
48141,2025,All Issues (Census),1,,1.6666666666666667,1.6666666666666667,,
48143,2011,Payment Months (Type 3),4,866786,3,3,1733572,1733572
48143,2011,All Issues (Census),4,866786,3,3,1733572,1733572
48143,2013,Payment Months (Type 3),1,2564688,1.25,1.25,641172,641172
48143,2013,All Issues (Census),1,2564688,1.25,1.25,641172,641172
48143,2015,Payment Months (Type 3),1,1401352.38,1.25,1.25,350338.09,350338.09
48143,2015,All Issues (Census),1,1401352.38,1.25,1.25,350338.09,350338.09
48143,2022,Payment Months (Type 3),3,3453893.57,1.25,1.3333333333333333,863473.39,1151297.86
48143,2022,All Issues (Census),3,3453893.57,1.25,1.3333333333333333,863473.39,1151297.86
48143,2023,Payment Months (Type 3),2,1608169,1.3333333333333333,1.3333333333333333,536056.33,536056.33
48143,2023,All Issues (Census),2,1608169,1.3333333333333333,1.3333333333333333,536056.33,536056.33
48145,2011,Boundary (Type 1),1,2081886,3,3,4163772,4163772
48145,2011,Payment Months (Type 3),4,2081886,3,3,4163772,4163772
48145,2011,All Issues (Census),5,2081886,3,3,4163772,4163772
48145,2012,Payment Months (Type 3),1,4363493,1.25,1.25,1090873.25,1090873.25
48145,2012,All Issues (Census),1,4363493,1.25,1.25,1090873.25,1090873.25
48145,2023,Payment Months (Type 3),1,5046806,1.25,1.25,1261701.5,1261701.5
48145,2023,All Issues (Census),1,5046806,1.25,1.25,1261701.5,1261701.5
48147,2011,Payment Months (Type 3),4,1633301.25,1.5,3,816650.62,3266602.5
48147,2011,All Issues (Census),4,1633301.25,1.5,3,816650.62,3266602.5
48147,2022,Payment Months (Type 3),2,2208720,1.3333333333333333,1.3333333333333333,736240,736240
48147,2022,All Issues (Census),2,2208720,1.3333333333333333,1.3333333333333333,736240,736240
48149,2011,Payment Months (Type 3),3,1887473,1.5,3,943736.5,3774946
48149,2011,All Issues (Census),3,1887473,1.5,3,943736.5,3774946
48149,2012,Payment Months (Type 3),1,2910246,1.25,1.25,727561.5,727561.5
48149,2012,All Issues (Census),1,2910246,1.25,1.25,727561.5,727561.5
48149,2020,Boundary (Type 1),2,312967,3,3,625934,625934
48149,2020,All Issues (Census),2,312967,3,3,625934,625934
48149,2023,Payment Months (Type 3),1,3370095,1.25,1.25,842523.75,842523.75
48149,2023,All Issues (Census),1,3370095,1.25,1.25,842523.75,842523.75
48151,2009,Threshold (Type 2),3,128634.66,2,3,128634.66,257269.32
48151,2009,All Issues (Census),3,128634.66,2,3,128634.66,257269.32
48151,2011,Payment Months (Type 3),1,542751.1,3,3,1085502.2,1085502.2
48151,2011,All Issues (Census),1,542751.1,3,3,1085502.2,1085502.2
48151,2012,Payment Months (Type 3),2,1398781,1.25,1.25,349695.25,349695.25
48151,2012,All Issues (Census),2,1398781,1.25,1.25,349695.25,349695.25
48151,2013,Payment Months (Type 3),2,1572620,1.25,1.25,393155,393155
48151,2013,All Issues (Census),2,1572620,1.25,1.25,393155,393155
48151,2022,Payment Months (Type 3),2,1194466,1.25,1.6666666666666667,298616.5,796310.67
48151,2022,All Issues (Census),2,1194466,1.25,1.6666666666666667,298616.5,796310.67
48151,2023,Payment Months (Type 3),1,1359752.36,1.3333333333333333,1.3333333333333333,453250.79,453250.79
48151,2023,All Issues (Census),1,1359752.36,1.3333333333333333,1.3333333333333333,453250.79,453250.79
48153,2011,Payment Months (Type 3),1,408432,3,3,816864,816864
48153,2011,All Issues (Census),1,408432,3,3,816864,816864
48153,2012,Payment Months (Type 3),1,989213,1.25,1.25,247303.25,247303.25
48153,2012,All Issues (Census),1,989213,1.25,1.25,247303.25,247303.25
48153,2013,Payment Months (Type 3),1,1069317,1.25,1.25,267329.25,267329.25
48153,2013,All Issues (Census),1,1069317,1.25,1.25,267329.25,267329.25
48153,2018,Payment Months (Type 3),1,445489.51,1.3333333333333333,1.3333333333333333,148496.5,148496.5
48153,2018,All Issues (Census),1,445489.51,1.3333333333333333,1.3333333333333333,148496.5,148496.5
48153,2021,Threshold (Type 2),1,584847,1.3333333333333333,1.3333333333333333,194949,194949
48153,2021,All Issues (Census),1,584847,1.3333333333333333,1.3333333333333333,194949,194949
48153,2022,Payment Months (Type 3),2,936022,1.25,1.6666666666666667,234005.5,624014.67
48153,2022,All Issues (Census),2,936022,1.25,1.6666666666666667,234005.5,624014.67
48153,2023,Payment Months (Type 3),1,1316767.39,1.3333333333333333,1.3333333333333333,438922.46,438922.46
48153,2023,All Issues (Census),1,1316767.39,1.3333333333333333,1.3333333333333333,438922.46,438922.46
48155,2011,Payment Months (Type 3),1,911109,3,3,1822218,1822218
48155,2011,All Issues (Census),1,911109,3,3,1822218,1822218
48155,2012,Payment Months (Type 3),1,1332579,1.25,1.25,333144.75,333144.75
48155,2012,All Issues (Census),1,1332579,1.25,1.25,333144.75,333144.75
48155,2013,Payment Months (Type 3),2,1729970,1.25,1.25,432492.5,432492.5
48155,2013,All Issues (Census),2,1729970,1.25,1.25,432492.5,432492.5
48155,2014,Payment Months (Type 3),2,1483568,1.25,1.25,370892,370892
48155,2014,All Issues (Census),2,1483568,1.25,1.25,370892,370892
48155,2015,Payment Months (Type 3),1,1209962,1.25,1.25,302490.5,302490.5
48155,2015,All Issues (Census),1,1209962,1.25,1.25,302490.5,302490.5
48155,2018,Payment Months (Type 3),1,758343,1.6666666666666667,1.6666666666666667,505562,505562
48155,2018,All Issues (Census),1,758343,1.6666666666666667,1.6666666666666667,505562,505562
48155,2022,Payment Months (Type 3),2,1256781,1.25,1.6666666666666667,314195.25,837854
48155,2022,All Issues (Census),2,1256781,1.25,1.6666666666666667,314195.25,837854
48155,2023,Threshold (Type 2),1,1206599,1.3333333333333333,1.3333333333333333,402199.67,402199.67
48157,2011,Payment Months (Type 3),1,875820.9,1.5,1.5,437910.45,437910.45
48157,2011,All Issues (Census),1,875820.9,1.5,1.5,437910.45,437910.45
48157,2012,Payment Months (Type 3),1,1344038,1.25,1.25,336009.5,336009.5
48157,2012,All Issues (Census),1,1344038,1.25,1.25,336009.5,336009.5
48159,2011,Payment Months (Type 3),1,449479,3,3,898958,898958
48159,2011,All Issues (Census),1,449479,3,3,898958,898958
48159,2022,Payment Months (Type 3),1,1184335,1.3333333333333333,1.3333333333333333,394778.33,394778.33
48159,2022,All Issues (Census),1,1184335,1.3333333333333333,1.3333333333333333,394778.33,394778.33
48161,2011,Payment Months (Type 3),3,1519933,1.5,3,759966.5,3039866
48161,2011,All Issues (Census),3,1519933,1.5,3,759966.5,3039866
48161,2012,Payment Months (Type 3),1,2977051,1.25,1.25,744262.75,744262.75
48161,2012,All Issues (Census),1,2977051,1.25,1.25,744262.75,744262.75
48161,2022,Payment Months (Type 3),1,3646718,1.25,1.25,911679.5,911679.5
48161,2022,All Issues (Census),1,3646718,1.25,1.25,911679.5,911679.5
48163,2011,Payment Months (Type 3),2,763407,1.5,1.5,381703.5,381703.5
48163,2011,All Issues (Census),2,763407,1.5,1.5,381703.5,381703.5
48163,2012,Payment Months (Type 3),1,979144,1.6666666666666667,1.6666666666666667,652762.67,652762.67
48163,2012,All Issues (Census),1,979144,1.6666666666666667,1.6666666666666667,652762.67,652762.67
48163,2014,Payment Months (Type 3),1,811992.29,1.3333333333333333,1.3333333333333333,270664.1,270664.1
48163,2014,All Issues (Census),1,811992.29,1.3333333333333333,1.3333333333333333,270664.1,270664.1
48163,2015,Payment Months (Type 3),1,473372,1.3333333333333333,1.3333333333333333,157790.67,157790.67
48163,2015,All Issues (Census),1,473372,1.3333333333333333,1.3333333333333333,157790.67,157790.67
48163,2021,Payment Months (Type 3),2,540356,1.3333333333333333,1.3333333333333333,180118.67,180118.67
48163,2021,All Issues (Census),2,540356,1.3333333333333333,1.3333333333333333,180118.67,180118.67
48163,2022,Payment Months (Type 3),4,778946.07,1.25,1.3333333333333333,194736.52,259648.69
48163,2022,All Issues (Census),4,778946.07,1.25,1.3333333333333333,194736.52,259648.69
48163,2023,Payment Months (Type 3),1,662166.34,1.3333333333333333,1.3333333333333333,220722.11,220722.11
48163,2023,All Issues (Census),1,662166.34,1.3333333333333333,1.3333333333333333,220722.11,220722.11
48163,2025,Payment Months (Type 3),4,244548.26,1.25,1.3333333333333333,61137.07,81516.09
48163,2025,All Issues (Census),4,244548.26,1.25,1.3333333333333333,61137.07,81516.09
48165,2011,Payment Months (Type 3),4,142350,1.5,3,71175,284700
48165,2011,All Issues (Census),4,142350,1.5,3,71175,284700
48165,2012,Payment Months (Type 3),1,279483,1.25,1.25,69870.75,69870.75
48165,2012,All Issues (Census),1,279483,1.25,1.25,69870.75,69870.75
48165,2013,Payment Months (Type 3),1,315147,1.25,1.25,78786.75,78786.75
48165,2013,All Issues (Census),1,315147,1.25,1.25,78786.75,78786.75
48165,2020,Payment Months (Type 3),1,182964,1.25,1.25,45741,45741
48165,2020,All Issues (Census),1,182964,1.25,1.25,45741,45741
48165,2021,Payment Months (Type 3),3,211239,1.25,1.6666666666666667,52809.75,140826
48165,2021,All Issues (Census),3,211239,1.25,1.6666666666666667,52809.75,140826
48165,2022,Payment Months (Type 3),2,330513,1.25,1.6666666666666667,82628.25,220342
48165,2022,All Issues (Census),2,330513,1.25,1.6666666666666667,82628.25,220342
48165,2023,Payment Months (Type 3),1,274669,1.3333333333333333,1.3333333333333333,91556.33,91556.33
48165,2023,All Issues (Census),1,274669,1.3333333333333333,1.3333333333333333,91556.33,91556.33
48167,2011,Payment Months (Type 3),1,226741,3,3,453482,453482
48167,2011,All Issues (Census),1,226741,3,3,453482,453482
48167,2012,Payment Months (Type 3),1,224293,1.25,1.25,56073.25,56073.25
48167,2012,All Issues (Census),1,224293,1.25,1.25,56073.25,56073.25
48167,2023,Payment Months (Type 3),1,213541,1.25,1.25,53385.25,53385.25
48167,2023,All Issues (Census),1,213541,1.25,1.25,53385.25,53385.25
48167,2024,Payment Months (Type 3),1,,1.3333333333333333,1.3333333333333333,,
48167,2024,All Issues (Census),1,,1.3333333333333333,1.3333333333333333,,
48169,2011,Payment Months (Type 3),1,643917,3,3,1287834,1287834
48169,2011,All Issues (Census),1,643917,3,3,1287834,1287834
48169,2012,Payment Months (Type 3),1,997174.31,1.25,1.25,249293.58,249293.58
48169,2012,All Issues (Census),1,997174.31,1.25,1.25,249293.58,249293.58
48169,2013,Payment Months (Type 3),1,1093112,1.25,1.25,273278,273278
48169,2013,All Issues (Census),1,1093112,1.25,1.25,273278,273278
48169,2018,Payment Months (Type 3),1,447306,1.3333333333333333,1.3333333333333333,149102,149102
48169,2018,All Issues (Census),1,447306,1.3333333333333333,1.3333333333333333,149102,149102
48169,2022,Payment Months (Type 3),2,956816,1.25,1.6666666666666667,239204,637877.33
48169,2022,All Issues (Census),2,956816,1.25,1.6666666666666667,239204,637877.33
48169,2023,Payment Months (Type 3),1,827048,1.3333333333333333,1.3333333333333333,275682.67,275682.67
48169,2023,All Issues (Census),1,827048,1.3333333333333333,1.3333333333333333,275682.67,275682.67
48171,2011,Payment Months (Type 3),4,2553300.91,3,3,5106601.82,5106601.82
48171,2011,All Issues (Census),4,2553300.91,3,3,5106601.82,5106601.82
48171,2012,Boundary (Type 1),1,3642034,3,3,7284068,7284068
48171,2012,Payment Months (Type 3),1,3642034,1.25,1.25,910508.5,910508.5
48171,2012,All Issues (Census),2,3642034,1.25,3,910508.5,7284068
48171,2014,Payment Months (Type 3),1,3483174,1.25,1.25,870793.5,870793.5
48171,2014,All Issues (Census),1,3483174,1.25,1.25,870793.5,870793.5
48171,2021,Payment Months (Type 3),1,928811,1.3333333333333333,1.3333333333333333,309603.67,309603.67
48171,2021,All Issues (Census),1,928811,1.3333333333333333,1.3333333333333333,309603.67,309603.67
48171,2022,Payment Months (Type 3),2,2924373,1.25,1.25,731093.25,731093.25
48171,2022,All Issues (Census),2,2924373,1.25,1.25,731093.25,731093.25
48171,2023,Payment Months (Type 3),4,3035409,1.25,1.6666666666666667,758852.25,2023606
48171,2023,All Issues (Census),4,3035409,1.25,1.6666666666666667,758852.25,2023606
48171,2024,Payment Months (Type 3),1,1924846,1.3333333333333333,1.3333333333333333,641615.33,641615.33
48171,2024,All Issues (Census),1,1924846,1.3333333333333333,1.3333333333333333,641615.33,641615.33
48171,2025,Payment Months (Type 3),2,1113007.94,1.25,1.3333333333333333,278251.98,371002.65
48171,2025,All Issues (Census),2,1113007.94,1.25,1.3333333333333333,278251.98,371002.65
48173,2011,Payment Months (Type 3),1,172413,3,3,344826,344826
48173,2011,All Issues (Census),1,172413,3,3,344826,344826
48173,2012,Payment Months (Type 3),1,181766,1.25,1.25,45441.5,45441.5
48173,2012,All Issues (Census),1,181766,1.25,1.25,45441.5,45441.5
48173,2013,Payment Months (Type 3),1,248111,1.25,1.25,62027.75,62027.75
48173,2013,All Issues (Census),1,248111,1.25,1.25,62027.75,62027.75
48173,2018,Payment Months (Type 3),1,103441,1.3333333333333333,1.3333333333333333,34480.33,34480.33
48173,2018,All Issues (Census),1,103441,1.3333333333333333,1.3333333333333333,34480.33,34480.33
48173,2021,Threshold (Type 2),2,84157,1.3333333333333333,1.3333333333333333,28052.33,28052.33
48173,2022,Payment Months (Type 3),2,265603,1.25,1.6666666666666667,66400.75,177068.67
48173,2022,All Issues (Census),2,265603,1.25,1.6666666666666667,66400.75,177068.67
48173,2023,Payment Months (Type 3),1,241683.98,1.3333333333333333,1.3333333333333333,80561.33,80561.33
48173,2023,All Issues (Census),1,241683.98,1.3333333333333333,1.3333333333333333,80561.33,80561.33
48175,2012,Payment Months (Type 3),1,989583,1.6666666666666667,1.6666666666666667,659722,659722
48175,2012,All Issues (Census),1,989583,1.6666666666666667,1.6666666666666667,659722,659722
48175,2022,Payment Months (Type 3),1,1276479,1.25,1.25,319119.75,319119.75
48175,2022,All Issues (Census),1,1276479,1.25,1.25,319119.75,319119.75
48177,2011,Payment Months (Type 3),1,1881189,3,3,3762378,3762378
48177,2011,All Issues (Census),1,1881189,3,3,3762378,3762378
48177,2012,Payment Months (Type 3),1,2804944,1.6666666666666667,1.6666666666666667,1869962.67,1869962.67
48177,2012,All Issues (Census),1,2804944,1.6666666666666667,1.6666666666666667,1869962.67,1869962.67
48177,2022,Payment Months (Type 3),1,5458294,1.25,1.25,1364573.5,1364573.5
48177,2022,All Issues (Census),1,5458294,1.25,1.25,1364573.5,1364573.5
48177,2023,Payment Months (Type 3),2,6234319,1.25,1.3333333333333333,1558579.75,2078106.33
48177,2023,All Issues (Census),2,6234319,1.25,1.3333333333333333,1558579.75,2078106.33
48179,2011,Payment Months (Type 3),1,716111.41,3,3,1432222.82,1432222.82
48179,2011,All Issues (Census),1,716111.41,3,3,1432222.82,1432222.82
48179,2012,Payment Months (Type 3),1,1818309,1.25,1.25,454577.25,454577.25
48179,2012,All Issues (Census),1,1818309,1.25,1.25,454577.25,454577.25
48179,2013,Payment Months (Type 3),1,2119155,1.25,1.25,529788.75,529788.75
48179,2013,All Issues (Census),1,2119155,1.25,1.25,529788.75,529788.75
48179,2014,Payment Months (Type 3),1,1931193,1.25,1.25,482798.25,482798.25
48179,2014,All Issues (Census),1,1931193,1.25,1.25,482798.25,482798.25
48179,2018,Payment Months (Type 3),1,907356,1.6666666666666667,1.6666666666666667,604904,604904
48179,2018,All Issues (Census),1,907356,1.6666666666666667,1.6666666666666667,604904,604904
48179,2022,Payment Months (Type 3),1,1282502,1.3333333333333333,1.3333333333333333,427500.67,427500.67
48179,2022,All Issues (Census),1,1282502,1.3333333333333333,1.3333333333333333,427500.67,427500.67
48179,2023,Payment Months (Type 3),1,1411574,1.3333333333333333,1.3333333333333333,470524.67,470524.67
48179,2023,All Issues (Census),1,1411574,1.3333333333333333,1.3333333333333333,470524.67,470524.67
48181,2011,Payment Months (Type 3),1,1586393,3,3,3172786,3172786
48181,2011,All Issues (Census),1,1586393,3,3,3172786,3172786
48181,2022,Payment Months (Type 3),1,2687727,1.3333333333333333,1.3333333333333333,895909,895909
48181,2022,All Issues (Census),1,2687727,1.3333333333333333,1.3333333333333333,895909,895909
48183,2011,Payment Months (Type 3),1,50685,3,3,101370,101370
48183,2011,All Issues (Census),1,50685,3,3,101370,101370
48183,2012,Payment Months (Type 3),1,77969,1.25,1.25,19492.25,19492.25
48183,2012,All Issues (Census),1,77969,1.25,1.25,19492.25,19492.25
48185,2011,Payment Months (Type 3),1,1219780,3,3,2439560,2439560
48185,2011,All Issues (Census),1,1219780,3,3,2439560,2439560
48185,2012,Payment Months (Type 3),1,1685574,1.25,1.25,421393.5,421393.5
48185,2012,All Issues (Census),1,1685574,1.25,1.25,421393.5,421393.5
48185,2015,Boundary (Type 1),3,933630,1.3333333333333333,1.3333333333333333,311210,311210
48185,2015,All Issues (Census),3,933630,1.3333333333333333,1.3333333333333333,311210,311210
48185,2023,Payment Months (Type 3),1,2183819,1.25,1.25,545954.75,545954.75
48185,2023,All Issues (Census),1,2183819,1.25,1.25,545954.75,545954.75
48187,2011,Payment Months (Type 3),3,918868.71,1.5,3,459434.36,1837737.42
48187,2011,All Issues (Census),3,918868.71,1.5,3,459434.36,1837737.42
48187,2012,Payment Months (Type 3),1,1594521,1.6666666666666667,1.6666666666666667,1063014,1063014
48187,2012,All Issues (Census),1,1594521,1.6666666666666667,1.6666666666666667,1063014,1063014
48187,2021,Payment Months (Type 3),2,587976,1.3333333333333333,1.3333333333333333,195992,195992
48187,2021,All Issues (Census),2,587976,1.3333333333333333,1.3333333333333333,195992,195992
48187,2022,Payment Months (Type 3),1,1489701.06,1.25,1.25,372425.26,372425.26
48187,2022,All Issues (Census),1,1489701.06,1.25,1.25,372425.26,372425.26
48187,2023,Payment Months (Type 3),3,1598776.88,1.25,1.6666666666666667,399694.22,1065851.25
48187,2023,All Issues (Census),3,1598776.88,1.25,1.6666666666666667,399694.22,1065851.25
48187,2024,Payment Months (Type 3),2,913869.82,1.3333333333333333,1.3333333333333333,304623.27,304623.27
48187,2024,All Issues (Census),2,913869.82,1.3333333333333333,1.3333333333333333,304623.27,304623.27
48187,2025,Payment Months (Type 3),3,474202.05,1.25,1.3333333333333333,118550.51,158067.35
48187,2025,All Issues (Census),3,474202.05,1.25,1.3333333333333333,118550.51,158067.35
48189,2011,Payment Months (Type 3),1,109359,3,3,218718,218718
48189,2011,All Issues (Census),1,109359,3,3,218718,218718
48189,2012,Payment Months (Type 3),2,281508,1.25,1.25,70377,70377
48189,2012,All Issues (Census),2,281508,1.25,1.25,70377,70377
48189,2013,Payment Months (Type 3),2,305991,1.25,1.25,76497.75,76497.75
48189,2013,All Issues (Census),2,305991,1.25,1.25,76497.75,76497.75
48189,2018,Payment Months (Type 3),1,182302,1.3333333333333333,1.3333333333333333,60767.33,60767.33
48189,2018,All Issues (Census),1,182302,1.3333333333333333,1.3333333333333333,60767.33,60767.33
48189,2021,Payment Months (Type 3),1,285228,1.3333333333333333,1.3333333333333333,95076,95076
48189,2021,All Issues (Census),1,285228,1.3333333333333333,1.3333333333333333,95076,95076
48189,2022,Payment Months (Type 3),2,553366,1.25,1.6666666666666667,138341.5,368910.67
48189,2022,All Issues (Census),2,553366,1.25,1.6666666666666667,138341.5,368910.67
48189,2023,Payment Months (Type 3),1,746080,1.3333333333333333,1.3333333333333333,248693.33,248693.33
48189,2023,All Issues (Census),1,746080,1.3333333333333333,1.3333333333333333,248693.33,248693.33
48191,2011,Payment Months (Type 3),1,713572,3,3,1427144,1427144
48191,2011,All Issues (Census),1,713572,3,3,1427144,1427144
48191,2018,Payment Months (Type 3),1,914988,1.6666666666666667,1.6666666666666667,609992,609992
48191,2018,All Issues (Census),1,914988,1.6666666666666667,1.6666666666666667,609992,609992
48191,2022,Payment Months (Type 3),1,1363001,1.6666666666666667,1.6666666666666667,908667.33,908667.33
48191,2022,All Issues (Census),1,1363001,1.6666666666666667,1.6666666666666667,908667.33,908667.33
48191,2023,Threshold (Type 2),2,1306434,1.3333333333333333,1.3333333333333333,435478,435478
48191,2023,Payment Months (Type 3),1,1306434,1.3333333333333333,1.3333333333333333,435478,435478
48191,2023,All Issues (Census),3,1306434,1.3333333333333333,1.3333333333333333,435478,435478
48193,2011,Payment Months (Type 3),4,1275948.91,3,3,2551897.82,2551897.82
48193,2011,All Issues (Census),4,1275948.91,3,3,2551897.82,2551897.82
48193,2013,Payment Months (Type 3),1,2735094,1.25,1.25,683773.5,683773.5
48193,2013,All Issues (Census),1,2735094,1.25,1.25,683773.5,683773.5
48193,2022,Payment Months (Type 3),3,2581335,1.25,1.6666666666666667,645333.75,1720890
48193,2022,All Issues (Census),3,2581335,1.25,1.6666666666666667,645333.75,1720890
48193,2023,Payment Months (Type 3),3,2511969,1.25,1.3333333333333333,627992.25,837323
48193,2023,All Issues (Census),3,2511969,1.25,1.3333333333333333,627992.25,837323
48195,2011,Payment Months (Type 3),1,640787,3,3,1281574,1281574
48195,2011,All Issues (Census),1,640787,3,3,1281574,1281574
48195,2012,Payment Months (Type 3),1,2157264,1.25,1.25,539316,539316
48195,2012,All Issues (Census),1,2157264,1.25,1.25,539316,539316
48195,2014,Payment Months (Type 3),1,2068563,1.25,1.25,517140.75,517140.75
48195,2014,All Issues (Census),1,2068563,1.25,1.25,517140.75,517140.75
48195,2018,Payment Months (Type 3),1,1009938,2.5,2.5,1514907,1514907
48195,2018,All Issues (Census),1,1009938,2.5,2.5,1514907,1514907
48195,2020,Payment Months (Type 3),1,665585,1.5,1.5,332792.5,332792.5
48195,2020,All Issues (Census),1,665585,1.5,1.5,332792.5,332792.5
48195,2022,Payment Months (Type 3),2,1776033,1.25,2.5,444008.25,2664049.5
48195,2022,All Issues (Census),2,1776033,1.25,2.5,444008.25,2664049.5
48195,2023,Payment Months (Type 3),2,2126922.59,1.25,2.5,531730.65,3190383.88
48195,2023,All Issues (Census),2,2126922.59,1.25,2.5,531730.65,3190383.88
48197,2011,Payment Months (Type 3),1,603326,3,3,1206652,1206652
48197,2011,All Issues (Census),1,603326,3,3,1206652,1206652
48197,2012,Payment Months (Type 3),2,1482794.44,1.25,1.25,370698.61,370698.61
48197,2012,All Issues (Census),2,1482794.44,1.25,1.25,370698.61,370698.61
48197,2013,Boundary (Type 1),1,1689066,1.25,1.25,422266.5,422266.5
48197,2013,All Issues (Census),1,1689066,1.25,1.25,422266.5,422266.5
48197,2014,Payment Months (Type 3),1,1530823,1.25,1.25,382705.75,382705.75
48197,2014,All Issues (Census),1,1530823,1.25,1.25,382705.75,382705.75
48197,2015,Payment Months (Type 3),1,1164267,1.25,1.25,291066.75,291066.75
48197,2015,All Issues (Census),1,1164267,1.25,1.25,291066.75,291066.75
48197,2018,Payment Months (Type 3),1,937055,1.6666666666666667,1.6666666666666667,624703.33,624703.33
48197,2018,All Issues (Census),1,937055,1.6666666666666667,1.6666666666666667,624703.33,624703.33
48197,2022,Payment Months (Type 3),2,1699074,1.25,1.6666666666666667,424768.5,1132716
48197,2022,All Issues (Census),2,1699074,1.25,1.6666666666666667,424768.5,1132716
48197,2023,Payment Months (Type 3),1,1963379,1.6666666666666667,1.6666666666666667,1308919.33,1308919.33
48197,2023,All Issues (Census),1,1963379,1.6666666666666667,1.6666666666666667,1308919.33,1308919.33
48199,2011,Payment Months (Type 3),3,39777,1.5,3,19888.5,79554
48199,2011,All Issues (Census),3,39777,1.5,3,19888.5,79554
48199,2012,Payment Months (Type 3),1,47856,1.25,1.25,11964,11964
48199,2012,All Issues (Census),1,47856,1.25,1.25,11964,11964
48199,2023,Payment Months (Type 3),1,47013,1.25,1.25,11753.25,11753.25
48199,2023,All Issues (Census),1,47013,1.25,1.25,11753.25,11753.25
48199,2024,Payment Months (Type 3),2,21784,1.25,1.6666666666666667,5446,14522.67
48199,2024,All Issues (Census),2,21784,1.25,1.6666666666666667,5446,14522.67
48201,2011,Payment Months (Type 3),4,268463,1.5,3,134231.5,536926
48201,2011,All Issues (Census),4,268463,1.5,3,134231.5,536926
48201,2012,Payment Months (Type 3),1,352342,1.25,1.25,88085.5,88085.5
48201,2012,All Issues (Census),1,352342,1.25,1.25,88085.5,88085.5
48201,2023,Payment Months (Type 3),1,297352,1.25,1.25,74338,74338
48201,2023,All Issues (Census),1,297352,1.25,1.25,74338,74338
48203,2011,Payment Months (Type 3),3,190880,1.5,3,95440,381760
48203,2011,All Issues (Census),3,190880,1.5,3,95440,381760
48203,2012,Payment Months (Type 3),1,327789,1.25,1.25,81947.25,81947.25
48203,2012,All Issues (Census),1,327789,1.25,1.25,81947.25,81947.25
48205,2011,Payment Months (Type 3),1,774914,3,3,1549828,1549828
48205,2011,All Issues (Census),1,774914,3,3,1549828,1549828
48205,2012,Payment Months (Type 3),1,1194107,1.25,1.25,298526.75,298526.75
48205,2012,All Issues (Census),1,1194107,1.25,1.25,298526.75,298526.75
48205,2013,Payment Months (Type 3),1,1194757,1.25,1.25,298689.25,298689.25
48205,2013,All Issues (Census),1,1194757,1.25,1.25,298689.25,298689.25
48205,2014,Payment Months (Type 3),1,1165293,1.25,1.25,291323.25,291323.25
48205,2014,All Issues (Census),1,1165293,1.25,1.25,291323.25,291323.25
48205,2018,Payment Months (Type 3),1,385222,2,2,385222,385222
48205,2018,All Issues (Census),1,385222,2,2,385222,385222
48205,2020,Payment Months (Type 3),1,516132,1.5,1.5,258066,258066
48205,2020,All Issues (Census),1,516132,1.5,1.5,258066,258066
48205,2022,Payment Months (Type 3),2,799669,1.25,2.5,199917.25,1199503.5
48205,2022,All Issues (Census),2,799669,1.25,2.5,199917.25,1199503.5
48205,2023,Payment Months (Type 3),2,576844,1.25,2.5,144211,865266
48205,2023,All Issues (Census),2,576844,1.25,2.5,144211,865266
48207,2011,Payment Months (Type 3),1,663523,3,3,1327046,1327046
48207,2011,All Issues (Census),1,663523,3,3,1327046,1327046
48207,2012,Payment Months (Type 3),2,1591474,1.25,1.25,397868.5,397868.5
48207,2012,All Issues (Census),2,1591474,1.25,1.25,397868.5,397868.5
48207,2013,Payment Months (Type 3),2,2006038,1.25,1.25,501509.5,501509.5
48207,2013,All Issues (Census),2,2006038,1.25,1.25,501509.5,501509.5
48207,2018,Boundary (Type 1),1,918877,1.3333333333333333,1.3333333333333333,306292.33,306292.33
48207,2018,Payment Months (Type 3),1,918877,1.3333333333333333,1.3333333333333333,306292.33,306292.33
48207,2018,All Issues (Census),2,918877,1.3333333333333333,1.3333333333333333,306292.33,306292.33
48207,2022,Payment Months (Type 3),1,1902673,1.3333333333333333,1.3333333333333333,634224.33,634224.33
48207,2022,All Issues (Census),1,1902673,1.3333333333333333,1.3333333333333333,634224.33,634224.33
48209,2011,Payment Months (Type 3),1,236337,3,3,472674,472674
48209,2011,All Issues (Census),1,236337,3,3,472674,472674
48209,2012,Payment Months (Type 3),1,370546,1.25,1.25,92636.5,92636.5
48209,2012,All Issues (Census),1,370546,1.25,1.25,92636.5,92636.5
48209,2021,Payment Months (Type 3),1,93369,1.3333333333333333,1.3333333333333333,31123,31123
48209,2021,All Issues (Census),1,93369,1.3333333333333333,1.3333333333333333,31123,31123
48209,2022,Payment Months (Type 3),1,265836,1.25,1.25,66459,66459
48209,2022,All Issues (Census),1,265836,1.25,1.25,66459,66459
48209,2023,Payment Months (Type 3),4,291595,1.25,1.6666666666666667,72898.75,194396.67
48209,2023,All Issues (Census),4,291595,1.25,1.6666666666666667,72898.75,194396.67
48209,2024,Threshold (Type 2),1,172487,4,4,517461,517461
48209,2024,Payment Months (Type 3),1,172487,1.3333333333333333,1.3333333333333333,57495.67,57495.67
48209,2024,All Issues (Census),2,172487,1.3333333333333333,4,57495.67,517461
48209,2025,Payment Months (Type 3),2,46886,1.25,1.3333333333333333,11721.5,15628.67
48209,2025,All Issues (Census),2,46886,1.25,1.3333333333333333,11721.5,15628.67
48211,2011,Payment Months (Type 3),1,624518,3,3,1249036,1249036
48211,2011,All Issues (Census),1,624518,3,3,1249036,1249036
48211,2012,Payment Months (Type 3),2,872999,1.25,1.25,218249.75,218249.75
48211,2012,All Issues (Census),2,872999,1.25,1.25,218249.75,218249.75
48211,2013,Payment Months (Type 3),1,1089148,1.25,1.25,272287,272287
48211,2013,All Issues (Census),1,1089148,1.25,1.25,272287,272287
48211,2018,Payment Months (Type 3),1,746402,2.5,2.5,1119603,1119603
48211,2018,All Issues (Census),1,746402,2.5,2.5,1119603,1119603
48211,2020,Threshold (Type 2),3,558565,1.3333333333333333,1.3333333333333333,186188.33,186188.33
48211,2020,All Issues (Census),3,558565,1.3333333333333333,1.3333333333333333,186188.33,186188.33
48211,2022,Payment Months (Type 3),1,1254008.5,2,2,1254008.5,1254008.5
48211,2022,All Issues (Census),1,1254008.5,2,2,1254008.5,1254008.5
48211,2023,Payment Months (Type 3),1,1560081,2,2,1560081,1560081
48211,2023,All Issues (Census),1,1560081,2,2,1560081,1560081
48213,2011,Payment Months (Type 3),1,757392,3,3,1514784,1514784
48213,2011,All Issues (Census),1,757392,3,3,1514784,1514784
48213,2012,Payment Months (Type 3),1,1454249,1.25,1.25,363562.25,363562.25
48213,2012,All Issues (Census),1,1454249,1.25,1.25,363562.25,363562.25
48213,2022,Payment Months (Type 3),1,2117862.3,1.25,1.25,529465.58,529465.58
48213,2022,All Issues (Census),1,2117862.3,1.25,1.25,529465.58,529465.58
48215,2011,Payment Months (Type 3),1,326989,1.5,1.5,163494.5,163494.5
48215,2011,All Issues (Census),1,326989,1.5,1.5,163494.5,163494.5
48215,2012,Payment Months (Type 3),1,537091,1.6666666666666667,1.6666666666666667,358060.67,358060.67
48215,2012,All Issues (Census),1,537091,1.6666666666666667,1.6666666666666667,358060.67,358060.67
48215,2013,Payment Months (Type 3),2,599310.67,1.25,1.6666666666666667,149827.67,399540.45
48215,2013,All Issues (Census),2,599310.67,1.25,1.6666666666666667,149827.67,399540.45
48215,2014,Payment Months (Type 3),1,58325,1.3333333333333333,1.3333333333333333,19441.67,19441.67
48215,2014,All Issues (Census),1,58325,1.3333333333333333,1.3333333333333333,19441.67,19441.67
48215,2020,Payment Months (Type 3),1,82343,1.3333333333333333,1.3333333333333333,27447.67,27447.67
48215,2020,All Issues (Census),1,82343,1.3333333333333333,1.3333333333333333,27447.67,27447.67
48215,2021,Payment Months (Type 3),3,92875,1.3333333333333333,1.6666666666666667,30958.33,61916.67
48215,2021,All Issues (Census),3,92875,1.3333333333333333,1.6666666666666667,30958.33,61916.67
48215,2023,Payment Months (Type 3),1,249771,1.3333333333333333,1.3333333333333333,83257,83257
48215,2023,All Issues (Census),1,249771,1.3333333333333333,1.3333333333333333,83257,83257
48217,2011,Payment Months (Type 3),1,1431591.54,3,3,2863183.08,2863183.08
48217,2011,All Issues (Census),1,1431591.54,3,3,2863183.08,2863183.08
48217,2012,Payment Months (Type 3),1,2419233.38,1.25,1.25,604808.34,604808.34
48217,2012,All Issues (Census),1,2419233.38,1.25,1.25,604808.34,604808.34
48217,2013,Payment Months (Type 3),1,2738493,1.25,1.25,684623.25,684623.25
48217,2013,All Issues (Census),1,2738493,1.25,1.25,684623.25,684623.25
48217,2022,Payment Months (Type 3),1,2535061,1.25,1.25,633765.25,633765.25
48217,2022,All Issues (Census),1,2535061,1.25,1.25,633765.25,633765.25
48219,2011,Payment Months (Type 3),1,94148,3,3,188296,188296
48219,2011,All Issues (Census),1,94148,3,3,188296,188296
48219,2012,Payment Months (Type 3),2,182051,1.25,1.25,45512.75,45512.75
48219,2012,All Issues (Census),2,182051,1.25,1.25,45512.75,45512.75
48219,2013,Payment Months (Type 3),2,224417,1.25,1.25,56104.25,56104.25
48219,2013,All Issues (Census),2,224417,1.25,1.25,56104.25,56104.25
48219,2018,Payment Months (Type 3),1,227991,1.3333333333333333,1.3333333333333333,75997,75997
48219,2018,All Issues (Census),1,227991,1.3333333333333333,1.3333333333333333,75997,75997
48219,2020,Payment Months (Type 3),1,239191,1.25,1.25,59797.75,59797.75
48219,2020,All Issues (Census),1,239191,1.25,1.25,59797.75,59797.75
48219,2021,Payment Months (Type 3),3,249241,1.25,1.6666666666666667,62310.25,166160.67
48219,2021,All Issues (Census),3,249241,1.25,1.6666666666666667,62310.25,166160.67
48219,2022,Payment Months (Type 3),1,515988,1.6666666666666667,1.6666666666666667,343992,343992
48219,2022,All Issues (Census),1,515988,1.6666666666666667,1.6666666666666667,343992,343992
48221,2011,Payment Months (Type 3),3,171007,1.5,3,85503.5,342014
48221,2011,All Issues (Census),3,171007,1.5,3,85503.5,342014
48221,2013,Payment Months (Type 3),1,348376,1.25,1.25,87094,87094
48221,2013,All Issues (Census),1,348376,1.25,1.25,87094,87094
48221,2014,Payment Months (Type 3),1,390265,1.25,1.25,97566.25,97566.25
48221,2014,All Issues (Census),1,390265,1.25,1.25,97566.25,97566.25
48221,2015,Payment Months (Type 3),1,176154,1.25,1.25,44038.5,44038.5
48221,2015,All Issues (Census),1,176154,1.25,1.25,44038.5,44038.5
48221,2022,Payment Months (Type 3),2,353009,1.25,1.3333333333333333,88252.25,117669.67
48221,2022,All Issues (Census),2,353009,1.25,1.3333333333333333,88252.25,117669.67
48223,2011,Payment Months (Type 3),1,1851018,3,3,3702036,3702036
48223,2011,All Issues (Census),1,1851018,3,3,3702036,3702036
48223,2022,Payment Months (Type 3),1,3683101,1.3333333333333333,1.3333333333333333,1227700.33,1227700.33
48223,2022,All Issues (Census),1,3683101,1.3333333333333333,1.3333333333333333,1227700.33,1227700.33
48225,2011,Payment Months (Type 3),1,2743202,3,3,5486404,5486404
48225,2011,All Issues (Census),1,2743202,3,3,5486404,5486404
48225,2012,Payment Months (Type 3),1,4261691,1.25,1.25,1065422.75,1065422.75
48225,2012,All Issues (Census),1,4261691,1.25,1.25,1065422.75,1065422.75
48227,2011,Payment Months (Type 3),1,307597,3,3,615194,615194
48227,2011,All Issues (Census),1,307597,3,3,615194,615194
48227,2012,Payment Months (Type 3),1,445516,1.25,1.25,111379,111379
48227,2012,All Issues (Census),1,445516,1.25,1.25,111379,111379
48227,2013,Payment Months (Type 3),1,521843,1.25,1.25,130460.75,130460.75
48227,2013,All Issues (Census),1,521843,1.25,1.25,130460.75,130460.75
48227,2018,Payment Months (Type 3),1,290629,1.3333333333333333,1.3333333333333333,96876.33,96876.33
48227,2018,All Issues (Census),1,290629,1.3333333333333333,1.3333333333333333,96876.33,96876.33
48227,2022,Payment Months (Type 3),2,336673,1.25,1.6666666666666667,84168.25,224448.67
48227,2022,All Issues (Census),2,336673,1.25,1.6666666666666667,84168.25,224448.67
48227,2023,Payment Months (Type 3),1,572015,1.6666666666666667,1.6666666666666667,381343.33,381343.33
48227,2023,All Issues (Census),1,572015,1.6666666666666667,1.6666666666666667,381343.33,381343.33
48229,2011,Payment Months (Type 3),4,988680,1.5,3,494340,1977360
48229,2011,All Issues (Census),4,988680,1.5,3,494340,1977360
48229,2012,Payment Months (Type 3),1,1290232,1.25,1.25,322558,322558
48229,2012,All Issues (Census),1,1290232,1.25,1.25,322558,322558
48229,2021,Payment Months (Type 3),3,543360,1.25,2.5,135840,815040
48229,2021,All Issues (Census),3,543360,1.25,2.5,135840,815040
48229,2022,Payment Months (Type 3),1,784177,2.5,2.5,1176265.5,1176265.5
48229,2022,All Issues (Census),1,784177,2.5,2.5,1176265.5,1176265.5
48229,2024,Payment Months (Type 3),2,356234,1.25,2,89058.5,356234
48229,2024,All Issues (Census),2,356234,1.25,2,89058.5,356234
48229,2025,Payment Months (Type 3),3,117689.9,1.25,2.5,29422.47,176534.85
48229,2025,All Issues (Census),3,117689.9,1.25,2.5,29422.47,176534.85
48231,2011,Payment Months (Type 3),4,1061541,1.5,3,530770.5,2123082
48231,2011,All Issues (Census),4,1061541,1.5,3,530770.5,2123082
48231,2022,Payment Months (Type 3),1,2336256.2,1.3333333333333333,1.3333333333333333,778752.07,778752.07
48231,2022,All Issues (Census),1,2336256.2,1.3333333333333333,1.3333333333333333,778752.07,778752.07
48233,2011,Payment Months (Type 3),1,627005.43,3,3,1254010.86,1254010.86
48233,2011,All Issues (Census),1,627005.43,3,3,1254010.86,1254010.86
48233,2012,Payment Months (Type 3),1,991499,1.25,1.25,247874.75,247874.75
48233,2012,All Issues (Census),1,991499,1.25,1.25,247874.75,247874.75
48233,2014,Payment Months (Type 3),1,1150698,1.25,1.25,287674.5,287674.5
48233,2014,All Issues (Census),1,1150698,1.25,1.25,287674.5,287674.5
48233,2018,Payment Months (Type 3),1,654788,2.5,2.5,982182,982182
48233,2018,All Issues (Census),1,654788,2.5,2.5,982182,982182
48233,2022,Payment Months (Type 3),1,1331628.89,2.5,2.5,1997443.33,1997443.33
48233,2022,All Issues (Census),1,1331628.89,2.5,2.5,1997443.33,1997443.33
48233,2023,Payment Months (Type 3),1,1012186,2.5,2.5,1518279,1518279
48233,2023,All Issues (Census),1,1012186,2.5,2.5,1518279,1518279
48235,2011,Payment Months (Type 3),1,623423,3,3,1246846,1246846
48235,2011,All Issues (Census),1,623423,3,3,1246846,1246846
48235,2012,Payment Months (Type 3),1,613616,1.25,1.25,153404,153404
48235,2012,All Issues (Census),1,613616,1.25,1.25,153404,153404
48235,2022,Boundary (Type 1),3,723475,1.3333333333333333,1.3333333333333333,241158.33,241158.33
48235,2022,Payment Months (Type 3),1,723475,1.25,1.25,180868.75,180868.75
48235,2022,All Issues (Census),4,723475,1.25,1.3333333333333333,180868.75,241158.33
48237,2011,Payment Months (Type 3),1,617452,3,3,1234904,1234904
48237,2011,All Issues (Census),1,617452,3,3,1234904,1234904
48237,2014,Payment Months (Type 3),1,1389639,1.25,1.25,347409.75,347409.75
48237,2014,All Issues (Census),1,1389639,1.25,1.25,347409.75,347409.75
48237,2015,Payment Months (Type 3),1,1069458,1.25,1.25,267364.5,267364.5
48237,2015,All Issues (Census),1,1069458,1.25,1.25,267364.5,267364.5
48239,2011,Payment Months (Type 3),1,1683627,1.5,1.5,841813.5,841813.5
48239,2011,All Issues (Census),1,1683627,1.5,1.5,841813.5,841813.5
48239,2012,Payment Months (Type 3),1,2511786,1.6666666666666667,1.6666666666666667,1674524,1674524
48239,2012,All Issues (Census),1,2511786,1.6666666666666667,1.6666666666666667,1674524,1674524
48239,2022,Payment Months (Type 3),1,2646475,1.25,1.25,661618.75,661618.75
48239,2022,All Issues (Census),1,2646475,1.25,1.25,661618.75,661618.75
48241,2011,Payment Months (Type 3),3,101236,1.5,3,50618,202472
48241,2011,All Issues (Census),3,101236,1.5,3,50618,202472
48241,2012,Payment Months (Type 3),1,177959,1.25,1.25,44489.75,44489.75
48241,2012,All Issues (Census),1,177959,1.25,1.25,44489.75,44489.75
48241,2023,Payment Months (Type 3),1,273714,1.25,1.25,68428.5,68428.5
48241,2023,All Issues (Census),1,273714,1.25,1.25,68428.5,68428.5
48241,2024,Payment Months (Type 3),2,100981,1.25,1.6666666666666667,25245.25,67320.67
48241,2024,All Issues (Census),2,100981,1.25,1.6666666666666667,25245.25,67320.67
48243,2011,Payment Months (Type 3),4,939865,1.5,3,469932.5,1879730
48243,2011,All Issues (Census),4,939865,1.5,3,469932.5,1879730
48243,2012,Payment Months (Type 3),1,970295,1.25,1.25,242573.75,242573.75
48243,2012,All Issues (Census),1,970295,1.25,1.25,242573.75,242573.75
48243,2021,Payment Months (Type 3),3,526881,1.25,1.6666666666666667,131720.25,351254
48243,2021,All Issues (Census),3,526881,1.25,1.6666666666666667,131720.25,351254
48243,2022,Payment Months (Type 3),1,631354,1.6666666666666667,1.6666666666666667,420902.67,420902.67
48243,2022,All Issues (Census),1,631354,1.6666666666666667,1.6666666666666667,420902.67,420902.67
48243,2024,Payment Months (Type 3),2,576145,1.25,1.3333333333333333,144036.25,192048.33
48243,2024,All Issues (Census),2,576145,1.25,1.3333333333333333,144036.25,192048.33
48243,2025,Payment Months (Type 3),3,310613.01,1.25,1.6666666666666667,77653.25,207075.34
48243,2025,All Issues (Census),3,310613.01,1.25,1.6666666666666667,77653.25,207075.34
48245,2011,Payment Months (Type 3),1,1041138,3,3,2082276,2082276
48245,2011,All Issues (Census),1,1041138,3,3,2082276,2082276
48245,2012,Payment Months (Type 3),1,1577622,1.25,1.25,394405.5,394405.5
48245,2012,All Issues (Census),1,1577622,1.25,1.25,394405.5,394405.5
48245,2023,Payment Months (Type 3),1,1917659,1.25,1.25,479414.75,479414.75
48245,2023,All Issues (Census),1,1917659,1.25,1.25,479414.75,479414.75
48245,2024,Payment Months (Type 3),2,,1.25,1.3333333333333333,,
48245,2024,All Issues (Census),2,,1.25,1.3333333333333333,,
48247,2011,Payment Months (Type 3),1,465563,1.5,1.5,232781.5,232781.5
48247,2011,All Issues (Census),1,465563,1.5,1.5,232781.5,232781.5
48247,2012,Payment Months (Type 3),1,546094.08,1.6666666666666667,1.6666666666666667,364062.72,364062.72
48247,2012,All Issues (Census),1,546094.08,1.6666666666666667,1.6666666666666667,364062.72,364062.72
48247,2013,Payment Months (Type 3),2,626824,1.25,1.6666666666666667,156706,417882.67
48247,2013,All Issues (Census),2,626824,1.25,1.6666666666666667,156706,417882.67
48247,2014,Payment Months (Type 3),1,,1.3333333333333333,1.3333333333333333,,
48247,2014,All Issues (Census),1,,1.3333333333333333,1.3333333333333333,,
48247,2020,Payment Months (Type 3),1,175506,1.6666666666666667,1.6666666666666667,117004,117004
48247,2020,All Issues (Census),1,175506,1.6666666666666667,1.6666666666666667,117004,117004
48247,2021,Payment Months (Type 3),3,232131.36,1.3333333333333333,1.6666666666666667,77377.12,154754.24
48247,2021,All Issues (Census),3,232131.36,1.3333333333333333,1.6666666666666667,77377.12,154754.24
48247,2022,Payment Months (Type 3),1,301564,1.3333333333333333,1.3333333333333333,100521.33,100521.33
48247,2022,All Issues (Census),1,301564,1.3333333333333333,1.3333333333333333,100521.33,100521.33
48247,2023,Payment Months (Type 3),1,366203,1.3333333333333333,1.3333333333333333,122067.67,122067.67
48247,2023,All Issues (Census),1,366203,1.3333333333333333,1.3333333333333333,122067.67,122067.67
48249,2012,Payment Months (Type 3),1,978827,1.6666666666666667,1.6666666666666667,652551.33,652551.33
48249,2012,All Issues (Census),1,978827,1.6666666666666667,1.6666666666666667,652551.33,652551.33
48249,2013,Payment Months (Type 3),2,1017720.18,1.25,1.6666666666666667,254430.05,678480.12
48249,2013,All Issues (Census),2,1017720.18,1.25,1.6666666666666667,254430.05,678480.12
48251,2011,Payment Months (Type 3),1,583772,3,3,1167544,1167544
48251,2011,All Issues (Census),1,583772,3,3,1167544,1167544
48251,2012,Payment Months (Type 3),1,1267204.25,1.25,1.25,316801.06,316801.06
48251,2012,All Issues (Census),1,1267204.25,1.25,1.25,316801.06,316801.06
48251,2013,Payment Months (Type 3),1,1446177.2,1.25,1.25,361544.3,361544.3
48251,2013,All Issues (Census),1,1446177.2,1.25,1.25,361544.3,361544.3
48251,2014,Payment Months (Type 3),1,1530108,1.25,1.25,382527,382527
48251,2014,All Issues (Census),1,1530108,1.25,1.25,382527,382527
48251,2015,Payment Months (Type 3),1,1017952,1.25,1.25,254488,254488
48251,2015,All Issues (Census),1,1017952,1.25,1.25,254488,254488
48251,2022,Payment Months (Type 3),1,1926007,1.25,1.25,481501.75,481501.75
48251,2022,All Issues (Census),1,1926007,1.25,1.25,481501.75,481501.75
48253,2011,Payment Months (Type 3),1,543652.45,3,3,1087304.9,1087304.9
48253,2011,All Issues (Census),1,543652.45,3,3,1087304.9,1087304.9
48253,2012,Payment Months (Type 3),2,1407363,1.25,1.25,351840.75,351840.75
48253,2012,All Issues (Census),2,1407363,1.25,1.25,351840.75,351840.75
48253,2013,Payment Months (Type 3),2,1772396,1.25,1.25,443099,443099
48253,2013,All Issues (Census),2,1772396,1.25,1.25,443099,443099
48253,2022,Payment Months (Type 3),1,2036789,1.25,1.25,509197.25,509197.25
48253,2022,All Issues (Census),1,2036789,1.25,1.25,509197.25,509197.25
48255,2011,Payment Months (Type 3),4,938952,1.5,1.5,469476,469476
48255,2011,All Issues (Census),4,938952,1.5,1.5,469476,469476
48255,2012,Payment Months (Type 3),1,1119319,1.6666666666666667,1.6666666666666667,746212.67,746212.67
48255,2012,All Issues (Census),1,1119319,1.6666666666666667,1.6666666666666667,746212.67,746212.67
48255,2022,Payment Months (Type 3),1,1705784,1.25,1.25,426446,426446
48255,2022,All Issues (Census),1,1705784,1.25,1.25,426446,426446
48257,2011,Payment Months (Type 3),3,874713.77,1.5,3,437356.88,1749427.54
48257,2011,All Issues (Census),3,874713.77,1.5,3,437356.88,1749427.54
48257,2022,Payment Months (Type 3),2,1739084,1.25,1.3333333333333333,434771,579694.67
48257,2022,All Issues (Census),2,1739084,1.25,1.3333333333333333,434771,579694.67
48259,2011,Payment Months (Type 3),4,500218,3,3,1000436,1000436
48259,2011,All Issues (Census),4,500218,3,3,1000436,1000436
48259,2012,Payment Months (Type 3),1,700417,1.6666666666666667,1.6666666666666667,466944.67,466944.67
48259,2012,All Issues (Census),1,700417,1.6666666666666667,1.6666666666666667,466944.67,466944.67
48259,2014,Payment Months (Type 3),2,670471,1.25,1.3333333333333333,167617.75,223490.33
48259,2014,All Issues (Census),2,670471,1.25,1.3333333333333333,167617.75,223490.33
48259,2015,Payment Months (Type 3),1,360168,1.3333333333333333,1.3333333333333333,120056,120056
48259,2015,All Issues (Census),1,360168,1.3333333333333333,1.3333333333333333,120056,120056
48259,2021,Payment Months (Type 3),2,190268,1.3333333333333333,1.3333333333333333,63422.67,63422.67
48259,2021,All Issues (Census),2,190268,1.3333333333333333,1.3333333333333333,63422.67,63422.67
48259,2022,Payment Months (Type 3),2,473774,1.25,1.6666666666666667,118443.5,315849.33
48259,2022,All Issues (Census),2,473774,1.25,1.6666666666666667,118443.5,315849.33
48259,2023,Payment Months (Type 3),4,550212,1.25,1.6666666666666667,137553,366808
48259,2023,All Issues (Census),4,550212,1.25,1.6666666666666667,137553,366808
48259,2024,Payment Months (Type 3),3,425304,1.3333333333333333,1.3333333333333333,141768,141768
48259,2024,All Issues (Census),3,425304,1.3333333333333333,1.3333333333333333,141768,141768
48259,2025,Payment Months (Type 3),3,185793,1.3333333333333333,1.6666666666666667,61931,123862
48259,2025,All Issues (Census),3,185793,1.3333333333333333,1.6666666666666667,61931,123862
48261,2011,Payment Months (Type 3),1,133842,1.5,1.5,66921,66921
48261,2011,All Issues (Census),1,133842,1.5,1.5,66921,66921
48261,2012,Payment Months (Type 3),1,199161,1.6666666666666667,1.6666666666666667,132774,132774
48261,2012,All Issues (Census),1,199161,1.6666666666666667,1.6666666666666667,132774,132774
48261,2013,Payment Months (Type 3),2,203445,1.25,1.6666666666666667,50861.25,135630
48261,2013,All Issues (Census),2,203445,1.25,1.6666666666666667,50861.25,135630
48261,2014,Payment Months (Type 3),1,96015,1.3333333333333333,1.3333333333333333,32005,32005
48261,2014,All Issues (Census),1,96015,1.3333333333333333,1.3333333333333333,32005,32005
48261,2021,Payment Months (Type 3),3,31721.7,1.25,1.3333333333333333,7930.42,10573.9
48261,2021,All Issues (Census),3,31721.7,1.25,1.3333333333333333,7930.42,10573.9
48263,2011,Payment Months (Type 3),1,572794.21,3,3,1145588.42,1145588.42
48263,2011,All Issues (Census),1,572794.21,3,3,1145588.42,1145588.42
48263,2012,Payment Months (Type 3),1,879723,1.25,1.25,219930.75,219930.75
48263,2012,All Issues (Census),1,879723,1.25,1.25,219930.75,219930.75
48263,2018,Threshold (Type 2),1,374363,4,4,1123089,1123089
48263,2018,Payment Months (Type 3),1,374363,1.3333333333333333,1.3333333333333333,124787.67,124787.67
48263,2018,All Issues (Census),2,374363,1.3333333333333333,4,124787.67,1123089
48263,2022,Payment Months (Type 3),2,1074502,1.25,1.6666666666666667,268625.5,716334.67
48263,2022,All Issues (Census),2,1074502,1.25,1.6666666666666667,268625.5,716334.67
48263,2023,Payment Months (Type 3),1,1205778,1.3333333333333333,1.3333333333333333,401926,401926
48263,2023,All Issues (Census),1,1205778,1.3333333333333333,1.3333333333333333,401926,401926
48265,2010,Payment Months (Type 3),2,345587,1.5,1.5,172793.5,172793.5
48265,2010,All Issues (Census),2,345587,1.5,1.5,172793.5,172793.5
48265,2011,Payment Months (Type 3),1,739982,3,3,1479964,1479964
48265,2011,All Issues (Census),1,739982,3,3,1479964,1479964
48265,2012,Payment Months (Type 3),1,880657,1.6666666666666667,1.6666666666666667,587104.67,587104.67
48265,2012,All Issues (Census),1,880657,1.6666666666666667,1.6666666666666667,587104.67,587104.67
48265,2013,Payment Months (Type 3),1,750343,1.3333333333333333,1.3333333333333333,250114.33,250114.33
48265,2013,All Issues (Census),1,750343,1.3333333333333333,1.3333333333333333,250114.33,250114.33
48265,2014,Payment Months (Type 3),2,830932,1.25,1.3333333333333333,207733,276977.33
48265,2014,All Issues (Census),2,830932,1.25,1.3333333333333333,207733,276977.33
48265,2015,Payment Months (Type 3),1,544854,1.3333333333333333,1.3333333333333333,181618,181618
48265,2015,All Issues (Census),1,544854,1.3333333333333333,1.3333333333333333,181618,181618
48265,2021,Payment Months (Type 3),2,223671,1.3333333333333333,1.3333333333333333,74557,74557
48265,2021,All Issues (Census),2,223671,1.3333333333333333,1.3333333333333333,74557,74557
48265,2022,Payment Months (Type 3),2,457617,1.25,1.25,114404.25,114404.25
48265,2022,All Issues (Census),2,457617,1.25,1.25,114404.25,114404.25
48265,2023,Payment Months (Type 3),4,526521,1.25,1.6666666666666667,131630.25,351014
48265,2023,All Issues (Census),4,526521,1.25,1.6666666666666667,131630.25,351014
48265,2024,Payment Months (Type 3),2,388853,1.3333333333333333,1.3333333333333333,129617.67,129617.67
48265,2024,All Issues (Census),2,388853,1.3333333333333333,1.3333333333333333,129617.67,129617.67
48265,2025,Payment Months (Type 3),3,128588.17,1.25,1.3333333333333333,32147.04,42862.72
48265,2025,All Issues (Census),3,128588.17,1.25,1.3333333333333333,32147.04,42862.72
48267,2011,Payment Months (Type 3),1,1299396.74,3,3,2598793.48,2598793.48
48267,2011,All Issues (Census),1,1299396.74,3,3,2598793.48,2598793.48
48267,2012,Payment Months (Type 3),1,1522347,1.25,1.25,380586.75,380586.75
48267,2012,All Issues (Census),1,1522347,1.25,1.25,380586.75,380586.75
48267,2015,Payment Months (Type 3),1,938842,1.25,1.25,234710.5,234710.5
48267,2015,All Issues (Census),1,938842,1.25,1.25,234710.5,234710.5
48267,2022,Payment Months (Type 3),2,1430542,1.25,1.3333333333333333,357635.5,476847.33
48267,2022,All Issues (Census),2,1430542,1.25,1.3333333333333333,357635.5,476847.33
48267,2023,Payment Months (Type 3),2,1395258,1.25,1.6666666666666667,348814.5,930172
48267,2023,All Issues (Census),2,1395258,1.25,1.6666666666666667,348814.5,930172
48267,2025,Payment Months (Type 3),1,494134.26,1.6666666666666667,1.6666666666666667,329422.84,329422.84
48267,2025,All Issues (Census),1,494134.26,1.6666666666666667,1.6666666666666667,329422.84,329422.84
48269,2011,Payment Months (Type 3),1,603634,3,3,1207268,1207268
48269,2011,All Issues (Census),1,603634,3,3,1207268,1207268
48269,2012,Payment Months (Type 3),1,843267,1.25,1.25,210816.75,210816.75
48269,2012,All Issues (Census),1,843267,1.25,1.25,210816.75,210816.75
48269,2014,Payment Months (Type 3),2,974934,1.25,1.25,243733.5,243733.5
48269,2014,All Issues (Census),2,974934,1.25,1.25,243733.5,243733.5
48269,2015,Payment Months (Type 3),1,596694.46,1.25,1.25,149173.62,149173.62
48269,2015,All Issues (Census),1,596694.46,1.25,1.25,149173.62,149173.62
48269,2018,Boundary (Type 1),1,509144,3,3,1018288,1018288
48269,2018,Payment Months (Type 3),1,509144,1.6666666666666667,1.6666666666666667,339429.33,339429.33
48269,2018,All Issues (Census),2,509144,1.6666666666666667,3,339429.33,1018288
48269,2021,Payment Months (Type 3),1,485780,1.3333333333333333,1.3333333333333333,161926.67,161926.67
48269,2021,All Issues (Census),1,485780,1.3333333333333333,1.3333333333333333,161926.67,161926.67
48269,2022,Payment Months (Type 3),2,888744,1.25,1.6666666666666667,222186,592496
48269,2022,All Issues (Census),2,888744,1.25,1.6666666666666667,222186,592496
48269,2023,Payment Months (Type 3),1,752701,1.3333333333333333,1.3333333333333333,250900.33,250900.33
48269,2023,All Issues (Census),1,752701,1.3333333333333333,1.3333333333333333,250900.33,250900.33
48271,2012,Payment Months (Type 3),1,1179804,1.6666666666666667,1.6666666666666667,786536,786536
48271,2012,All Issues (Census),1,1179804,1.6666666666666667,1.6666666666666667,786536,786536
48271,2013,Payment Months (Type 3),2,1342093,1.25,1.3333333333333333,335523.25,447364.33
48271,2013,All Issues (Census),2,1342093,1.25,1.3333333333333333,335523.25,447364.33
48271,2014,Payment Months (Type 3),1,1186935,1.25,1.25,296733.75,296733.75
48271,2014,All Issues (Census),1,1186935,1.25,1.25,296733.75,296733.75
48271,2018,Payment Months (Type 3),2,497921,1.25,1.3333333333333333,124480.25,165973.67
48271,2018,All Issues (Census),2,497921,1.25,1.3333333333333333,124480.25,165973.67
48271,2020,Payment Months (Type 3),3,330456,1.3333333333333333,1.3333333333333333,110152,110152
48271,2020,All Issues (Census),3,330456,1.3333333333333333,1.3333333333333333,110152,110152
48271,2021,Payment Months (Type 3),2,260703,1.3333333333333333,1.3333333333333333,86901,86901
48271,2021,All Issues (Census),2,260703,1.3333333333333333,1.3333333333333333,86901,86901
48271,2022,Payment Months (Type 3),2,711687,1.25,1.3333333333333333,177921.75,237229
48271,2022,All Issues (Census),2,711687,1.25,1.3333333333333333,177921.75,237229
48271,2023,Threshold (Type 2),5,187246,3,3,374492,374492
48271,2023,All Issues (Census),5,187246,3,3,374492,374492
48271,2025,Payment Months (Type 3),2,118542.82,1.25,1.6666666666666667,29635.71,79028.55
48271,2025,All Issues (Census),2,118542.82,1.25,1.6666666666666667,29635.71,79028.55
48273,2012,Payment Months (Type 3),1,282589,1.6666666666666667,1.6666666666666667,188392.67,188392.67
48273,2012,All Issues (Census),1,282589,1.6666666666666667,1.6666666666666667,188392.67,188392.67
48273,2013,Payment Months (Type 3),2,303786,1.25,1.6666666666666667,75946.5,202524
48273,2013,All Issues (Census),2,303786,1.25,1.6666666666666667,75946.5,202524
48275,2011,Payment Months (Type 3),1,696566,3,3,1393132,1393132
48275,2011,All Issues (Census),1,696566,3,3,1393132,1393132
48275,2012,Payment Months (Type 3),1,1306112,1.25,1.25,326528,326528
48275,2012,All Issues (Census),1,1306112,1.25,1.25,326528,326528
48275,2013,Payment Months (Type 3),2,1434398,1.25,1.25,358599.5,358599.5
48275,2013,All Issues (Census),2,1434398,1.25,1.25,358599.5,358599.5
48275,2014,Payment Months (Type 3),2,1415507,1.25,1.25,353876.75,353876.75
48275,2014,All Issues (Census),2,1415507,1.25,1.25,353876.75,353876.75
48275,2015,Payment Months (Type 3),1,1249043,1.25,1.25,312260.75,312260.75
48275,2015,All Issues (Census),1,1249043,1.25,1.25,312260.75,312260.75
48275,2018,Payment Months (Type 3),1,1152483,1.6666666666666667,1.6666666666666667,768322,768322
48275,2018,All Issues (Census),1,1152483,1.6666666666666667,1.6666666666666667,768322,768322
48275,2022,Payment Months (Type 3),2,1761995,1.25,1.6666666666666667,440498.75,1174663.33
48275,2022,All Issues (Census),2,1761995,1.25,1.6666666666666667,440498.75,1174663.33
48277,2011,Payment Months (Type 3),4,3096501,1.5,3,1548250.5,6193002
48277,2011,All Issues (Census),4,3096501,1.5,3,1548250.5,6193002
48277,2022,Payment Months (Type 3),2,4769010,1.3333333333333333,1.3333333333333333,1589670,1589670
48277,2022,All Issues (Census),2,4769010,1.3333333333333333,1.3333333333333333,1589670,1589670
48279,2011,Payment Months (Type 3),1,280653,3,3,561306,561306
48279,2011,All Issues (Census),1,280653,3,3,561306,561306
48279,2012,Payment Months (Type 3),2,560308,1.25,1.25,140077,140077
48279,2012,All Issues (Census),2,560308,1.25,1.25,140077,140077
48279,2013,Payment Months (Type 3),1,648727,1.25,1.25,162181.75,162181.75
48279,2013,All Issues (Census),1,648727,1.25,1.25,162181.75,162181.75
48279,2018,Payment Months (Type 3),1,234728,1.5,1.5,117364,117364
48279,2018,All Issues (Census),1,234728,1.5,1.5,117364,117364
48279,2020,Payment Months (Type 3),1,267155,1.25,1.25,66788.75,66788.75
48279,2020,All Issues (Census),1,267155,1.25,1.25,66788.75,66788.75
48279,2021,Payment Months (Type 3),3,194614,1.25,2.5,48653.5,291921
48279,2021,All Issues (Census),3,194614,1.25,2.5,48653.5,291921
48279,2022,Payment Months (Type 3),2,538319.4,1.25,2.5,134579.85,807479.1
48279,2022,All Issues (Census),2,538319.4,1.25,2.5,134579.85,807479.1
48279,2023,Payment Months (Type 3),1,586418,2,2,586418,586418
48279,2023,All Issues (Census),1,586418,2,2,586418,586418
48281,2011,Payment Months (Type 3),4,877367,1.5,3,438683.5,1754734
48281,2011,All Issues (Census),4,877367,1.5,3,438683.5,1754734
48281,2012,Payment Months (Type 3),1,1441098,1.25,1.25,360274.5,360274.5
48281,2012,All Issues (Census),1,1441098,1.25,1.25,360274.5,360274.5
48281,2013,Payment Months (Type 3),1,1388790,1.25,1.25,347197.5,347197.5
48281,2013,All Issues (Census),1,1388790,1.25,1.25,347197.5,347197.5
48281,2022,Payment Months (Type 3),2,1268172,1.25,1.6666666666666667,317043,845448
48281,2022,All Issues (Census),2,1268172,1.25,1.6666666666666667,317043,845448
48281,2023,Payment Months (Type 3),3,1518557.85,1.25,1.3333333333333333,379639.46,506185.95
48281,2023,All Issues (Census),3,1518557.85,1.25,1.3333333333333333,379639.46,506185.95
48281,2024,Payment Months (Type 3),1,330954,1.3333333333333333,1.3333333333333333,110318,110318
48281,2024,All Issues (Census),1,330954,1.3333333333333333,1.3333333333333333,110318,110318
48283,2011,Payment Months (Type 3),3,315118,1.5,1.5,157559,157559
48283,2011,All Issues (Census),3,315118,1.5,1.5,157559,157559
48283,2012,Payment Months (Type 3),1,345681,1.6666666666666667,1.6666666666666667,230454,230454
48283,2012,All Issues (Census),1,345681,1.6666666666666667,1.6666666666666667,230454,230454
48283,2018,Threshold (Type 2),1,60784,1.3333333333333333,1.3333333333333333,20261.33,20261.33
48283,2018,All Issues (Census),1,60784,1.3333333333333333,1.3333333333333333,20261.33,20261.33
48283,2021,Payment Months (Type 3),1,93822,1.25,1.25,23455.5,23455.5
48283,2021,All Issues (Census),1,93822,1.25,1.25,23455.5,23455.5
48283,2022,Payment Months (Type 3),4,227429.61,1.25,1.3333333333333333,56857.4,75809.87
48283,2022,All Issues (Census),4,227429.61,1.25,1.3333333333333333,56857.4,75809.87
48285,2011,Payment Months (Type 3),1,1493168,3,3,2986336,2986336
48285,2011,All Issues (Census),1,1493168,3,3,2986336,2986336
48285,2012,Payment Months (Type 3),1,2591215,1.6666666666666667,1.6666666666666667,1727476.67,1727476.67
48285,2012,All Issues (Census),1,2591215,1.6666666666666667,1.6666666666666667,1727476.67,1727476.67
48285,2022,Payment Months (Type 3),1,6241958,1.25,1.25,1560489.5,1560489.5
48285,2022,All Issues (Census),1,6241958,1.25,1.25,1560489.5,1560489.5
48285,2023,Payment Months (Type 3),2,7205583.42,1.25,1.3333333333333333,1801395.85,2401861.14
48285,2023,All Issues (Census),2,7205583.42,1.25,1.3333333333333333,1801395.85,2401861.14
48287,2011,Payment Months (Type 3),3,1473204,1.5,3,736602,2946408
48287,2011,All Issues (Census),3,1473204,1.5,3,736602,2946408
48287,2012,Payment Months (Type 3),1,2521970,1.25,1.25,630492.5,630492.5
48287,2012,All Issues (Census),1,2521970,1.25,1.25,630492.5,630492.5
48287,2023,Payment Months (Type 3),1,2825451.82,1.25,1.25,706362.96,706362.96
48287,2023,All Issues (Census),1,2825451.82,1.25,1.25,706362.96,706362.96
48289,2011,Payment Months (Type 3),1,1810700,3,3,3621400,3621400
48289,2011,All Issues (Census),1,1810700,3,3,3621400,3621400
48289,2012,Payment Months (Type 3),1,2787282,1.25,1.25,696820.5,696820.5
48289,2012,All Issues (Census),1,2787282,1.25,1.25,696820.5,696820.5
48291,2011,Payment Months (Type 3),3,262557,1.5,3,131278.5,525114
48291,2011,All Issues (Census),3,262557,1.5,3,131278.5,525114
48291,2012,Payment Months (Type 3),1,437086,1.25,1.25,109271.5,109271.5
48291,2012,All Issues (Census),1,437086,1.25,1.25,109271.5,109271.5
48291,2023,Payment Months (Type 3),1,897318,1.25,1.25,224329.5,224329.5
48291,2023,All Issues (Census),1,897318,1.25,1.25,224329.5,224329.5
48293,2011,Payment Months (Type 3),3,2493046,1.5,3,1246523,4986092
48293,2011,All Issues (Census),3,2493046,1.5,3,1246523,4986092
48293,2012,Payment Months (Type 3),1,4773318,1.25,1.25,1193329.5,1193329.5
48293,2012,All Issues (Census),1,4773318,1.25,1.25,1193329.5,1193329.5
48293,2022,Threshold (Type 2),3,5072528.22,4,4,15217584.66,15217584.66
48293,2022,Payment Months (Type 3),1,5072528.22,1.25,1.25,1268132.05,1268132.05
48293,2022,All Issues (Census),1,5072528.22,1.25,1.25,1268132.05,1268132.05
48293,2023,Payment Months (Type 3),1,5937608.17,1.25,1.25,1484402.04,1484402.04
48293,2023,All Issues (Census),1,5937608.17,1.25,1.25,1484402.04,1484402.04
48295,2011,Payment Months (Type 3),1,1080814,3,3,2161628,2161628
48295,2011,All Issues (Census),1,1080814,3,3,2161628,2161628
48295,2012,Payment Months (Type 3),1,2127913,1.25,1.25,531978.25,531978.25
48295,2012,All Issues (Census),1,2127913,1.25,1.25,531978.25,531978.25
48295,2014,Payment Months (Type 3),1,2013340,1.25,1.25,503335,503335
48295,2014,All Issues (Census),1,2013340,1.25,1.25,503335,503335
48295,2018,Payment Months (Type 3),1,1144603,2.5,2.5,1716904.5,1716904.5
48295,2018,All Issues (Census),1,1144603,2.5,2.5,1716904.5,1716904.5
48295,2022,Payment Months (Type 3),1,2011795,2,2,2011795,2011795
48295,2022,All Issues (Census),1,2011795,2,2,2011795,2011795
48295,2023,Payment Months (Type 3),1,2916910,2.5,2.5,4375365,4375365
48295,2023,All Issues (Census),1,2916910,2.5,2.5,4375365,4375365
48297,2011,Payment Months (Type 3),4,1024750,1.5,1.5,512375,512375
48297,2011,All Issues (Census),4,1024750,1.5,1.5,512375,512375
48297,2012,Payment Months (Type 3),1,1166652,1.6666666666666667,1.6666666666666667,777768,777768
48297,2012,All Issues (Census),1,1166652,1.6666666666666667,1.6666666666666667,777768,777768
48297,2013,Payment Months (Type 3),1,1228072,1.3333333333333333,1.3333333333333333,409357.33,409357.33
48297,2013,All Issues (Census),1,1228072,1.3333333333333333,1.3333333333333333,409357.33,409357.33
48297,2019,Threshold (Type 2),2,96010,3,3,192020,192020
48297,2019,All Issues (Census),2,96010,3,3,192020,192020
48297,2022,Payment Months (Type 3),3,1183392,1.25,1.3333333333333333,295848,394464
48297,2022,All Issues (Census),3,1183392,1.25,1.3333333333333333,295848,394464
48299,2011,Payment Months (Type 3),4,1484055,3,3,2968110,2968110
48299,2011,All Issues (Census),4,1484055,3,3,2968110,2968110
48299,2012,Payment Months (Type 3),1,2097316.7,1.25,1.25,524329.18,524329.18
48299,2012,All Issues (Census),1,2097316.7,1.25,1.25,524329.18,524329.18
48299,2020,Payment Months (Type 3),1,697600,1.3333333333333333,1.3333333333333333,232533.33,232533.33
48299,2020,All Issues (Census),1,697600,1.3333333333333333,1.3333333333333333,232533.33,232533.33
48299,2021,Payment Months (Type 3),1,495312,1.3333333333333333,1.3333333333333333,165104,165104
48299,2021,All Issues (Census),1,495312,1.3333333333333333,1.3333333333333333,165104,165104
48299,2022,Payment Months (Type 3),2,1421714,1.25,1.6666666666666667,355428.5,947809.33
48299,2022,All Issues (Census),2,1421714,1.25,1.6666666666666667,355428.5,947809.33
48299,2023,Payment Months (Type 3),2,1491668,1.25,1.3333333333333333,372917,497222.67
48299,2023,All Issues (Census),2,1491668,1.25,1.3333333333333333,372917,497222.67
48299,2025,Payment Months (Type 3),2,868151.34,1.3333333333333333,1.6666666666666667,289383.78,578767.56
48299,2025,All Issues (Census),2,868151.34,1.3333333333333333,1.6666666666666667,289383.78,578767.56
48301,2011,Payment Months (Type 3),4,71690,1.5,3,35845,143380
48301,2011,All Issues (Census),4,71690,1.5,3,35845,143380
48301,2012,Payment Months (Type 3),1,83364,1.25,1.25,20841,20841
48301,2012,All Issues (Census),1,83364,1.25,1.25,20841,20841
48301,2021,Payment Months (Type 3),3,94251,1.25,2.5,23562.75,141376.5
48301,2021,All Issues (Census),3,94251,1.25,2.5,23562.75,141376.5
48301,2022,Payment Months (Type 3),2,105461,1.25,2,26365.25,105461
48301,2022,All Issues (Census),2,105461,1.25,2,26365.25,105461
48301,2025,Payment Months (Type 3),1,14427.41,2,2,14427.41,14427.41
48301,2025,All Issues (Census),1,14427.41,2,2,14427.41,14427.41
48303,2011,Payment Months (Type 3),1,92493,3,3,184986,184986
48303,2011,All Issues (Census),1,92493,3,3,184986,184986
48303,2012,Payment Months (Type 3),1,273216,1.25,1.25,68304,68304
48303,2012,All Issues (Census),1,273216,1.25,1.25,68304,68304
48303,2013,Payment Months (Type 3),2,324272,1.25,1.25,81068,81068
48303,2013,All Issues (Census),2,324272,1.25,1.25,81068,81068
48303,2018,Payment Months (Type 3),1,184955,1.3333333333333333,1.3333333333333333,61651.67,61651.67
48303,2018,All Issues (Census),1,184955,1.3333333333333333,1.3333333333333333,61651.67,61651.67
48303,2020,Payment Months (Type 3),1,185336,1.25,1.25,46334,46334
48303,2020,All Issues (Census),1,185336,1.25,1.25,46334,46334
48303,2021,Payment Months (Type 3),3,277478.01,1.25,1.3333333333333333,69369.5,92492.67
48303,2021,All Issues (Census),3,277478.01,1.25,1.3333333333333333,69369.5,92492.67
48303,2022,Payment Months (Type 3),2,419587,1.25,1.6666666666666667,104896.75,279724.67
48303,2022,All Issues (Census),2,419587,1.25,1.6666666666666667,104896.75,279724.67
48303,2023,Payment Months (Type 3),1,439803,1.3333333333333333,1.3333333333333333,146601,146601
48303,2023,All Issues (Census),1,439803,1.3333333333333333,1.3333333333333333,146601,146601
48305,2011,Payment Months (Type 3),1,26814,3,3,53628,53628
48305,2011,All Issues (Census),1,26814,3,3,53628,53628
48305,2012,Payment Months (Type 3),1,84731,1.25,1.25,21182.75,21182.75
48305,2012,All Issues (Census),1,84731,1.25,1.25,21182.75,21182.75
48305,2013,Payment Months (Type 3),1,118193,1.25,1.25,29548.25,29548.25
48305,2013,All Issues (Census),1,118193,1.25,1.25,29548.25,29548.25
48305,2018,Payment Months (Type 3),1,111100,1.3333333333333333,1.3333333333333333,37033.33,37033.33
48305,2018,All Issues (Census),1,111100,1.3333333333333333,1.3333333333333333,37033.33,37033.33
48305,2021,Payment Months (Type 3),1,91509,1.3333333333333333,1.3333333333333333,30503,30503
48305,2021,All Issues (Census),1,91509,1.3333333333333333,1.3333333333333333,30503,30503
48305,2022,Payment Months (Type 3),2,220578,1.25,1.6666666666666667,55144.5,147052
48305,2022,All Issues (Census),2,220578,1.25,1.6666666666666667,55144.5,147052
48305,2023,Payment Months (Type 3),1,192305,1.3333333333333333,1.3333333333333333,64101.67,64101.67
48305,2023,All Issues (Census),1,192305,1.3333333333333333,1.3333333333333333,64101.67,64101.67
48307,2011,Payment Months (Type 3),1,1849348,3,3,3698696,3698696
48307,2011,All Issues (Census),1,1849348,3,3,3698696,3698696
48307,2012,Payment Months (Type 3),1,2264744,1.25,1.25,566186,566186
48307,2012,All Issues (Census),1,2264744,1.25,1.25,566186,566186
48307,2022,Payment Months (Type 3),1,2013658,1.6666666666666667,1.6666666666666667,1342438.67,1342438.67
48307,2022,All Issues (Census),1,2013658,1.6666666666666667,1.6666666666666667,1342438.67,1342438.67
48307,2023,Threshold (Type 2),2,2114849,1.3333333333333333,3,704949.67,4229698
48307,2023,Payment Months (Type 3),1,2114849,1.25,1.25,528712.25,528712.25
48307,2023,All Issues (Census),1,2114849,1.25,1.25,528712.25,528712.25
48307,2025,Payment Months (Type 3),1,1219719.58,1.3333333333333333,1.3333333333333333,406573.19,406573.19
48307,2025,All Issues (Census),1,1219719.58,1.3333333333333333,1.3333333333333333,406573.19,406573.19
48309,2011,Payment Months (Type 3),1,1554155,3,3,3108310,3108310
48309,2011,All Issues (Census),1,1554155,3,3,3108310,3108310
48309,2012,Payment Months (Type 3),1,3058021,1.25,1.25,764505.25,764505.25
48309,2012,All Issues (Census),1,3058021,1.25,1.25,764505.25,764505.25
48309,2013,Payment Months (Type 3),1,3120916,1.25,1.25,780229,780229
48309,2013,All Issues (Census),1,3120916,1.25,1.25,780229,780229
48309,2022,Payment Months (Type 3),2,3370845,1.25,1.25,842711.25,842711.25
48309,2022,All Issues (Census),2,3370845,1.25,1.25,842711.25,842711.25
48309,2023,Payment Months (Type 3),2,3150147,1.25,1.3333333333333333,787536.75,1050049
48309,2023,All Issues (Census),2,3150147,1.25,1.3333333333333333,787536.75,1050049
48311,2011,Payment Months (Type 3),1,134201,1.5,1.5,67100.5,67100.5
48311,2011,All Issues (Census),1,134201,1.5,1.5,67100.5,67100.5
48311,2012,Payment Months (Type 3),1,143765,1.6666666666666667,1.6666666666666667,95843.33,95843.33
48311,2012,All Issues (Census),1,143765,1.6666666666666667,1.6666666666666667,95843.33,95843.33
48311,2022,Payment Months (Type 3),3,263314,1.25,1.3333333333333333,65828.5,87771.33
48311,2022,All Issues (Census),3,263314,1.25,1.3333333333333333,65828.5,87771.33
48313,2011,Payment Months (Type 3),1,1615248,3,3,3230496,3230496
48313,2011,All Issues (Census),1,1615248,3,3,3230496,3230496
48313,2012,Payment Months (Type 3),1,2016418,1.25,1.25,504104.5,504104.5
48313,2012,All Issues (Census),1,2016418,1.25,1.25,504104.5,504104.5
48313,2023,Payment Months (Type 3),1,2351539,1.25,1.25,587884.75,587884.75
48313,2023,All Issues (Census),1,2351539,1.25,1.25,587884.75,587884.75
48315,2011,Payment Months (Type 3),3,38984,1.5,3,19492,77968
48315,2011,All Issues (Census),3,38984,1.5,3,19492,77968
48315,2012,Payment Months (Type 3),1,97972,1.25,1.25,24493,24493
48315,2012,All Issues (Census),1,97972,1.25,1.25,24493,24493
48317,2011,Payment Months (Type 3),1,50164,3,3,100328,100328
48317,2011,All Issues (Census),1,50164,3,3,100328,100328
48317,2012,Payment Months (Type 3),1,145249,1.25,1.25,36312.25,36312.25
48317,2012,All Issues (Census),1,145249,1.25,1.25,36312.25,36312.25
48317,2013,Payment Months (Type 3),1,335782,1.25,1.25,83945.5,83945.5
48317,2013,All Issues (Census),1,335782,1.25,1.25,83945.5,83945.5
48317,2018,Payment Months (Type 3),1,112792,1.3333333333333333,1.3333333333333333,37597.33,37597.33
48317,2018,All Issues (Census),1,112792,1.3333333333333333,1.3333333333333333,37597.33,37597.33
48317,2020,Payment Months (Type 3),1,80156,1.25,1.25,20039,20039
48317,2020,All Issues (Census),1,80156,1.25,1.25,20039,20039
48317,2021,Payment Months (Type 3),3,95407,1.25,1.6666666666666667,23851.75,63604.67
48317,2021,All Issues (Census),3,95407,1.25,1.6666666666666667,23851.75,63604.67
48317,2022,Payment Months (Type 3),2,139758,1.25,1.6666666666666667,34939.5,93172
48317,2022,All Issues (Census),2,139758,1.25,1.6666666666666667,34939.5,93172
48317,2023,Payment Months (Type 3),1,110406,1.3333333333333333,1.3333333333333333,36802,36802
48317,2023,All Issues (Census),1,110406,1.3333333333333333,1.3333333333333333,36802,36802
48319,2011,Payment Months (Type 3),4,2323455,1.5,3,1161727.5,4646910
48319,2011,All Issues (Census),4,2323455,1.5,3,1161727.5,4646910
48319,2012,Payment Months (Type 3),1,2991320,1.25,1.25,747830,747830
48319,2012,All Issues (Census),1,2991320,1.25,1.25,747830,747830
48319,2022,Payment Months (Type 3),2,2205684,1.25,1.6666666666666667,551421,1470456
48319,2022,All Issues (Census),2,2205684,1.25,1.6666666666666667,551421,1470456
48319,2023,Payment Months (Type 3),2,2367374,1.25,1.3333333333333333,591843.5,789124.67
48319,2023,All Issues (Census),2,2367374,1.25,1.3333333333333333,591843.5,789124.67
48319,2025,Payment Months (Type 3),1,1232365.91,1.3333333333333333,1.3333333333333333,410788.64,410788.64
48319,2025,All Issues (Census),1,1232365.91,1.3333333333333333,1.3333333333333333,410788.64,410788.64
48321,2011,Payment Months (Type 3),4,2520766.09,1.5,1.5,1260383.04,1260383.04
48321,2011,All Issues (Census),4,2520766.09,1.5,1.5,1260383.04,1260383.04
48321,2012,Payment Months (Type 3),1,2704625,1.25,1.25,676156.25,676156.25
48321,2012,All Issues (Census),1,2704625,1.25,1.25,676156.25,676156.25
48323,2012,Payment Months (Type 3),1,243789,1.3333333333333333,1.3333333333333333,81263,81263
48323,2012,All Issues (Census),1,243789,1.3333333333333333,1.3333333333333333,81263,81263
48323,2013,Payment Months (Type 3),2,302182,1.25,1.3333333333333333,75545.5,100727.33
48323,2013,All Issues (Census),2,302182,1.25,1.3333333333333333,75545.5,100727.33
48323,2018,Payment Months (Type 3),1,278726,1.25,1.25,69681.5,69681.5
48323,2018,All Issues (Census),1,278726,1.25,1.25,69681.5,69681.5
48323,2020,Payment Months (Type 3),3,242501,1.3333333333333333,1.3333333333333333,80833.67,80833.67
48323,2020,All Issues (Census),3,242501,1.3333333333333333,1.3333333333333333,80833.67,80833.67
48323,2021,Payment Months (Type 3),2,106897,1.3333333333333333,1.3333333333333333,35632.33,35632.33
48323,2021,All Issues (Census),2,106897,1.3333333333333333,1.3333333333333333,35632.33,35632.33
48323,2022,Payment Months (Type 3),4,246533,1.25,1.6666666666666667,61633.25,164355.33
48323,2022,All Issues (Census),4,246533,1.25,1.6666666666666667,61633.25,164355.33
48323,2023,Payment Months (Type 3),1,248110,1.3333333333333333,1.3333333333333333,82703.33,82703.33
48323,2023,All Issues (Census),1,248110,1.3333333333333333,1.3333333333333333,82703.33,82703.33
48323,2025,Payment Months (Type 3),2,50415.61,1.25,1.3333333333333333,12603.9,16805.2
48323,2025,All Issues (Census),2,50415.61,1.25,1.3333333333333333,12603.9,16805.2
48325,2011,Payment Months (Type 3),3,817056.76,3,3,1634113.52,1634113.52
48325,2011,All Issues (Census),3,817056.76,3,3,1634113.52,1634113.52
48325,2012,Payment Months (Type 3),1,1142422,1.6666666666666667,1.6666666666666667,761614.67,761614.67
48325,2012,All Issues (Census),1,1142422,1.6666666666666667,1.6666666666666667,761614.67,761614.67
48325,2014,Payment Months (Type 3),1,1437760,1.3333333333333333,1.3333333333333333,479253.33,479253.33
48325,2014,All Issues (Census),1,1437760,1.3333333333333333,1.3333333333333333,479253.33,479253.33
48325,2015,Payment Months (Type 3),1,778689,1.3333333333333333,1.3333333333333333,259563,259563
48325,2015,All Issues (Census),1,778689,1.3333333333333333,1.3333333333333333,259563,259563
48325,2021,Payment Months (Type 3),2,658193,1.3333333333333333,1.6666666666666667,219397.67,438795.33
48325,2021,All Issues (Census),2,658193,1.3333333333333333,1.6666666666666667,219397.67,438795.33
48325,2022,Payment Months (Type 3),2,1393249,1.25,1.25,348312.25,348312.25
48325,2022,All Issues (Census),2,1393249,1.25,1.25,348312.25,348312.25
48325,2023,Payment Months (Type 3),4,1659829,1.25,1.6666666666666667,414957.25,1106552.67
48325,2023,All Issues (Census),4,1659829,1.25,1.6666666666666667,414957.25,1106552.67
48325,2024,Payment Months (Type 3),2,1168153.85,1.3333333333333333,1.3333333333333333,389384.62,389384.62
48325,2024,All Issues (Census),2,1168153.85,1.3333333333333333,1.3333333333333333,389384.62,389384.62
48325,2025,Payment Months (Type 3),4,615580.32,1.25,1.3333333333333333,153895.08,205193.44
48325,2025,All Issues (Census),4,615580.32,1.25,1.3333333333333333,153895.08,205193.44
48327,2011,Payment Months (Type 3),1,1270711,3,3,2541422,2541422
48327,2011,All Issues (Census),1,1270711,3,3,2541422,2541422
48327,2012,Payment Months (Type 3),1,1245935,1.25,1.25,311483.75,311483.75
48327,2012,All Issues (Census),1,1245935,1.25,1.25,311483.75,311483.75
48327,2022,Payment Months (Type 3),1,1310891,1.3333333333333333,1.3333333333333333,436963.67,436963.67
48327,2022,All Issues (Census),1,1310891,1.3333333333333333,1.3333333333333333,436963.67,436963.67
48327,2023,Payment Months (Type 3),2,1456617,1.25,1.3333333333333333,364154.25,485539
48327,2023,All Issues (Census),2,1456617,1.25,1.3333333333333333,364154.25,485539
48327,2025,Payment Months (Type 3),1,542195.11,1.3333333333333333,1.3333333333333333,180731.7,180731.7
48327,2025,All Issues (Census),1,542195.11,1.3333333333333333,1.3333333333333333,180731.7,180731.7
48329,2011,Payment Months (Type 3),1,130049,3,3,260098,260098
48329,2011,All Issues (Census),1,130049,3,3,260098,260098
48329,2012,Payment Months (Type 3),1,186788,1.25,1.25,46697,46697
48329,2012,All Issues (Census),1,186788,1.25,1.25,46697,46697
48329,2013,Payment Months (Type 3),1,105227,1.25,1.25,26306.75,26306.75
48329,2013,All Issues (Census),1,105227,1.25,1.25,26306.75,26306.75
48329,2018,Payment Months (Type 3),1,17543,1.3333333333333333,1.3333333333333333,5847.67,5847.67
48329,2018,All Issues (Census),1,17543,1.3333333333333333,1.3333333333333333,5847.67,5847.67
48329,2020,Payment Months (Type 3),1,36783,1.25,1.25,9195.75,9195.75
48329,2020,All Issues (Census),1,36783,1.25,1.25,9195.75,9195.75
48329,2021,Payment Months (Type 3),3,37019,1.25,1.6666666666666667,9254.75,24679.33
48329,2021,All Issues (Census),3,37019,1.25,1.6666666666666667,9254.75,24679.33
48329,2022,Payment Months (Type 3),1,76719,1.6666666666666667,1.6666666666666667,51146,51146
48329,2022,All Issues (Census),1,76719,1.6666666666666667,1.6666666666666667,51146,51146
48329,2023,Payment Months (Type 3),1,30200,1.25,1.25,7550,7550
48329,2023,All Issues (Census),1,30200,1.25,1.25,7550,7550
48331,2011,Payment Months (Type 3),1,3002104.6,3,3,6004209.2,6004209.2
48331,2011,All Issues (Census),1,3002104.6,3,3,6004209.2,6004209.2
48331,2012,Payment Months (Type 3),1,4321149,1.25,1.25,1080287.25,1080287.25
48331,2012,All Issues (Census),1,4321149,1.25,1.25,1080287.25,1080287.25
48331,2023,Payment Months (Type 3),1,4833914,1.25,1.25,1208478.5,1208478.5
48331,2023,All Issues (Census),1,4833914,1.25,1.25,1208478.5,1208478.5
48333,2011,Payment Months (Type 3),4,1258867.98,3,3,2517735.96,2517735.96
48333,2011,All Issues (Census),4,1258867.98,3,3,2517735.96,2517735.96
48333,2012,Payment Months (Type 3),1,1594233.06,1.25,1.25,398558.26,398558.26
48333,2012,All Issues (Census),1,1594233.06,1.25,1.25,398558.26,398558.26
48333,2022,Payment Months (Type 3),1,1050777,1.6666666666666667,1.6666666666666667,700518,700518
48333,2022,All Issues (Census),1,1050777,1.6666666666666667,1.6666666666666667,700518,700518
48333,2023,Payment Months (Type 3),3,1051795,1.25,1.3333333333333333,262948.75,350598.33
48333,2023,All Issues (Census),3,1051795,1.25,1.3333333333333333,262948.75,350598.33
48335,2011,Payment Months (Type 3),1,616371,3,3,1232742,1232742
48335,2011,All Issues (Census),1,616371,3,3,1232742,1232742
48335,2012,Payment Months (Type 3),1,946353.63,1.25,1.25,236588.41,236588.41
48335,2012,All Issues (Census),1,946353.63,1.25,1.25,236588.41,236588.41
48335,2022,Payment Months (Type 3),2,1064534,1.25,1.6666666666666667,266133.5,709689.33
48335,2022,All Issues (Census),2,1064534,1.25,1.6666666666666667,266133.5,709689.33
48335,2023,Payment Months (Type 3),1,1116440,1.3333333333333333,1.3333333333333333,372146.67,372146.67
48335,2023,All Issues (Census),1,1116440,1.3333333333333333,1.3333333333333333,372146.67,372146.67
48337,2011,Payment Months (Type 3),1,1165154.5,3,3,2330309,2330309
48337,2011,All Issues (Census),1,1165154.5,3,3,2330309,2330309
48337,2022,Payment Months (Type 3),2,2056865,1.3333333333333333,1.3333333333333333,685621.67,685621.67
48337,2022,All Issues (Census),2,2056865,1.3333333333333333,1.3333333333333333,685621.67,685621.67
48339,2011,Payment Months (Type 3),3,97588,1.5,3,48794,195176
48339,2011,All Issues (Census),3,97588,1.5,3,48794,195176
48339,2012,Payment Months (Type 3),1,156566,1.25,1.25,39141.5,39141.5
48339,2012,All Issues (Census),1,156566,1.25,1.25,39141.5,39141.5
48339,2023,Payment Months (Type 3),1,266137,1.25,1.25,66534.25,66534.25
48339,2023,All Issues (Census),1,266137,1.25,1.25,66534.25,66534.25
48341,2011,Payment Months (Type 3),1,396972,3,3,793944,793944
48341,2011,All Issues (Census),1,396972,3,3,793944,793944
48341,2013,Payment Months (Type 3),1,636722.78,1.25,1.25,159180.7,159180.7
48341,2013,All Issues (Census),1,636722.78,1.25,1.25,159180.7,159180.7
48341,2014,Payment Months (Type 3),1,702621,1.25,1.25,175655.25,175655.25
48341,2014,All Issues (Census),1,702621,1.25,1.25,175655.25,175655.25
48341,2018,Payment Months (Type 3),1,348025,2,2,348025,348025
48341,2018,All Issues (Census),1,348025,2,2,348025,348025
48341,2022,Payment Months (Type 3),1,817781,2.5,2.5,1226671.5,1226671.5
48341,2022,All Issues (Census),1,817781,2.5,2.5,1226671.5,1226671.5
48341,2023,Payment Months (Type 3),1,785665,2.5,2.5,1178497.5,1178497.5
48341,2023,All Issues (Census),1,785665,2.5,2.5,1178497.5,1178497.5
48343,2011,Payment Months (Type 3),1,263145,3,3,526290,526290
48343,2011,All Issues (Census),1,263145,3,3,526290,526290
48343,2012,Payment Months (Type 3),1,446970,1.25,1.25,111742.5,111742.5
48343,2012,All Issues (Census),1,446970,1.25,1.25,111742.5,111742.5
48345,2011,Payment Months (Type 3),1,1061250,3,3,2122500,2122500
48345,2011,All Issues (Census),1,1061250,3,3,2122500,2122500
48345,2012,Payment Months (Type 3),1,1424769,1.25,1.25,356192.25,356192.25
48345,2012,All Issues (Census),1,1424769,1.25,1.25,356192.25,356192.25
48345,2018,Payment Months (Type 3),1,754171,1.3333333333333333,1.3333333333333333,251390.33,251390.33
48345,2018,All Issues (Census),1,754171,1.3333333333333333,1.3333333333333333,251390.33,251390.33
48345,2022,Payment Months (Type 3),2,1616604,1.25,1.6666666666666667,404151,1077736
48345,2022,All Issues (Census),2,1616604,1.25,1.6666666666666667,404151,1077736
48345,2023,Payment Months (Type 3),1,1892855,1.3333333333333333,1.3333333333333333,630951.67,630951.67
48345,2023,All Issues (Census),1,1892855,1.3333333333333333,1.3333333333333333,630951.67,630951.67
48347,2011,Payment Months (Type 3),3,802735,1.5,3,401367.5,1605470
48347,2011,All Issues (Census),3,802735,1.5,3,401367.5,1605470
48347,2012,Payment Months (Type 3),1,1302204,1.25,1.25,325551,325551
48347,2012,All Issues (Census),1,1302204,1.25,1.25,325551,325551
48349,2011,Payment Months (Type 3),1,1314364,3,3,2628728,2628728
48349,2011,All Issues (Census),1,1314364,3,3,2628728,2628728
48349,2012,Payment Months (Type 3),1,1876531,1.25,1.25,469132.75,469132.75
48349,2012,All Issues (Census),1,1876531,1.25,1.25,469132.75,469132.75
48349,2022,Payment Months (Type 3),1,2942976,1.25,1.25,735744,735744
48349,2022,All Issues (Census),1,2942976,1.25,1.25,735744,735744
48351,2010,Payment Months (Type 3),2,,1.5,1.5,,
48351,2010,All Issues (Census),2,,1.5,1.5,,
48351,2011,Payment Months (Type 3),3,29574,1.5,3,14787,59148
48351,2011,All Issues (Census),3,29574,1.5,3,14787,59148
48351,2012,Payment Months (Type 3),1,58380,1.25,1.25,14595,14595
48351,2012,All Issues (Census),1,58380,1.25,1.25,14595,14595
48351,2023,Payment Months (Type 3),1,94718.99,1.25,1.25,23679.75,23679.75
48351,2023,All Issues (Census),1,94718.99,1.25,1.25,23679.75,23679.75
48351,2024,Payment Months (Type 3),2,42011,1.25,1.6666666666666667,10502.75,28007.33
48351,2024,All Issues (Census),2,42011,1.25,1.6666666666666667,10502.75,28007.33
48353,2011,Payment Months (Type 3),1,652921,3,3,1305842,1305842
48353,2011,All Issues (Census),1,652921,3,3,1305842,1305842
48353,2012,Payment Months (Type 3),1,751125,1.25,1.25,187781.25,187781.25
48353,2012,All Issues (Census),1,751125,1.25,1.25,187781.25,187781.25
48353,2022,Payment Months (Type 3),2,1278554,1.25,1.6666666666666667,319638.5,852369.33
48353,2022,All Issues (Census),2,1278554,1.25,1.6666666666666667,319638.5,852369.33
48353,2023,Payment Months (Type 3),1,1215718,1.3333333333333333,1.3333333333333333,405239.33,405239.33
48353,2023,All Issues (Census),1,1215718,1.3333333333333333,1.3333333333333333,405239.33,405239.33
48355,2012,Payment Months (Type 3),1,269491,1.6666666666666667,1.6666666666666667,179660.67,179660.67
48355,2012,All Issues (Census),1,269491,1.6666666666666667,1.6666666666666667,179660.67,179660.67
48355,2013,Payment Months (Type 3),2,286978,1.25,1.6666666666666667,71744.5,191318.67
48355,2013,All Issues (Census),2,286978,1.25,1.6666666666666667,71744.5,191318.67
48357,2011,Payment Months (Type 3),3,481296,1.5,3,240648,962592
48357,2011,All Issues (Census),3,481296,1.5,3,240648,962592
48357,2012,Payment Months (Type 3),1,1067063,1.25,1.25,266765.75,266765.75
48357,2012,All Issues (Census),1,1067063,1.25,1.25,266765.75,266765.75
48357,2014,Payment Months (Type 3),1,909398,1.25,1.25,227349.5,227349.5
48357,2014,All Issues (Census),1,909398,1.25,1.25,227349.5,227349.5
48357,2018,Payment Months (Type 3),1,574531,2.5,2.5,861796.5,861796.5
48357,2018,All Issues (Census),1,574531,2.5,2.5,861796.5,861796.5
48357,2020,Payment Months (Type 3),1,411717,1.5,1.5,205858.5,205858.5
48357,2020,All Issues (Census),1,411717,1.5,1.5,205858.5,205858.5
48357,2022,All Issues (Census),1,1083214,2,2,1083214,1083214
48357,2023,Payment Months (Type 3),1,1437866,2.5,2.5,2156799,2156799
48357,2023,All Issues (Census),1,1437866,2.5,2.5,2156799,2156799
48359,2011,Payment Months (Type 3),1,1113656,3,3,2227312,2227312
48359,2011,All Issues (Census),1,1113656,3,3,2227312,2227312
48359,2012,Payment Months (Type 3),1,1173409,1.25,1.25,293352.25,293352.25
48359,2012,All Issues (Census),1,1173409,1.25,1.25,293352.25,293352.25
48359,2013,Payment Months (Type 3),1,1384222,1.25,1.25,346055.5,346055.5
48359,2013,All Issues (Census),1,1384222,1.25,1.25,346055.5,346055.5
48359,2014,Payment Months (Type 3),1,1176016,1.25,1.25,294004,294004
48359,2014,All Issues (Census),1,1176016,1.25,1.25,294004,294004
48359,2018,Payment Months (Type 3),1,691782,2.5,2.5,1037673,1037673
48359,2018,All Issues (Census),1,691782,2.5,2.5,1037673,1037673
48359,2020,Payment Months (Type 3),1,546879,1.3333333333333333,1.3333333333333333,182293,182293
48359,2020,All Issues (Census),1,546879,1.3333333333333333,1.3333333333333333,182293,182293
48359,2022,Payment Months (Type 3),2,1178976,1.25,2.5,294744,1768464
48359,2022,All Issues (Census),2,1178976,1.25,2.5,294744,1768464
48359,2023,Payment Months (Type 3),1,1140731,2,2,1140731,1140731
48359,2023,All Issues (Census),1,1140731,2,2,1140731,1140731
48361,2011,Payment Months (Type 3),3,112250,1.5,3,56125,224500
48361,2011,All Issues (Census),3,112250,1.5,3,56125,224500
48361,2012,Payment Months (Type 3),1,143027.07,1.25,1.25,35756.77,35756.77
48361,2012,All Issues (Census),1,143027.07,1.25,1.25,35756.77,35756.77
48361,2023,Payment Months (Type 3),1,282537,1.25,1.25,70634.25,70634.25
48361,2023,All Issues (Census),1,282537,1.25,1.25,70634.25,70634.25
48361,2024,Payment Months (Type 3),2,139407,1.25,1.3333333333333333,34851.75,46469
48361,2024,All Issues (Census),2,139407,1.25,1.3333333333333333,34851.75,46469
48363,2011,Payment Months (Type 3),1,508527,3,3,1017054,1017054
48363,2011,All Issues (Census),1,508527,3,3,1017054,1017054
48363,2014,Payment Months (Type 3),1,1074053,1.25,1.25,268513.25,268513.25
48363,2014,All Issues (Census),1,1074053,1.25,1.25,268513.25,268513.25
48363,2015,Payment Months (Type 3),1,475582,1.25,1.25,118895.5,118895.5
48363,2015,All Issues (Census),1,475582,1.25,1.25,118895.5,118895.5
48363,2022,Payment Months (Type 3),1,698382.58,1.3333333333333333,1.3333333333333333,232794.19,232794.19
48363,2022,All Issues (Census),1,698382.58,1.3333333333333333,1.3333333333333333,232794.19,232794.19
48365,2010,Payment Months (Type 3),2,3092,2,2,3092,3092
48365,2010,All Issues (Census),2,3092,2,2,3092,3092
48365,2011,Payment Months (Type 3),3,302156,1.5,3,151078,604312
48365,2011,All Issues (Census),3,302156,1.5,3,151078,604312
48365,2012,Payment Months (Type 3),1,578321,1.25,1.25,144580.25,144580.25
48365,2012,All Issues (Census),1,578321,1.25,1.25,144580.25,144580.25
48365,2018,Threshold (Type 2),3,89188,3,3,178376,178376
48365,2018,All Issues (Census),3,89188,3,3,178376,178376
48367,2011,Payment Months (Type 3),3,360062.99,1.5,3,180031.5,720125.98
48367,2011,All Issues (Census),3,360062.99,1.5,3,180031.5,720125.98
48367,2014,Payment Months (Type 3),1,869063,1.25,1.25,217265.75,217265.75
48367,2014,All Issues (Census),1,869063,1.25,1.25,217265.75,217265.75
48367,2015,Payment Months (Type 3),1,403742,1.25,1.25,100935.5,100935.5
48367,2015,All Issues (Census),1,403742,1.25,1.25,100935.5,100935.5
48367,2022,Payment Months (Type 3),1,852567,1.25,1.25,213141.75,213141.75
48367,2022,All Issues (Census),1,852567,1.25,1.25,213141.75,213141.75
48369,2011,Payment Months (Type 3),1,109895,3,3,219790,219790
48369,2011,All Issues (Census),1,109895,3,3,219790,219790
48369,2012,Payment Months (Type 3),2,304512,1.25,1.25,76128,76128
48369,2012,All Issues (Census),2,304512,1.25,1.25,76128,76128
48369,2013,Payment Months (Type 3),2,350318,1.25,1.25,87579.5,87579.5
48369,2013,All Issues (Census),2,350318,1.25,1.25,87579.5,87579.5
48369,2018,Payment Months (Type 3),1,230552,2,2,230552,230552
48369,2018,All Issues (Census),1,230552,2,2,230552,230552
48369,2020,Payment Months (Type 3),1,148979,1.25,1.25,37244.75,37244.75
48369,2020,All Issues (Census),1,148979,1.25,1.25,37244.75,37244.75
48369,2021,Payment Months (Type 3),3,409508,1.25,2.5,102377,614262
48369,2021,All Issues (Census),3,409508,1.25,2.5,102377,614262
48369,2022,Payment Months (Type 3),2,535256,1.25,2.5,133814,802884
48369,2022,All Issues (Census),2,535256,1.25,2.5,133814,802884
48369,2023,Payment Months (Type 3),1,721229,2,2,721229,721229
48369,2023,All Issues (Census),1,721229,2,2,721229,721229
48371,2011,Payment Months (Type 3),4,1539205,3,3,3078410,3078410
48371,2011,All Issues (Census),4,1539205,3,3,3078410,3078410
48371,2012,Payment Months (Type 3),1,1733761,1.25,1.25,433440.25,433440.25
48371,2012,All Issues (Census),1,1733761,1.25,1.25,433440.25,433440.25
48371,2021,Payment Months (Type 3),3,927957,1.25,1.3333333333333333,231989.25,309319
48371,2021,All Issues (Census),3,927957,1.25,1.3333333333333333,231989.25,309319
48371,2022,Payment Months (Type 3),2,1668171,1.25,1.6666666666666667,417042.75,1112114
48371,2022,All Issues (Census),2,1668171,1.25,1.6666666666666667,417042.75,1112114
48371,2025,Payment Months (Type 3),1,1012234.57,1.6666666666666667,1.6666666666666667,674823.05,674823.05
48371,2025,All Issues (Census),1,1012234.57,1.6666666666666667,1.6666666666666667,674823.05,674823.05
48373,2011,Payment Months (Type 3),3,123699,1.5,3,61849.5,247398
48373,2011,All Issues (Census),3,123699,1.5,3,61849.5,247398
48373,2012,Payment Months (Type 3),1,253111,1.25,1.25,63277.75,63277.75
48373,2012,All Issues (Census),1,253111,1.25,1.25,63277.75,63277.75
48373,2023,Payment Months (Type 3),1,750580,1.25,1.25,187645,187645
48373,2023,All Issues (Census),1,750580,1.25,1.25,187645,187645
48375,2011,Payment Months (Type 3),1,793872.56,3,3,1587745.12,1587745.12
48375,2011,All Issues (Census),1,793872.56,3,3,1587745.12,1587745.12
48375,2012,Payment Months (Type 3),1,1077410,1.25,1.25,269352.5,269352.5
48375,2012,All Issues (Census),1,1077410,1.25,1.25,269352.5,269352.5
48375,2013,Payment Months (Type 3),2,768756,1.25,1.25,192189,192189
48375,2013,All Issues (Census),2,768756,1.25,1.25,192189,192189
48375,2014,Payment Months (Type 3),2,760160,1.25,1.25,190040,190040
48375,2014,All Issues (Census),2,760160,1.25,1.25,190040,190040
48375,2015,Payment Months (Type 3),1,405718,1.25,1.25,101429.5,101429.5
48375,2015,All Issues (Census),1,405718,1.25,1.25,101429.5,101429.5
48375,2018,Payment Months (Type 3),1,600284,2.5,2.5,900426,900426
48375,2018,All Issues (Census),1,600284,2.5,2.5,900426,900426
48375,2022,Payment Months (Type 3),1,875345,2.5,2.5,1313017.5,1313017.5
48375,2022,All Issues (Census),1,875345,2.5,2.5,1313017.5,1313017.5
48375,2023,Payment Months (Type 3),1,636295,2,2,636295,636295
48375,2023,All Issues (Census),1,636295,2,2,636295,636295
48377,2011,Payment Months (Type 3),4,936266,1.5,3,468133,1872532
48377,2011,All Issues (Census),4,936266,1.5,3,468133,1872532
48377,2012,Payment Months (Type 3),1,971279,1.25,1.25,242819.75,242819.75
48377,2012,All Issues (Census),1,971279,1.25,1.25,242819.75,242819.75
48377,2020,Payment Months (Type 3),1,529421,1.25,1.25,132355.25,132355.25
48377,2020,All Issues (Census),1,529421,1.25,1.25,132355.25,132355.25
48377,2021,Payment Months (Type 3),3,490369,1.25,1.6666666666666667,122592.25,326912.67
48377,2021,All Issues (Census),3,490369,1.25,1.6666666666666667,122592.25,326912.67
48377,2022,Payment Months (Type 3),1,687798,1.6666666666666667,1.6666666666666667,458532,458532
48377,2022,All Issues (Census),1,687798,1.6666666666666667,1.6666666666666667,458532,458532
48377,2024,Payment Months (Type 3),2,478093,1.25,1.3333333333333333,119523.25,159364.33
48377,2024,All Issues (Census),2,478093,1.25,1.3333333333333333,119523.25,159364.33
48377,2025,Payment Months (Type 3),4,332519.29,1.25,1.6666666666666667,83129.82,221679.53
48377,2025,All Issues (Census),4,332519.29,1.25,1.6666666666666667,83129.82,221679.53
48379,2011,Payment Months (Type 3),1,322376,3,3,644752,644752
48379,2011,All Issues (Census),1,322376,3,3,644752,644752
48379,2022,Payment Months (Type 3),1,662955,1.3333333333333333,1.3333333333333333,220985,220985
48379,2022,All Issues (Census),1,662955,1.3333333333333333,1.3333333333333333,220985,220985
48381,2011,Payment Months (Type 3),1,551600,3,3,1103200,1103200
48381,2011,All Issues (Census),1,551600,3,3,1103200,1103200
48381,2012,Payment Months (Type 3),1,1644047,1.25,1.25,411011.75,411011.75
48381,2012,All Issues (Census),1,1644047,1.25,1.25,411011.75,411011.75
48381,2013,Payment Months (Type 3),1,1966178,1.25,1.25,491544.5,491544.5
48381,2013,All Issues (Census),1,1966178,1.25,1.25,491544.5,491544.5
48381,2014,Threshold (Type 2),1,1773291.43,4,4,5319874.29,5319874.29
48381,2014,All Issues (Census),1,1773291.43,4,4,5319874.29,5319874.29
48381,2018,Payment Months (Type 3),1,846632,2.5,2.5,1269948,1269948
48381,2018,All Issues (Census),1,846632,2.5,2.5,1269948,1269948
48381,2019,Threshold (Type 2),3,324847,1.3333333333333333,1.3333333333333333,108282.33,108282.33
48381,2020,Payment Months (Type 3),1,627474,1.25,1.25,156868.5,156868.5
48381,2020,All Issues (Census),1,627474,1.25,1.25,156868.5,156868.5
48381,2021,Payment Months (Type 3),1,744274,2,2,744274,744274
48381,2021,All Issues (Census),1,744274,2,2,744274,744274
48381,2022,Payment Months (Type 3),2,1176375,1.25,2,294093.75,1176375
48381,2022,All Issues (Census),2,1176375,1.25,2,294093.75,1176375
48381,2023,Payment Months (Type 3),1,1599416.8,2,2,1599416.8,1599416.8
48381,2023,All Issues (Census),1,1599416.8,2,2,1599416.8,1599416.8
48383,2011,Payment Months (Type 3),1,716824,3,3,1433648,1433648
48383,2011,All Issues (Census),1,716824,3,3,1433648,1433648
48383,2012,Threshold (Type 2),3,526218,1.25,1.25,131554.5,131554.5
48383,2012,Payment Months (Type 3),1,526218,1.25,1.25,131554.5,131554.5
48383,2012,All Issues (Census),1,526218,1.25,1.25,131554.5,131554.5
48383,2022,Payment Months (Type 3),1,812585,1.25,1.25,203146.25,203146.25
48383,2022,All Issues (Census),1,812585,1.25,1.25,203146.25,203146.25
48383,2025,Payment Months (Type 3),1,331436.08,1.3333333333333333,1.3333333333333333,110478.69,110478.69
48383,2025,All Issues (Census),1,331436.08,1.3333333333333333,1.3333333333333333,110478.69,110478.69
48385,2010,Payment Months (Type 3),2,69721,1.5,1.5,34860.5,34860.5
48385,2010,All Issues (Census),2,69721,1.5,1.5,34860.5,34860.5
48385,2011,Payment Months (Type 3),1,122453,3,3,244906,244906
48385,2011,All Issues (Census),1,122453,3,3,244906,244906
48385,2012,Payment Months (Type 3),1,99694,1.6666666666666667,1.6666666666666667,66462.67,66462.67
48385,2012,All Issues (Census),1,99694,1.6666666666666667,1.6666666666666667,66462.67,66462.67
48385,2013,Threshold (Type 2),4,72722,1.25,1.25,18180.5,18180.5
48385,2013,Payment Months (Type 3),1,72722,1.3333333333333333,1.3333333333333333,24240.67,24240.67
48385,2013,All Issues (Census),5,72722,1.25,1.3333333333333333,18180.5,24240.67
48385,2021,Payment Months (Type 3),2,15582,1.3333333333333333,1.3333333333333333,5194,5194
48385,2021,All Issues (Census),2,15582,1.3333333333333333,1.3333333333333333,5194,5194
48385,2022,Payment Months (Type 3),2,62520,1.25,1.25,15630,15630
48385,2022,All Issues (Census),2,62520,1.25,1.25,15630,15630
48385,2023,Payment Months (Type 3),4,76514,1.25,1.3333333333333333,19128.5,25504.67
48385,2023,All Issues (Census),4,76514,1.25,1.3333333333333333,19128.5,25504.67
48385,2025,Payment Months (Type 3),3,6231.11,1.25,1.3333333333333333,1557.78,2077.04
48385,2025,All Issues (Census),3,6231.11,1.25,1.3333333333333333,1557.78,2077.04
48387,2011,Payment Months (Type 3),4,2374102.23,1.5,3,1187051.11,4748204.46
48387,2011,All Issues (Census),4,2374102.23,1.5,3,1187051.11,4748204.46
48387,2022,Payment Months (Type 3),1,4576184,1.3333333333333333,1.3333333333333333,1525394.67,1525394.67
48387,2022,All Issues (Census),1,4576184,1.3333333333333333,1.3333333333333333,1525394.67,1525394.67
48389,2011,Payment Months (Type 3),4,713684,1.5,3,356842,1427368
48389,2011,All Issues (Census),4,713684,1.5,3,356842,1427368
48389,2012,Payment Months (Type 3),1,536209,1.25,1.25,134052.25,134052.25
48389,2012,All Issues (Census),1,536209,1.25,1.25,134052.25,134052.25
48389,2021,Payment Months (Type 3),3,269422,1.25,2.5,67355.5,404133
48389,2021,All Issues (Census),3,269422,1.25,2.5,67355.5,404133
48389,2022,Payment Months (Type 3),2,256449,1.25,2.5,64112.25,384673.5
48389,2022,All Issues (Census),2,256449,1.25,2.5,64112.25,384673.5
48389,2025,Payment Months (Type 3),3,6549.28,1.25,2.5,1637.32,9823.92
48389,2025,All Issues (Census),3,6549.28,1.25,2.5,1637.32,9823.92
48391,2012,Payment Months (Type 3),1,727450,1.6666666666666667,1.6666666666666667,484966.67,484966.67
48391,2012,All Issues (Census),1,727450,1.6666666666666667,1.6666666666666667,484966.67,484966.67
48393,2011,Payment Months (Type 3),1,621552,3,3,1243104,1243104
48393,2011,All Issues (Census),1,621552,3,3,1243104,1243104
48393,2012,Payment Months (Type 3),2,1303655,1.25,1.25,325913.75,325913.75
48393,2012,All Issues (Census),2,1303655,1.25,1.25,325913.75,325913.75
48393,2013,Payment Months (Type 3),1,1154467,1.25,1.25,288616.75,288616.75
48393,2013,All Issues (Census),1,1154467,1.25,1.25,288616.75,288616.75
48393,2014,Payment Months (Type 3),1,962879,1.25,1.25,240719.75,240719.75
48393,2014,All Issues (Census),1,962879,1.25,1.25,240719.75,240719.75
48393,2015,Boundary (Type 1),1,569923,4,4,1709769,1709769
48393,2015,All Issues (Census),1,569923,4,4,1709769,1709769
48393,2018,Payment Months (Type 3),1,665826,2.5,2.5,998739,998739
48393,2018,All Issues (Census),1,665826,2.5,2.5,998739,998739
48393,2022,Payment Months (Type 3),1,863890,2,2,863890,863890
48393,2022,All Issues (Census),1,863890,2,2,863890,863890
48393,2023,Payment Months (Type 3),1,1125703,2,2,1125703,1125703
48393,2023,All Issues (Census),1,1125703,2,2,1125703,1125703
48395,2011,Payment Months (Type 3),1,2460595.09,3,3,4921190.18,4921190.18
48395,2011,All Issues (Census),1,2460595.09,3,3,4921190.18,4921190.18
48395,2012,Payment Months (Type 3),1,3645615.45,1.25,1.25,911403.86,911403.86
48395,2012,All Issues (Census),1,3645615.45,1.25,1.25,911403.86,911403.86
48395,2023,Payment Months (Type 3),1,4202250,1.25,1.25,1050562.5,1050562.5
48395,2023,All Issues (Census),1,4202250,1.25,1.25,1050562.5,1050562.5
48397,2011,Payment Months (Type 3),3,77347,1.5,3,38673.5,154694
48397,2011,All Issues (Census),3,77347,1.5,3,38673.5,154694
48397,2014,Threshold (Type 2),2,160316,1.3333333333333333,1.3333333333333333,53438.67,53438.67
48397,2022,Payment Months (Type 3),1,68978,1.3333333333333333,1.3333333333333333,22992.67,22992.67
48397,2022,All Issues (Census),1,68978,1.3333333333333333,1.3333333333333333,22992.67,22992.67
48399,2011,Payment Months (Type 3),1,1081662,3,3,2163324,2163324
48399,2011,All Issues (Census),1,1081662,3,3,2163324,2163324
48399,2022,Payment Months (Type 3),2,2720693,1.25,1.3333333333333333,680173.25,906897.67
48399,2022,All Issues (Census),2,2720693,1.25,1.3333333333333333,680173.25,906897.67
48399,2023,Payment Months (Type 3),1,2587806,1.3333333333333333,1.3333333333333333,862602,862602
48399,2023,All Issues (Census),1,2587806,1.3333333333333333,1.3333333333333333,862602,862602
48401,2011,Payment Months (Type 3),1,361038,3,3,722076,722076
48401,2011,All Issues (Census),1,361038,3,3,722076,722076
48401,2012,Payment Months (Type 3),1,699718,1.25,1.25,174929.5,174929.5
48401,2012,All Issues (Census),1,699718,1.25,1.25,174929.5,174929.5
48403,2010,Payment Months (Type 3),2,10114,2,2,10114,10114
48403,2010,All Issues (Census),2,10114,2,2,10114,10114
48403,2011,Payment Months (Type 3),3,96411,1.5,3,48205.5,192822
48403,2011,All Issues (Census),3,96411,1.5,3,48205.5,192822
48403,2012,Payment Months (Type 3),1,161160,1.25,1.25,40290,40290
48403,2012,All Issues (Census),1,161160,1.25,1.25,40290,40290
48403,2023,Payment Months (Type 3),1,224419,1.25,1.25,56104.75,56104.75
48403,2023,All Issues (Census),1,224419,1.25,1.25,56104.75,56104.75
48403,2024,Payment Months (Type 3),2,143552.45,1.25,1.6666666666666667,35888.11,95701.63
48403,2024,All Issues (Census),2,143552.45,1.25,1.6666666666666667,35888.11,95701.63
48405,2011,Payment Months (Type 3),3,208973,1.5,3,104486.5,417946
48405,2011,All Issues (Census),3,208973,1.5,3,104486.5,417946
48405,2012,Payment Months (Type 3),1,378468,1.25,1.25,94617,94617
48405,2012,All Issues (Census),1,378468,1.25,1.25,94617,94617
48405,2023,Payment Months (Type 3),1,356560,1.25,1.25,89140,89140
48405,2023,All Issues (Census),1,356560,1.25,1.25,89140,89140
48405,2024,Payment Months (Type 3),2,182231,1.25,1.6666666666666667,45557.75,121487.33
48405,2024,All Issues (Census),2,182231,1.25,1.6666666666666667,45557.75,121487.33
48407,2011,Payment Months (Type 3),1,204251,3,3,408502,408502
48407,2011,All Issues (Census),1,204251,3,3,408502,408502
48407,2012,Payment Months (Type 3),1,271138,1.25,1.25,67784.5,67784.5
48407,2012,All Issues (Census),1,271138,1.25,1.25,67784.5,67784.5
48407,2023,Payment Months (Type 3),1,702698.73,1.25,1.25,175674.68,175674.68
48407,2023,All Issues (Census),1,702698.73,1.25,1.25,175674.68,175674.68
48409,2012,Payment Months (Type 3),1,370082,1.6666666666666667,1.6666666666666667,246721.33,246721.33
48409,2012,All Issues (Census),1,370082,1.6666666666666667,1.6666666666666667,246721.33,246721.33
48409,2013,Payment Months (Type 3),2,396337,1.25,1.6666666666666667,99084.25,264224.67
48409,2013,All Issues (Census),2,396337,1.25,1.6666666666666667,99084.25,264224.67
48411,2011,Payment Months (Type 3),1,1621441,3,3,3242882,3242882
48411,2011,All Issues (Census),1,1621441,3,3,3242882,3242882
48411,2012,Payment Months (Type 3),1,2280553,1.25,1.25,570138.25,570138.25
48411,2012,All Issues (Census),1,2280553,1.25,1.25,570138.25,570138.25
48411,2021,Payment Months (Type 3),1,819242,1.3333333333333333,1.3333333333333333,273080.67,273080.67
48411,2021,All Issues (Census),1,819242,1.3333333333333333,1.3333333333333333,273080.67,273080.67
48411,2022,Payment Months (Type 3),1,2061754.2,1.6666666666666667,1.6666666666666667,1374502.8,1374502.8
48411,2022,All Issues (Census),1,2061754.2,1.6666666666666667,1.6666666666666667,1374502.8,1374502.8
48411,2023,Payment Months (Type 3),2,2171929,1.25,1.3333333333333333,542982.25,723976.33
48411,2023,All Issues (Census),2,2171929,1.25,1.3333333333333333,542982.25,723976.33
48411,2025,Payment Months (Type 3),1,987391.61,1.3333333333333333,1.3333333333333333,329130.54,329130.54
48411,2025,All Issues (Census),1,987391.61,1.3333333333333333,1.3333333333333333,329130.54,329130.54
48413,2011,Payment Months (Type 3),4,2385093,3,3,4770186,4770186
48413,2011,All Issues (Census),4,2385093,3,3,4770186,4770186
48413,2012,Payment Months (Type 3),1,2888049,1.25,1.25,722012.25,722012.25
48413,2012,All Issues (Census),1,2888049,1.25,1.25,722012.25,722012.25
48413,2022,Payment Months (Type 3),1,2060050,1.3333333333333333,1.3333333333333333,686683.33,686683.33
48413,2022,All Issues (Census),1,2060050,1.3333333333333333,1.3333333333333333,686683.33,686683.33
48413,2025,Payment Months (Type 3),1,1234678.12,1.3333333333333333,1.3333333333333333,411559.37,411559.37
48413,2025,All Issues (Census),1,1234678.12,1.3333333333333333,1.3333333333333333,411559.37,411559.37
48415,2011,Payment Months (Type 3),1,501737,3,3,1003474,1003474
48415,2011,All Issues (Census),1,501737,3,3,1003474,1003474
48415,2012,Payment Months (Type 3),1,1174993,1.25,1.25,293748.25,293748.25
48415,2012,All Issues (Census),1,1174993,1.25,1.25,293748.25,293748.25
48415,2022,Payment Months (Type 3),2,1047410,1.25,1.6666666666666667,261852.5,698273.33
48415,2022,All Issues (Census),2,1047410,1.25,1.6666666666666667,261852.5,698273.33
48415,2023,Payment Months (Type 3),1,1203589,1.3333333333333333,1.3333333333333333,401196.33,401196.33
48415,2023,All Issues (Census),1,1203589,1.3333333333333333,1.3333333333333333,401196.33,401196.33
48417,2011,Payment Months (Type 3),1,1421378,3,3,2842756,2842756
48417,2011,All Issues (Census),1,1421378,3,3,2842756,2842756
48417,2012,Payment Months (Type 3),2,1784758.41,1.25,1.25,446189.6,446189.6
48417,2012,All Issues (Census),2,1784758.41,1.25,1.25,446189.6,446189.6
48417,2013,Payment Months (Type 3),2,1964717,1.25,1.25,491179.25,491179.25
48417,2013,All Issues (Census),2,1964717,1.25,1.25,491179.25,491179.25
48417,2022,Payment Months (Type 3),2,1845907,1.25,1.3333333333333333,461476.75,615302.33
48417,2022,All Issues (Census),2,1845907,1.25,1.3333333333333333,461476.75,615302.33
48419,2010,Payment Months (Type 3),2,3516,2,2,3516,3516
48419,2010,All Issues (Census),2,3516,2,2,3516,3516
48419,2011,Payment Months (Type 3),3,600853,1.5,3,300426.5,1201706
48419,2011,All Issues (Census),3,600853,1.5,3,300426.5,1201706
48419,2012,Payment Months (Type 3),1,1096677,1.25,1.25,274169.25,274169.25
48419,2012,All Issues (Census),1,1096677,1.25,1.25,274169.25,274169.25
48419,2024,Payment Months (Type 3),1,620642,1.3333333333333333,1.3333333333333333,206880.67,206880.67
48419,2024,All Issues (Census),1,620642,1.3333333333333333,1.3333333333333333,206880.67,206880.67
48421,2011,Payment Months (Type 3),1,203563.08,3,3,407126.16,407126.16
48421,2011,All Issues (Census),1,203563.08,3,3,407126.16,407126.16
48421,2012,Payment Months (Type 3),1,725890.01,1.25,1.25,181472.5,181472.5
48421,2012,All Issues (Census),1,725890.01,1.25,1.25,181472.5,181472.5
48421,2013,Payment Months (Type 3),1,869673.01,1.25,1.25,217418.25,217418.25
48421,2013,All Issues (Census),1,869673.01,1.25,1.25,217418.25,217418.25
48421,2014,Payment Months (Type 3),1,651739.01,1.25,1.25,162934.75,162934.75
48421,2014,All Issues (Census),1,651739.01,1.25,1.25,162934.75,162934.75
48421,2018,Payment Months (Type 3),1,395909,2.5,2.5,593863.5,593863.5
48421,2018,All Issues (Census),1,395909,2.5,2.5,593863.5,593863.5
48421,2022,Payment Months (Type 3),2,674742,1.25,2.5,168685.5,1012113
48421,2022,All Issues (Census),2,674742,1.25,2.5,168685.5,1012113
48421,2023,Payment Months (Type 3),2,629838,1.25,2.5,157459.5,944757
48421,2023,All Issues (Census),2,629838,1.25,2.5,157459.5,944757
48423,2011,Payment Months (Type 3),1,391410,3,3,782820,782820
48423,2011,All Issues (Census),1,391410,3,3,782820,782820
48423,2012,Payment Months (Type 3),1,732232,1.25,1.25,183058,183058
48423,2012,All Issues (Census),1,732232,1.25,1.25,183058,183058
48425,2011,Payment Months (Type 3),3,57957,1.5,3,28978.5,115914
48425,2011,All Issues (Census),3,57957,1.5,3,28978.5,115914
48425,2013,Payment Months (Type 3),1,94083,1.25,1.25,23520.75,23520.75
48425,2013,All Issues (Census),1,94083,1.25,1.25,23520.75,23520.75
48425,2015,Payment Months (Type 3),1,64783,1.25,1.25,16195.75,16195.75
48425,2015,All Issues (Census),1,64783,1.25,1.25,16195.75,16195.75
48425,2022,Payment Months (Type 3),2,62878,1.25,1.3333333333333333,15719.5,20959.33
48425,2022,All Issues (Census),2,62878,1.25,1.3333333333333333,15719.5,20959.33
48427,2011,Payment Months (Type 3),1,1827848.84,1.5,1.5,913924.42,913924.42
48427,2011,All Issues (Census),1,1827848.84,1.5,1.5,913924.42,913924.42
48427,2012,Payment Months (Type 3),1,2405955.71,1.6666666666666667,1.6666666666666667,1603970.47,1603970.47
48427,2012,All Issues (Census),1,2405955.71,1.6666666666666667,1.6666666666666667,1603970.47,1603970.47
48427,2013,Payment Months (Type 3),2,2616061,1.25,1.6666666666666667,654015.25,1744040.67
48427,2013,All Issues (Census),2,2616061,1.25,1.6666666666666667,654015.25,1744040.67
48427,2014,Payment Months (Type 3),1,439870,1.3333333333333333,1.3333333333333333,146623.33,146623.33
48427,2014,All Issues (Census),1,439870,1.3333333333333333,1.3333333333333333,146623.33,146623.33
48427,2020,Payment Months (Type 3),1,847106,1.6666666666666667,1.6666666666666667,564737.33,564737.33
48427,2020,All Issues (Census),1,847106,1.6666666666666667,1.6666666666666667,564737.33,564737.33
48427,2021,Payment Months (Type 3),3,815292.94,1.3333333333333333,1.6666666666666667,271764.31,543528.63
48427,2021,All Issues (Census),3,815292.94,1.3333333333333333,1.6666666666666667,271764.31,543528.63
48427,2023,Payment Months (Type 3),1,1420364,1.3333333333333333,1.3333333333333333,473454.67,473454.67
48427,2023,All Issues (Census),1,1420364,1.3333333333333333,1.3333333333333333,473454.67,473454.67
48429,2011,Payment Months (Type 3),1,1005167,3,3,2010334,2010334
48429,2011,All Issues (Census),1,1005167,3,3,2010334,2010334
48429,2012,Threshold (Type 2),2,944557,1.3333333333333333,1.3333333333333333,314852.33,314852.33
48429,2012,All Issues (Census),2,944557,1.3333333333333333,1.3333333333333333,314852.33,314852.33
48429,2014,Payment Months (Type 3),1,1574333,1.25,1.25,393583.25,393583.25
48429,2014,All Issues (Census),1,1574333,1.25,1.25,393583.25,393583.25
48429,2015,Payment Months (Type 3),1,1001614,1.25,1.25,250403.5,250403.5
48429,2015,All Issues (Census),1,1001614,1.25,1.25,250403.5,250403.5
48429,2022,Payment Months (Type 3),1,1371356.1,1.3333333333333333,1.3333333333333333,457118.7,457118.7
48429,2022,All Issues (Census),1,1371356.1,1.3333333333333333,1.3333333333333333,457118.7,457118.7
48431,2011,Payment Months (Type 3),1,611639,3,3,1223278,1223278
48431,2011,All Issues (Census),1,611639,3,3,1223278,1223278
48431,2012,Payment Months (Type 3),1,590817,1.25,1.25,147704.25,147704.25
48431,2012,All Issues (Census),1,590817,1.25,1.25,147704.25,147704.25
48431,2014,Threshold (Type 2),1,486080.98,4,4,1458242.94,1458242.94
48431,2022,Payment Months (Type 3),2,810719,1.25,1.3333333333333333,202679.75,270239.67
48431,2022,All Issues (Census),2,810719,1.25,1.3333333333333333,202679.75,270239.67
48431,2023,Boundary (Type 1),2,629019,4,4,1887057,1887057
48431,2023,Payment Months (Type 3),1,629019,1.3333333333333333,1.3333333333333333,209673,209673
48431,2023,All Issues (Census),3,629019,1.3333333333333333,4,209673,1887057
48433,2011,Payment Months (Type 3),1,884678,3,3,1769356,1769356
48433,2011,All Issues (Census),1,884678,3,3,1769356,1769356
48433,2012,Payment Months (Type 3),2,1364165,1.25,1.25,341041.25,341041.25
48433,2012,All Issues (Census),2,1364165,1.25,1.25,341041.25,341041.25
48433,2013,Payment Months (Type 3),2,1504420.7,1.25,1.25,376105.18,376105.18
48433,2013,All Issues (Census),2,1504420.7,1.25,1.25,376105.18,376105.18
48433,2018,Payment Months (Type 3),1,680724,1.3333333333333333,1.3333333333333333,226908,226908
48433,2018,All Issues (Census),1,680724,1.3333333333333333,1.3333333333333333,226908,226908
48433,2022,Payment Months (Type 3),2,1329724,1.25,1.6666666666666667,332431,886482.67
48433,2022,All Issues (Census),2,1329724,1.25,1.6666666666666667,332431,886482.67
48433,2023,Payment Months (Type 3),1,1516075,1.3333333333333333,1.3333333333333333,505358.33,505358.33
48433,2023,All Issues (Census),1,1516075,1.3333333333333333,1.3333333333333333,505358.33,505358.33
48435,2011,Payment Months (Type 3),1,1700100.76,3,3,3400201.52,3400201.52
48435,2011,All Issues (Census),1,1700100.76,3,3,3400201.52,3400201.52
48435,2012,Payment Months (Type 3),1,2454912,1.25,1.25,613728,613728
48435,2012,All Issues (Census),1,2454912,1.25,1.25,613728,613728
48435,2013,Payment Months (Type 3),1,2342014,1.25,1.25,585503.5,585503.5
48435,2013,All Issues (Census),1,2342014,1.25,1.25,585503.5,585503.5
48437,2011,Payment Months (Type 3),1,595367,3,3,1190734,1190734
48437,2011,All Issues (Census),1,595367,3,3,1190734,1190734
48437,2012,Payment Months (Type 3),1,1397307,1.25,1.25,349326.75,349326.75
48437,2012,All Issues (Census),1,1397307,1.25,1.25,349326.75,349326.75
48437,2013,Payment Months (Type 3),1,1720962,1.25,1.25,430240.5,430240.5
48437,2013,All Issues (Census),1,1720962,1.25,1.25,430240.5,430240.5
48437,2018,Payment Months (Type 3),1,1372874,2.5,2.5,2059311,2059311
48437,2018,All Issues (Census),1,1372874,2.5,2.5,2059311,2059311
48437,2020,Payment Months (Type 3),1,687705,1.25,1.25,171926.25,171926.25
48437,2020,All Issues (Census),1,687705,1.25,1.25,171926.25,171926.25
48437,2021,Payment Months (Type 3),1,1559280,2,2,1559280,1559280
48437,2021,All Issues (Census),1,1559280,2,2,1559280,1559280
48437,2022,Payment Months (Type 3),2,2562293,1.25,2.5,640573.25,3843439.5
48437,2022,All Issues (Census),2,2562293,1.25,2.5,640573.25,3843439.5
48437,2023,Payment Months (Type 3),1,2734232,2,2,2734232,2734232
48437,2023,All Issues (Census),1,2734232,2,2,2734232,2734232
48439,2011,Payment Months (Type 3),1,112463.15,3,3,224926.3,224926.3
48439,2011,All Issues (Census),1,112463.15,3,3,224926.3,224926.3
48439,2014,Payment Months (Type 3),1,239266,1.25,1.25,59816.5,59816.5
48439,2014,All Issues (Census),1,239266,1.25,1.25,59816.5,59816.5
48439,2015,Payment Months (Type 3),1,155040,1.25,1.25,38760,38760
48439,2015,All Issues (Census),1,155040,1.25,1.25,38760,38760
48439,2022,Payment Months (Type 3),1,115446,1.25,1.25,28861.5,28861.5
48439,2022,All Issues (Census),1,115446,1.25,1.25,28861.5,28861.5
48441,2011,Payment Months (Type 3),1,476159.17,3,3,952318.34,952318.34
48441,2011,All Issues (Census),1,476159.17,3,3,952318.34,952318.34
48441,2012,Payment Months (Type 3),1,1213078,1.25,1.25,303269.5,303269.5
48441,2012,All Issues (Census),1,1213078,1.25,1.25,303269.5,303269.5
48441,2022,Payment Months (Type 3),1,2112935,1.25,1.25,528233.75,528233.75
48441,2022,All Issues (Census),1,2112935,1.25,1.25,528233.75,528233.75
48441,2023,Payment Months (Type 3),1,1653092,1.3333333333333333,1.3333333333333333,551030.67,551030.67
48441,2023,All Issues (Census),1,1653092,1.3333333333333333,1.3333333333333333,551030.67,551030.67
48443,2011,Payment Months (Type 3),1,520068,3,3,1040136,1040136
48443,2011,All Issues (Census),1,520068,3,3,1040136,1040136
48443,2012,Payment Months (Type 3),1,703587.38,1.25,1.25,175896.84,175896.84
48443,2012,All Issues (Census),1,703587.38,1.25,1.25,175896.84,175896.84
48443,2021,Payment Months (Type 3),2,438338,1.25,1.25,109584.5,109584.5
48443,2021,All Issues (Census),2,438338,1.25,1.25,109584.5,109584.5
48443,2022,Payment Months (Type 3),2,921318,1.25,1.3333333333333333,230329.5,307106
48443,2022,All Issues (Census),2,921318,1.25,1.3333333333333333,230329.5,307106
48443,2024,Threshold (Type 2),1,795367,1.3333333333333333,1.3333333333333333,265122.33,265122.33
48443,2024,All Issues (Census),1,795367,1.3333333333333333,1.3333333333333333,265122.33,265122.33
48443,2025,Payment Months (Type 3),1,636302.77,1.6666666666666667,1.6666666666666667,424201.85,424201.85
48443,2025,All Issues (Census),1,636302.77,1.6666666666666667,1.6666666666666667,424201.85,424201.85
48445,2011,Payment Months (Type 3),1,111058,3,3,222116,222116
48445,2011,All Issues (Census),1,111058,3,3,222116,222116
48445,2012,Payment Months (Type 3),1,270238,1.25,1.25,67559.5,67559.5
48445,2012,All Issues (Census),1,270238,1.25,1.25,67559.5,67559.5
48445,2013,Payment Months (Type 3),1,286956,1.25,1.25,71739,71739
48445,2013,All Issues (Census),1,286956,1.25,1.25,71739,71739
48445,2018,Payment Months (Type 3),1,85700,1.3333333333333333,1.3333333333333333,28566.67,28566.67
48445,2018,All Issues (Census),1,85700,1.3333333333333333,1.3333333333333333,28566.67,28566.67
48445,2020,Payment Months (Type 3),1,119547,1.25,1.25,29886.75,29886.75
48445,2020,All Issues (Census),1,119547,1.25,1.25,29886.75,29886.75
48445,2021,Payment Months (Type 3),3,162225,1.25,1.6666666666666667,40556.25,108150
48445,2021,All Issues (Census),3,162225,1.25,1.6666666666666667,40556.25,108150
48445,2022,Payment Months (Type 3),2,219836,1.25,1.6666666666666667,54959,146557.33
48445,2022,All Issues (Census),2,219836,1.25,1.6666666666666667,54959,146557.33
48445,2023,Payment Months (Type 3),1,239406,1.3333333333333333,1.3333333333333333,79802,79802
48445,2023,All Issues (Census),1,239406,1.3333333333333333,1.3333333333333333,79802,79802
48447,2011,Payment Months (Type 3),1,694493,3,3,1388986,1388986
48447,2011,All Issues (Census),1,694493,3,3,1388986,1388986
48447,2012,Payment Months (Type 3),1,1288830,1.25,1.25,322207.5,322207.5
48447,2012,All Issues (Census),1,1288830,1.25,1.25,322207.5,322207.5
48447,2013,Payment Months (Type 3),2,1600624.55,1.25,1.25,400156.14,400156.14
48447,2013,All Issues (Census),2,1600624.55,1.25,1.25,400156.14,400156.14
48447,2022,Payment Months (Type 3),1,1220042,1.3333333333333333,1.3333333333333333,406680.67,406680.67
48447,2022,All Issues (Census),1,1220042,1.3333333333333333,1.3333333333333333,406680.67,406680.67
48449,2011,Payment Months (Type 3),4,439230,1.5,3,219615,878460
48449,2011,All Issues (Census),4,439230,1.5,3,219615,878460
48449,2012,Payment Months (Type 3),1,9574,1.25,1.25,2393.5,2393.5
48449,2012,All Issues (Census),1,9574,1.25,1.25,2393.5,2393.5
48451,2011,Payment Months (Type 3),1,1563116,3,3,3126232,3126232
48451,2011,All Issues (Census),1,1563116,3,3,3126232,3126232
48451,2012,Threshold (Type 2),3,1541807,1.25,1.25,385451.75,385451.75
48451,2012,Payment Months (Type 3),1,1541807,1.25,1.25,385451.75,385451.75
48451,2012,All Issues (Census),1,1541807,1.25,1.25,385451.75,385451.75
48451,2022,Payment Months (Type 3),2,1828113,1.25,1.3333333333333333,457028.25,609371
48451,2022,All Issues (Census),2,1828113,1.25,1.3333333333333333,457028.25,609371
48453,2011,Payment Months (Type 3),1,492846.92,3,3,985693.84,985693.84
48453,2011,All Issues (Census),1,492846.92,3,3,985693.84,985693.84
48453,2012,Payment Months (Type 3),1,675935,1.25,1.25,168983.75,168983.75
48453,2012,All Issues (Census),1,675935,1.25,1.25,168983.75,168983.75
48453,2022,Payment Months (Type 3),1,331018,1.25,1.25,82754.5,82754.5
48453,2022,All Issues (Census),1,331018,1.25,1.25,82754.5,82754.5
48453,2023,Payment Months (Type 3),3,302315,1.25,1.6666666666666667,75578.75,201543.33
48453,2023,All Issues (Census),3,302315,1.25,1.6666666666666667,75578.75,201543.33
48453,2024,Payment Months (Type 3),1,277286,1.3333333333333333,1.3333333333333333,92428.67,92428.67
48453,2024,All Issues (Census),1,277286,1.3333333333333333,1.3333333333333333,92428.67,92428.67
48453,2025,Payment Months (Type 3),2,135935.53,1.25,1.3333333333333333,33983.88,45311.84
48453,2025,All Issues (Census),2,135935.53,1.25,1.3333333333333333,33983.88,45311.84
48455,2011,Payment Months (Type 3),1,228585,3,3,457170,457170
48455,2011,All Issues (Census),1,228585,3,3,457170,457170
48455,2012,Payment Months (Type 3),1,418757,1.25,1.25,104689.25,104689.25
48455,2012,All Issues (Census),1,418757,1.25,1.25,104689.25,104689.25
48455,2023,Payment Months (Type 3),1,463021,1.25,1.25,115755.25,115755.25
48455,2023,All Issues (Census),1,463021,1.25,1.25,115755.25,115755.25
48457,2011,Payment Months (Type 3),3,62648,1.5,3,31324,125296
48457,2011,All Issues (Census),3,62648,1.5,3,31324,125296
48457,2012,Payment Months (Type 3),1,120881,1.25,1.25,30220.25,30220.25
48457,2012,All Issues (Census),1,120881,1.25,1.25,30220.25,30220.25
48457,2023,Payment Months (Type 3),1,317520,1.25,1.25,79380,79380
48457,2023,All Issues (Census),1,317520,1.25,1.25,79380,79380
48457,2024,Payment Months (Type 3),2,126235,1.25,1.6666666666666667,31558.75,84156.67
48457,2024,All Issues (Census),2,126235,1.25,1.6666666666666667,31558.75,84156.67
48459,2011,Payment Months (Type 3),1,390025,3,3,780050,780050
48459,2011,All Issues (Census),1,390025,3,3,780050,780050
48459,2012,Payment Months (Type 3),1,738097,1.25,1.25,184524.25,184524.25
48459,2012,All Issues (Census),1,738097,1.25,1.25,184524.25,184524.25
48461,2011,Payment Months (Type 3),4,558708.79,1.5,3,279354.4,1117417.58
48461,2011,All Issues (Census),4,558708.79,1.5,3,279354.4,1117417.58
48461,2012,Payment Months (Type 3),1,335840,1.25,1.25,83960,83960
48461,2012,All Issues (Census),1,335840,1.25,1.25,83960,83960
48461,2020,Payment Months (Type 3),1,235934,1.25,1.25,58983.5,58983.5
48461,2020,All Issues (Census),1,235934,1.25,1.25,58983.5,58983.5
48461,2021,Payment Months (Type 3),3,167750,1.25,1.3333333333333333,41937.5,55916.67
48461,2021,All Issues (Census),3,167750,1.25,1.3333333333333333,41937.5,55916.67
48461,2022,Payment Months (Type 3),2,328127,1.25,1.3333333333333333,82031.75,109375.67
48461,2022,All Issues (Census),2,328127,1.25,1.3333333333333333,82031.75,109375.67
48461,2023,Payment Months (Type 3),1,346339,1.25,1.25,86584.75,86584.75
48461,2023,All Issues (Census),1,346339,1.25,1.25,86584.75,86584.75
48461,2025,Payment Months (Type 3),1,143519.17,1.3333333333333333,1.3333333333333333,47839.72,47839.72
48461,2025,All Issues (Census),1,143519.17,1.3333333333333333,1.3333333333333333,47839.72,47839.72
48463,2012,Payment Months (Type 3),1,1424595,1.6666666666666667,1.6666666666666667,949730,949730
48463,2012,All Issues (Census),1,1424595,1.6666666666666667,1.6666666666666667,949730,949730
48463,2013,Boundary (Type 1),4,1216431,1.25,1.25,304107.75,304107.75
48463,2013,Payment Months (Type 3),1,1216431,1.3333333333333333,1.3333333333333333,405477,405477
48463,2013,All Issues (Census),5,1216431,1.25,1.3333333333333333,304107.75,405477
48463,2014,Payment Months (Type 3),2,1337163.9,1.25,1.3333333333333333,334290.98,445721.3
48463,2014,All Issues (Census),2,1337163.9,1.25,1.3333333333333333,334290.98,445721.3
48463,2015,Payment Months (Type 3),1,1084079,1.3333333333333333,1.3333333333333333,361359.67,361359.67
48463,2015,All Issues (Census),1,1084079,1.3333333333333333,1.3333333333333333,361359.67,361359.67
48463,2020,Payment Months (Type 3),2,700557,1.3333333333333333,1.3333333333333333,233519,233519
48463,2020,All Issues (Census),2,700557,1.3333333333333333,1.3333333333333333,233519,233519
48463,2021,Payment Months (Type 3),2,559272.65,1.3333333333333333,1.6666666666666667,186424.22,372848.43
48463,2021,All Issues (Census),2,559272.65,1.3333333333333333,1.6666666666666667,186424.22,372848.43
48463,2022,Payment Months (Type 3),2,1625331,1.25,1.25,406332.75,406332.75
48463,2022,All Issues (Census),2,1625331,1.25,1.25,406332.75,406332.75
48463,2023,Payment Months (Type 3),3,1230024.04,1.25,1.3333333333333333,307506.01,410008.01
48463,2023,All Issues (Census),3,1230024.04,1.25,1.3333333333333333,307506.01,410008.01
48463,2024,Payment Months (Type 3),2,941218.86,1.3333333333333333,1.3333333333333333,313739.62,313739.62
48463,2024,All Issues (Census),2,941218.86,1.3333333333333333,1.3333333333333333,313739.62,313739.62
48463,2025,Payment Months (Type 3),4,352174.07,1.25,1.3333333333333333,88043.52,117391.36
48463,2025,All Issues (Census),4,352174.07,1.25,1.3333333333333333,88043.52,117391.36
48465,2011,Payment Months (Type 3),1,1735212.28,3,3,3470424.56,3470424.56
48465,2011,All Issues (Census),1,1735212.28,3,3,3470424.56,3470424.56
48465,2012,Payment Months (Type 3),1,2261894,1.6666666666666667,1.6666666666666667,1507929.33,1507929.33
48465,2012,All Issues (Census),1,2261894,1.6666666666666667,1.6666666666666667,1507929.33,1507929.33
48465,2013,Payment Months (Type 3),2,2138123,1.25,1.6666666666666667,534530.75,1425415.33
48465,2013,All Issues (Census),2,2138123,1.25,1.6666666666666667,534530.75,1425415.33
48465,2014,Payment Months (Type 3),1,1872563,1.3333333333333333,1.3333333333333333,624187.67,624187.67
48465,2014,All Issues (Census),1,1872563,1.3333333333333333,1.3333333333333333,624187.67,624187.67
48465,2015,Payment Months (Type 3),1,1170494,1.3333333333333333,1.3333333333333333,390164.67,390164.67
48465,2015,All Issues (Census),1,1170494,1.3333333333333333,1.3333333333333333,390164.67,390164.67
48465,2018,Payment Months (Type 3),1,1011421,1.3333333333333333,1.3333333333333333,337140.33,337140.33
48465,2018,All Issues (Census),1,1011421,1.3333333333333333,1.3333333333333333,337140.33,337140.33
48465,2020,Payment Months (Type 3),2,1186112,1.3333333333333333,1.3333333333333333,395370.67,395370.67
48465,2020,All Issues (Census),2,1186112,1.3333333333333333,1.3333333333333333,395370.67,395370.67
48465,2021,Payment Months (Type 3),2,883628,1.3333333333333333,1.3333333333333333,294542.67,294542.67
48465,2021,All Issues (Census),2,883628,1.3333333333333333,1.3333333333333333,294542.67,294542.67
48465,2022,Payment Months (Type 3),2,2109244,1.25,1.3333333333333333,527311,703081.33
48465,2022,All Issues (Census),2,2109244,1.25,1.3333333333333333,527311,703081.33
48465,2025,Payment Months (Type 3),1,1133260.98,1.6666666666666667,1.6666666666666667,755507.32,755507.32
48465,2025,All Issues (Census),1,1133260.98,1.6666666666666667,1.6666666666666667,755507.32,755507.32
48467,2011,Payment Months (Type 3),1,781654,3,3,1563308,1563308
48467,2011,All Issues (Census),1,781654,3,3,1563308,1563308
48467,2012,Payment Months (Type 3),1,395898,1.25,1.25,98974.5,98974.5
48467,2012,All Issues (Census),1,395898,1.25,1.25,98974.5,98974.5
48467,2022,Payment Months (Type 3),2,1793935,1.25,1.3333333333333333,448483.75,597978.33
48467,2022,All Issues (Census),2,1793935,1.25,1.3333333333333333,448483.75,597978.33
48469,2011,Payment Months (Type 3),4,1572266,1.5,1.5,786133,786133
48469,2011,All Issues (Census),4,1572266,1.5,1.5,786133,786133
48469,2012,Payment Months (Type 3),1,2234924,1.6666666666666667,1.6666666666666667,1489949.33,1489949.33
48469,2012,All Issues (Census),1,2234924,1.6666666666666667,1.6666666666666667,1489949.33,1489949.33
48471,2011,Payment Months (Type 3),1,328295,3,3,656590,656590
48471,2011,All Issues (Census),1,328295,3,3,656590,656590
48471,2012,Payment Months (Type 3),1,540955,1.25,1.25,135238.75,135238.75
48471,2012,All Issues (Census),1,540955,1.25,1.25,135238.75,135238.75
48471,2023,Payment Months (Type 3),1,567052,1.25,1.25,141763,141763
48471,2023,All Issues (Census),1,567052,1.25,1.25,141763,141763
48473,2011,Payment Months (Type 3),3,1005265,1.5,3,502632.5,2010530
48473,2011,All Issues (Census),3,1005265,1.5,3,502632.5,2010530
48473,2012,Payment Months (Type 3),1,1179677.18,1.25,1.25,294919.3,294919.3
48473,2012,All Issues (Census),1,1179677.18,1.25,1.25,294919.3,294919.3
48473,2013,Threshold (Type 2),1,753757,1.3333333333333333,1.3333333333333333,251252.33,251252.33
48473,2013,All Issues (Census),1,753757,1.3333333333333333,1.3333333333333333,251252.33,251252.33
48473,2023,Payment Months (Type 3),1,799870,1.25,1.25,199967.5,199967.5
48473,2023,All Issues (Census),1,799870,1.25,1.25,199967.5,199967.5
48475,2011,Payment Months (Type 3),4,98660,1.5,3,49330,197320
48475,2011,All Issues (Census),4,98660,1.5,3,49330,197320
48475,2012,Payment Months (Type 3),1,42373,1.25,1.25,10593.25,10593.25
48475,2012,All Issues (Census),1,42373,1.25,1.25,10593.25,10593.25
48475,2021,Payment Months (Type 3),3,85026,1.25,1.5,21256.5,42513
48475,2021,All Issues (Census),3,85026,1.25,1.5,21256.5,42513
48475,2022,Payment Months (Type 3),2,100390,1.25,2.5,25097.5,150585
48475,2022,All Issues (Census),2,100390,1.25,2.5,25097.5,150585
48475,2025,Payment Months (Type 3),1,,2.5,2.5,,
48475,2025,All Issues (Census),1,,2.5,2.5,,
48477,2011,Payment Months (Type 3),3,1404870.07,1.5,3,702435.04,2809740.14
48477,2011,All Issues (Census),3,1404870.07,1.5,3,702435.04,2809740.14
48477,2012,Payment Months (Type 3),1,2019682,1.25,1.25,504920.5,504920.5
48477,2012,All Issues (Census),1,2019682,1.25,1.25,504920.5,504920.5
48477,2022,Payment Months (Type 3),1,2036162,1.25,1.25,509040.5,509040.5
48477,2022,All Issues (Census),1,2036162,1.25,1.25,509040.5,509040.5
48477,2023,Payment Months (Type 3),1,2303474.54,1.25,1.25,575868.64,575868.64
48477,2023,All Issues (Census),1,2303474.54,1.25,1.25,575868.64,575868.64
48477,2025,Payment Months (Type 3),2,1481.8,3,3,2963.6,2963.6
48477,2025,All Issues (Census),2,1481.8,4,4,4445.4,4445.4
48479,2011,Payment Months (Type 3),1,1231618,1.5,1.5,615809,615809
48479,2011,All Issues (Census),1,1231618,1.5,1.5,615809,615809
48479,2012,Payment Months (Type 3),1,1301411,1.6666666666666667,1.6666666666666667,867607.33,867607.33
48479,2012,All Issues (Census),1,1301411,1.6666666666666667,1.6666666666666667,867607.33,867607.33
48479,2013,Payment Months (Type 3),1,1458108,1.3333333333333333,1.3333333333333333,486036,486036
48479,2013,All Issues (Census),1,1458108,1.3333333333333333,1.3333333333333333,486036,486036
48479,2020,Payment Months (Type 3),1,354245,1.3333333333333333,1.3333333333333333,118081.67,118081.67
48479,2020,All Issues (Census),1,354245,1.3333333333333333,1.3333333333333333,118081.67,118081.67
48479,2021,Payment Months (Type 3),3,628013,1.3333333333333333,1.6666666666666667,209337.67,418675.33
48479,2021,All Issues (Census),3,628013,1.3333333333333333,1.6666666666666667,209337.67,418675.33
48479,2022,Payment Months (Type 3),3,842186,1.3333333333333333,1.6666666666666667,280728.67,561457.33
48479,2022,All Issues (Census),3,842186,1.3333333333333333,1.6666666666666667,280728.67,561457.33
48479,2023,Payment Months (Type 3),1,821970,1.3333333333333333,1.3333333333333333,273990,273990
48479,2023,All Issues (Census),1,821970,1.3333333333333333,1.3333333333333333,273990,273990
48479,2025,Payment Months (Type 3),1,458299.66,1.3333333333333333,1.3333333333333333,152766.55,152766.55
48479,2025,All Issues (Census),1,458299.66,1.3333333333333333,1.3333333333333333,152766.55,152766.55
48481,2011,Payment Months (Type 3),1,1976394,1.5,1.5,988197,988197
48481,2011,All Issues (Census),1,1976394,1.5,1.5,988197,988197
48481,2012,Payment Months (Type 3),1,3069051,1.25,1.25,767262.75,767262.75
48481,2012,All Issues (Census),1,3069051,1.25,1.25,767262.75,767262.75
48481,2022,Payment Months (Type 3),1,2557993,1.25,1.25,639498.25,639498.25
48481,2022,All Issues (Census),1,2557993,1.25,1.25,639498.25,639498.25
48481,2025,Boundary (Type 1),3,315387.85,3,3,630775.7,630775.7
48481,2025,All Issues (Census),3,315387.85,3,3,630775.7,630775.7
48483,2011,Payment Months (Type 3),1,1292745,3,3,2585490,2585490
48483,2011,All Issues (Census),1,1292745,3,3,2585490,2585490
48483,2012,Payment Months (Type 3),1,2328596.19,1.25,1.25,582149.05,582149.05
48483,2012,All Issues (Census),1,2328596.19,1.25,1.25,582149.05,582149.05
48483,2018,Payment Months (Type 3),1,1759414,1.6666666666666667,1.6666666666666667,1172942.67,1172942.67
48483,2018,All Issues (Census),1,1759414,1.6666666666666667,1.6666666666666667,1172942.67,1172942.67
48483,2022,Payment Months (Type 3),1,2907864,1.3333333333333333,1.3333333333333333,969288,969288
48483,2022,All Issues (Census),1,2907864,1.3333333333333333,1.3333333333333333,969288,969288
48483,2023,Payment Months (Type 3),1,3372656,1.3333333333333333,1.3333333333333333,1124218.67,1124218.67
48483,2023,All Issues (Census),1,3372656,1.3333333333333333,1.3333333333333333,1124218.67,1124218.67
48485,2011,Payment Months (Type 3),1,671190,3,3,1342380,1342380
48485,2011,All Issues (Census),1,671190,3,3,1342380,1342380
48485,2012,Payment Months (Type 3),2,1306238,1.25,1.25,326559.5,326559.5
48485,2012,All Issues (Census),2,1306238,1.25,1.25,326559.5,326559.5
48485,2013,Payment Months (Type 3),2,1785292,1.25,1.25,446323,446323
48485,2013,All Issues (Census),2,1785292,1.25,1.25,446323,446323
48485,2014,Payment Months (Type 3),2,1437795,1.25,1.25,359448.75,359448.75
48485,2014,All Issues (Census),2,1437795,1.25,1.25,359448.75,359448.75
48485,2015,Payment Months (Type 3),1,1353595,1.25,1.25,338398.75,338398.75
48485,2015,All Issues (Census),1,1353595,1.25,1.25,338398.75,338398.75
48485,2018,Payment Months (Type 3),1,710656,1.3333333333333333,1.3333333333333333,236885.33,236885.33
48485,2018,All Issues (Census),1,710656,1.3333333333333333,1.3333333333333333,236885.33,236885.33
48485,2022,Payment Months (Type 3),1,1605112,1.3333333333333333,1.3333333333333333,535037.33,535037.33
48485,2022,All Issues (Census),1,1605112,1.3333333333333333,1.3333333333333333,535037.33,535037.33
48487,2011,Payment Months (Type 3),1,387375,3,3,774750,774750
48487,2011,All Issues (Census),1,387375,3,3,774750,774750
48487,2012,Payment Months (Type 3),2,1467320,1.25,1.25,366830,366830
48487,2012,All Issues (Census),2,1467320,1.25,1.25,366830,366830
48487,2013,Payment Months (Type 3),2,1666470,1.25,1.25,416617.5,416617.5
48487,2013,All Issues (Census),2,1666470,1.25,1.25,416617.5,416617.5
48487,2014,Payment Months (Type 3),2,1433300,1.25,1.25,358325,358325
48487,2014,All Issues (Census),2,1433300,1.25,1.25,358325,358325
48487,2015,Payment Months (Type 3),1,1118671,1.25,1.25,279667.75,279667.75
48487,2015,All Issues (Census),1,1118671,1.25,1.25,279667.75,279667.75
48487,2018,Payment Months (Type 3),1,787967,1.3333333333333333,1.3333333333333333,262655.67,262655.67
48487,2018,All Issues (Census),1,787967,1.3333333333333333,1.3333333333333333,262655.67,262655.67
48487,2022,Payment Months (Type 3),1,1603349.5,1.6666666666666667,1.6666666666666667,1068899.67,1068899.67
48487,2022,All Issues (Census),1,1603349.5,1.6666666666666667,1.6666666666666667,1068899.67,1068899.67
48487,2023,Payment Months (Type 3),1,1690000,1.3333333333333333,1.3333333333333333,563333.33,563333.33
48487,2023,All Issues (Census),1,1690000,1.3333333333333333,1.3333333333333333,563333.33,563333.33
48489,2011,Payment Months (Type 3),1,117510,1.5,1.5,58755,58755
48489,2011,All Issues (Census),1,117510,1.5,1.5,58755,58755
48489,2012,Payment Months (Type 3),1,209741,1.6666666666666667,1.6666666666666667,139827.33,139827.33
48489,2012,All Issues (Census),1,209741,1.6666666666666667,1.6666666666666667,139827.33,139827.33
48489,2013,Payment Months (Type 3),2,218335,1.25,1.6666666666666667,54583.75,145556.67
48489,2013,All Issues (Census),2,218335,1.25,1.6666666666666667,54583.75,145556.67
48489,2014,Payment Months (Type 3),1,,1.3333333333333333,1.3333333333333333,,
48489,2014,All Issues (Census),1,,1.3333333333333333,1.3333333333333333,,
48489,2021,Payment Months (Type 3),1,185688,1.25,1.25,46422,46422
48489,2021,All Issues (Census),1,185688,1.25,1.25,46422,46422
48491,2011,Payment Months (Type 3),4,1316926.52,1.5,3,658463.26,2633853.04
48491,2011,All Issues (Census),4,1316926.52,1.5,3,658463.26,2633853.04
48491,2012,Payment Months (Type 3),1,1863642.06,1.25,1.25,465910.52,465910.52
48491,2012,All Issues (Census),1,1863642.06,1.25,1.25,465910.52,465910.52
48491,2023,Threshold (Type 2),1,1642151,1.3333333333333333,1.3333333333333333,547383.67,547383.67
48491,2023,Payment Months (Type 3),1,1642151,1.25,1.25,410537.75,410537.75
48491,2023,All Issues (Census),1,1642151,1.25,1.25,410537.75,410537.75
48491,2024,Payment Months (Type 3),1,1105471,1.3333333333333333,1.3333333333333333,368490.33,368490.33
48491,2024,All Issues (Census),1,1105471,1.3333333333333333,1.3333333333333333,368490.33,368490.33
48493,2011,Payment Months (Type 3),4,952568,1.5,1.5,476284,476284
48493,2011,All Issues (Census),4,952568,1.5,1.5,476284,476284
48493,2012,Payment Months (Type 3),1,1571667.13,1.6666666666666667,1.6666666666666667,1047778.09,1047778.09
48493,2012,All Issues (Census),1,1571667.13,1.6666666666666667,1.6666666666666667,1047778.09,1047778.09
48493,2022,Payment Months (Type 3),1,1451942,1.25,1.25,362985.5,362985.5
48493,2022,All Issues (Census),1,1451942,1.25,1.25,362985.5,362985.5
48493,2023,Payment Months (Type 3),2,1639619,1.3333333333333333,1.6666666666666667,546539.67,1093079.33
48493,2023,All Issues (Census),2,1639619,1.3333333333333333,1.6666666666666667,546539.67,1093079.33
48493,2024,Payment Months (Type 3),2,1207415,1.3333333333333333,1.3333333333333333,402471.67,402471.67
48493,2024,All Issues (Census),2,1207415,1.3333333333333333,1.3333333333333333,402471.67,402471.67
48493,2025,Payment Months (Type 3),2,763188.57,1.25,1.25,190797.14,190797.14
48493,2025,All Issues (Census),2,763188.57,1.25,1.25,190797.14,190797.14
48495,2011,Payment Months (Type 3),4,129312,1.5,3,64656,258624
48495,2011,All Issues (Census),4,129312,1.5,3,64656,258624
48495,2012,Payment Months (Type 3),1,88642,1.25,1.25,22160.5,22160.5
48495,2012,All Issues (Census),1,88642,1.25,1.25,22160.5,22160.5
48495,2013,Payment Months (Type 3),1,78198,1.25,1.25,19549.5,19549.5
48495,2013,All Issues (Census),1,78198,1.25,1.25,19549.5,19549.5
48495,2021,Payment Months (Type 3),3,66711,1.25,2.5,16677.75,100066.5
48495,2021,All Issues (Census),3,66711,1.25,2.5,16677.75,100066.5
48495,2022,Payment Months (Type 3),2,93763,1.25,2.5,23440.75,140644.5
48495,2022,All Issues (Census),2,93763,1.25,2.5,23440.75,140644.5
48495,2025,Payment Months (Type 3),1,,2,2,,
48495,2025,All Issues (Census),1,,2,2,,
48497,2011,Payment Months (Type 3),3,1215922.27,1.5,3,607961.14,2431844.54
48497,2011,All Issues (Census),3,1215922.27,1.5,3,607961.14,2431844.54
48499,2011,Payment Months (Type 3),1,377294,3,3,754588,754588
48499,2011,All Issues (Census),1,377294,3,3,754588,754588
48499,2012,Payment Months (Type 3),1,177262,1.25,1.25,44315.5,44315.5
48499,2012,All Issues (Census),1,177262,1.25,1.25,44315.5,44315.5
48499,2022,Payment Months (Type 3),1,854360.01,1.3333333333333333,1.3333333333333333,284786.67,284786.67
48499,2022,All Issues (Census),1,854360.01,1.3333333333333333,1.3333333333333333,284786.67,284786.67
48501,2011,Payment Months (Type 3),1,188727,3,3,377454,377454
48501,2011,All Issues (Census),1,188727,3,3,377454,377454
48501,2012,Payment Months (Type 3),1,253453,1.25,1.25,63363.25,63363.25
48501,2012,All Issues (Census),1,253453,1.25,1.25,63363.25,63363.25
48501,2018,Payment Months (Type 3),1,128087,1.3333333333333333,1.3333333333333333,42695.67,42695.67
48501,2018,All Issues (Census),1,128087,1.3333333333333333,1.3333333333333333,42695.67,42695.67
48501,2020,Payment Months (Type 3),1,187835,1.25,1.25,46958.75,46958.75
48501,2020,All Issues (Census),1,187835,1.25,1.25,46958.75,46958.75
48501,2021,Payment Months (Type 3),3,172769,1.25,1.6666666666666667,43192.25,115179.33
48501,2021,All Issues (Census),3,172769,1.25,1.6666666666666667,43192.25,115179.33
48501,2022,Payment Months (Type 3),2,224548,1.25,1.6666666666666667,56137,149698.67
48501,2022,All Issues (Census),2,224548,1.25,1.6666666666666667,56137,149698.67
48501,2023,Payment Months (Type 3),1,227316,1.3333333333333333,1.3333333333333333,75772,75772
48501,2023,All Issues (Census),1,227316,1.3333333333333333,1.3333333333333333,75772,75772
48503,2011,Payment Months (Type 3),1,1321511,3,3,2643022,2643022
48503,2011,All Issues (Census),1,1321511,3,3,2643022,2643022
48503,2012,Threshold (Type 2),2,1371734.47,3,3,2743468.94,2743468.94
48503,2012,All Issues (Census),2,1371734.47,3,3,2743468.94,2743468.94
48503,2013,Payment Months (Type 3),1,3176733,1.25,1.25,794183.25,794183.25
48503,2013,All Issues (Census),1,3176733,1.25,1.25,794183.25,794183.25
48503,2014,Payment Months (Type 3),1,2693593,1.25,1.25,673398.25,673398.25
48503,2014,All Issues (Census),1,2693593,1.25,1.25,673398.25,673398.25
48503,2015,Payment Months (Type 3),1,2053765,1.25,1.25,513441.25,513441.25
48503,2015,All Issues (Census),1,2053765,1.25,1.25,513441.25,513441.25
48505,2011,Payment Months (Type 3),1,488906.56,1.5,1.5,244453.28,244453.28
48505,2011,All Issues (Census),1,488906.56,1.5,1.5,244453.28,244453.28
48505,2012,Payment Months (Type 3),1,586166,1.6666666666666667,1.6666666666666667,390777.33,390777.33
48505,2012,All Issues (Census),1,586166,1.6666666666666667,1.6666666666666667,390777.33,390777.33
48505,2020,Payment Months (Type 3),3,436019,1.3333333333333333,1.6666666666666667,145339.67,290679.33
48505,2020,All Issues (Census),3,436019,1.3333333333333333,1.6666666666666667,145339.67,290679.33
48505,2021,Payment Months (Type 3),3,447424.5,1.3333333333333333,1.6666666666666667,149141.5,298283
48505,2021,All Issues (Census),3,447424.5,1.3333333333333333,1.6666666666666667,149141.5,298283
48505,2022,Payment Months (Type 3),1,575367,1.3333333333333333,1.3333333333333333,191789,191789
48505,2022,All Issues (Census),1,575367,1.3333333333333333,1.3333333333333333,191789,191789
48505,2023,Payment Months (Type 3),1,648972.5,1.3333333333333333,1.3333333333333333,216324.17,216324.17
48505,2023,All Issues (Census),1,648972.5,1.3333333333333333,1.3333333333333333,216324.17,216324.17
48507,2012,Payment Months (Type 3),1,464724,1.6666666666666667,1.6666666666666667,309816,309816
48507,2012,All Issues (Census),1,464724,1.6666666666666667,1.6666666666666667,309816,309816
48507,2013,Payment Months (Type 3),1,386763.67,1.25,1.25,96690.92,96690.92
48507,2013,All Issues (Census),1,386763.67,1.25,1.25,96690.92,96690.92
48507,2014,Payment Months (Type 3),1,309973,1.3333333333333333,1.3333333333333333,103324.33,103324.33
48507,2014,All Issues (Census),1,309973,1.3333333333333333,1.3333333333333333,103324.33,103324.33
48507,2015,Payment Months (Type 3),1,229744,1.3333333333333333,1.3333333333333333,76581.33,76581.33
48507,2015,All Issues (Census),1,229744,1.3333333333333333,1.3333333333333333,76581.33,76581.33
48507,2020,Payment Months (Type 3),3,152542,1.3333333333333333,1.3333333333333333,50847.33,50847.33
48507,2020,All Issues (Census),3,152542,1.3333333333333333,1.3333333333333333,50847.33,50847.33
48507,2021,Payment Months (Type 3),3,148966,1.3333333333333333,1.6666666666666667,49655.33,99310.67
48507,2021,All Issues (Census),3,148966,1.3333333333333333,1.6666666666666667,49655.33,99310.67
48507,2022,Payment Months (Type 3),4,299733,1.25,1.3333333333333333,74933.25,99911
48507,2022,All Issues (Census),4,299733,1.25,1.3333333333333333,74933.25,99911
48507,2023,Payment Months (Type 3),1,278783,1.3333333333333333,1.3333333333333333,92927.67,92927.67
48507,2023,All Issues (Census),1,278783,1.3333333333333333,1.3333333333333333,92927.67,92927.67
48507,2025,Payment Months (Type 3),4,174764.2,1.25,1.6666666666666667,43691.05,116509.47
48507,2025,All Issues (Census),4,174764.2,1.25,1.6666666666666667,43691.05,116509.47
49003,2023,Boundary (Type 1),1,540221,4,4,1620663,1620663
49003,2023,All Issues (Census),1,540221,4,4,1620663,1620663
51003,2024,Payment Months (Type 3),1,403887,1.3333333333333333,1.3333333333333333,134629,134629
51003,2024,All Issues (Census),1,403887,1.3333333333333333,1.3333333333333333,134629,134629
51015,2024,Payment Months (Type 3),1,3693701,1.3333333333333333,1.3333333333333333,1231233.67,1231233.67
51015,2024,All Issues (Census),1,3693701,1.3333333333333333,1.3333333333333333,1231233.67,1231233.67
51043,2024,Payment Months (Type 3),1,382649,1.3333333333333333,1.3333333333333333,127549.67,127549.67
51043,2024,All Issues (Census),1,382649,1.3333333333333333,1.3333333333333333,127549.67,127549.67
51061,2024,Payment Months (Type 3),1,803486,1.3333333333333333,1.3333333333333333,267828.67,267828.67
51061,2024,All Issues (Census),1,803486,1.3333333333333333,1.3333333333333333,267828.67,267828.67
51069,2024,Payment Months (Type 3),2,494226,1.3333333333333333,1.3333333333333333,164742,164742
51069,2024,All Issues (Census),2,494226,1.3333333333333333,1.3333333333333333,164742,164742
51079,2024,Payment Months (Type 3),1,208633,1.3333333333333333,1.3333333333333333,69544.33,69544.33
51079,2024,All Issues (Census),1,208633,1.3333333333333333,1.3333333333333333,69544.33,69544.33
51091,2024,Payment Months (Type 3),1,1160077,1.3333333333333333,1.3333333333333333,386692.33,386692.33
51091,2024,All Issues (Census),1,1160077,1.3333333333333333,1.3333333333333333,386692.33,386692.33
51107,2024,Payment Months (Type 3),1,231109,1.3333333333333333,1.3333333333333333,77036.33,77036.33
51107,2024,All Issues (Census),1,231109,1.3333333333333333,1.3333333333333333,77036.33,77036.33
51113,2024,Payment Months (Type 3),1,691937,1.3333333333333333,1.3333333333333333,230645.67,230645.67
51113,2024,All Issues (Census),1,691937,1.3333333333333333,1.3333333333333333,230645.67,230645.67
51139,2024,Payment Months (Type 3),1,653242,1.3333333333333333,1.3333333333333333,217747.33,217747.33
51139,2024,All Issues (Census),1,653242,1.3333333333333333,1.3333333333333333,217747.33,217747.33
51157,2024,Payment Months (Type 3),1,93533,1.3333333333333333,1.3333333333333333,31177.67,31177.67
51157,2024,All Issues (Census),1,93533,1.3333333333333333,1.3333333333333333,31177.67,31177.67
51165,2024,Payment Months (Type 3),2,1832861,1.3333333333333333,1.3333333333333333,610953.67,610953.67
51165,2024,All Issues (Census),2,1832861,1.3333333333333333,1.3333333333333333,610953.67,610953.67
51171,2024,Payment Months (Type 3),1,1078427.96,1.3333333333333333,1.3333333333333333,359475.99,359475.99
51171,2024,All Issues (Census),1,1078427.96,1.3333333333333333,1.3333333333333333,359475.99,359475.99
51187,2024,Payment Months (Type 3),1,213306,1.3333333333333333,1.3333333333333333,71102,71102
51187,2024,All Issues (Census),1,213306,1.3333333333333333,1.3333333333333333,71102,71102
51820,2024,Payment Months (Type 3),1,,1.3333333333333333,1.3333333333333333,,
51820,2024,All Issues (Census),1,,1.3333333333333333,1.3333333333333333,,
53017,2022,Boundary (Type 1),2,119617,4,4,358851,358851
53017,2022,All Issues (Census),2,119617,4,4,358851,358851
53047,2020,Threshold (Type 2),2,200904,4,4,602712,602712
54001,2024,Payment Months (Type 3),2,766104,1.3333333333333333,1.5,255368,383052
54001,2024,All Issues (Census),2,766104,1.3333333333333333,1.5,255368,383052
54003,2024,Payment Months (Type 3),2,476328,1.3333333333333333,2,158776,476328
54003,2024,All Issues (Census),2,476328,1.3333333333333333,2,158776,476328
54005,2024,Payment Months (Type 3),2,10965,1.3333333333333333,1.5,3655,5482.5
54005,2024,All Issues (Census),2,10965,1.3333333333333333,1.5,3655,5482.5
54007,2024,Payment Months (Type 3),2,611386,1.5,1.6666666666666667,305693,407590.67
54007,2024,All Issues (Census),2,611386,1.5,1.6666666666666667,305693,407590.67
54007,2025,Payment Months (Type 3),1,164153.21,1.3333333333333333,1.3333333333333333,54717.74,54717.74
54007,2025,All Issues (Census),1,164153.21,1.3333333333333333,1.3333333333333333,54717.74,54717.74
54009,2024,Payment Months (Type 3),2,47877,1.3333333333333333,1.5,15959,23938.5
54009,2024,All Issues (Census),2,47877,1.3333333333333333,1.5,15959,23938.5
54011,2024,Payment Months (Type 3),2,165266,1.3333333333333333,1.5,55088.67,82633
54011,2024,All Issues (Census),2,165266,1.3333333333333333,1.5,55088.67,82633
54013,2024,Payment Months (Type 3),2,256684,1.6666666666666667,2,171122.67,256684
54013,2024,All Issues (Census),2,256684,1.6666666666666667,2,171122.67,256684
54015,2024,Payment Months (Type 3),2,77428,1.5,1.6666666666666667,38714,51618.67
54015,2024,All Issues (Census),2,77428,1.5,1.6666666666666667,38714,51618.67
54017,2024,Payment Months (Type 3),2,229439,1.3333333333333333,1.5,76479.67,114719.5
54017,2024,All Issues (Census),2,229439,1.3333333333333333,1.5,76479.67,114719.5
54019,2024,Payment Months (Type 3),1,206252,1.3333333333333333,1.3333333333333333,68750.67,68750.67
54019,2024,All Issues (Census),1,206252,1.3333333333333333,1.3333333333333333,68750.67,68750.67
54021,2024,Payment Months (Type 3),2,554170,1.5,1.6666666666666667,277085,369446.67
54021,2024,All Issues (Census),2,554170,1.5,1.6666666666666667,277085,369446.67
54023,2024,Payment Months (Type 3),2,1098738,1.3333333333333333,2,366246,1098738
54023,2024,All Issues (Census),2,1098738,1.3333333333333333,2,366246,1098738
54025,2024,Payment Months (Type 3),1,3093223.79,1.3333333333333333,1.3333333333333333,1031074.6,1031074.6
54025,2024,All Issues (Census),1,3093223.79,1.3333333333333333,1.3333333333333333,1031074.6,1031074.6
54027,2024,Payment Months (Type 3),2,949124.2,1.3333333333333333,2,316374.73,949124.2
54027,2024,All Issues (Census),2,949124.2,1.3333333333333333,2,316374.73,949124.2
54031,2024,Payment Months (Type 3),2,1403388,1.3333333333333333,2,467796,1403388
54031,2024,All Issues (Census),2,1403388,1.3333333333333333,2,467796,1403388
54033,2024,Payment Months (Type 3),2,1113006,1.3333333333333333,1.5,371002,556503
54033,2024,All Issues (Census),2,1113006,1.3333333333333333,1.5,371002,556503
54035,2024,Payment Months (Type 3),2,1371746,1.6666666666666667,2,914497.33,1371746
54035,2024,All Issues (Census),2,1371746,1.6666666666666667,2,914497.33,1371746
54037,2024,Payment Months (Type 3),2,605430,1.3333333333333333,2,201810,605430
54037,2024,All Issues (Census),2,605430,1.3333333333333333,2,201810,605430
54039,2024,Payment Months (Type 3),2,162090,1.5,1.6666666666666667,81045,108060
54039,2024,All Issues (Census),2,162090,1.5,1.6666666666666667,81045,108060
54041,2024,Payment Months (Type 3),2,672586,1.3333333333333333,1.5,224195.33,336293
54041,2024,All Issues (Census),2,672586,1.3333333333333333,1.5,224195.33,336293
54041,2025,Payment Months (Type 3),1,222304.26,1.3333333333333333,1.3333333333333333,74101.42,74101.42
54041,2025,All Issues (Census),1,222304.26,1.3333333333333333,1.3333333333333333,74101.42,74101.42
54043,2024,Payment Months (Type 3),2,164610,1.3333333333333333,1.5,54870,82305
54043,2024,All Issues (Census),2,164610,1.3333333333333333,1.5,54870,82305
54045,2024,Payment Months (Type 3),4,26302,0.75,1.5,-6575.5,13151
54045,2024,All Issues (Census),4,26302,0.75,1.5,-6575.5,13151
54049,2024,Payment Months (Type 3),2,308922,1.3333333333333333,1.5,102974,154461
54049,2024,All Issues (Census),2,308922,1.3333333333333333,1.5,102974,154461
54051,2024,Payment Months (Type 3),2,267669.57,1.3333333333333333,1.5,89223.19,133834.78
54051,2024,All Issues (Census),2,267669.57,1.3333333333333333,1.5,89223.19,133834.78
54053,2024,Payment Months (Type 3),2,1348886,1.6666666666666667,2,899257.33,1348886
54053,2024,All Issues (Census),2,1348886,1.6666666666666667,2,899257.33,1348886
54057,2024,Payment Months (Type 3),2,393868.62,1.3333333333333333,2,131289.54,393868.62
54057,2024,All Issues (Census),2,393868.62,1.3333333333333333,2,131289.54,393868.62
54061,2024,Payment Months (Type 3),1,257202,1.3333333333333333,1.3333333333333333,85734,85734
54061,2024,All Issues (Census),1,257202,1.3333333333333333,1.3333333333333333,85734,85734
54065,2024,Payment Months (Type 3),2,106305,1.3333333333333333,2,35435,106305
54065,2024,All Issues (Census),2,106305,1.3333333333333333,2,35435,106305
54067,2024,Payment Months (Type 3),2,522226,1.3333333333333333,1.5,174075.33,261113
54067,2024,All Issues (Census),2,522226,1.3333333333333333,1.5,174075.33,261113
54067,2025,Payment Months (Type 3),1,312723.81,1.3333333333333333,1.3333333333333333,104241.27,104241.27
54067,2025,All Issues (Census),1,312723.81,1.3333333333333333,1.3333333333333333,104241.27,104241.27
54069,2024,Payment Months (Type 3),2,114575,1.3333333333333333,1.5,38191.67,57287.5
54069,2024,All Issues (Census),2,114575,1.3333333333333333,1.5,38191.67,57287.5
54071,2024,Payment Months (Type 3),2,1885358,1.3333333333333333,2,628452.67,1885358
54071,2024,All Issues (Census),2,1885358,1.3333333333333333,2,628452.67,1885358
54073,2024,Payment Months (Type 3),2,96534,1.3333333333333333,1.5,32178,48267
54073,2024,All Issues (Census),2,96534,1.3333333333333333,1.5,32178,48267
54075,2024,Payment Months (Type 3),2,1370041,1.3333333333333333,2,456680.33,1370041
54075,2024,All Issues (Census),2,1370041,1.3333333333333333,2,456680.33,1370041
54075,2025,Payment Months (Type 3),1,525331.05,1.3333333333333333,1.3333333333333333,175110.35,175110.35
54075,2025,All Issues (Census),1,525331.05,1.3333333333333333,1.3333333333333333,175110.35,175110.35
54077,2024,Payment Months (Type 3),1,1301346.3,1.3333333333333333,1.3333333333333333,433782.1,433782.1
54077,2024,All Issues (Census),1,1301346.3,1.3333333333333333,1.3333333333333333,433782.1,433782.1
54079,2024,Payment Months (Type 3),2,621827,1.6666666666666667,2,414551.33,621827
54079,2024,All Issues (Census),2,621827,1.6666666666666667,2,414551.33,621827
54083,2024,Payment Months (Type 3),2,819898,1.3333333333333333,2,273299.33,819898
54083,2024,All Issues (Census),2,819898,1.3333333333333333,2,273299.33,819898
54083,2025,Payment Months (Type 3),1,472410.65,1.3333333333333333,1.3333333333333333,157470.22,157470.22
54083,2025,All Issues (Census),1,472410.65,1.3333333333333333,1.3333333333333333,157470.22,157470.22
54085,2024,Payment Months (Type 3),2,475950,1.3333333333333333,1.5,158650,237975
54085,2024,All Issues (Census),2,475950,1.3333333333333333,1.5,158650,237975
54087,2024,Payment Months (Type 3),2,930937,1.6666666666666667,2,620624.67,930937
54087,2024,All Issues (Census),2,930937,1.6666666666666667,2,620624.67,930937
54091,2024,Payment Months (Type 3),2,450678.33,1.3333333333333333,1.5,150226.11,225339.16
54091,2024,All Issues (Census),2,450678.33,1.3333333333333333,1.5,150226.11,225339.16
54093,2024,Payment Months (Type 3),2,189117,1.3333333333333333,2,63039,189117
54093,2024,All Issues (Census),2,189117,1.3333333333333333,2,63039,189117
54093,2025,Payment Months (Type 3),2,15145.42,1.3333333333333333,1.3333333333333333,5048.47,5048.47
54093,2025,All Issues (Census),2,15145.42,1.3333333333333333,1.3333333333333333,5048.47,5048.47
54095,2024,Payment Months (Type 3),2,141666,1.3333333333333333,1.5,47222,70833
54095,2024,All Issues (Census),2,141666,1.3333333333333333,1.5,47222,70833
54097,2024,Payment Months (Type 3),2,502234,1.3333333333333333,1.5,167411.33,251117
54097,2024,All Issues (Census),2,502234,1.3333333333333333,1.5,167411.33,251117
54097,2025,Payment Months (Type 3),1,201189.2,1.3333333333333333,1.3333333333333333,67063.07,67063.07
54097,2025,All Issues (Census),1,201189.2,1.3333333333333333,1.3333333333333333,67063.07,67063.07
54099,2024,Payment Months (Type 3),2,133583,1.3333333333333333,1.5,44527.67,66791.5
54099,2024,All Issues (Census),2,133583,1.3333333333333333,1.5,44527.67,66791.5
54101,2024,Payment Months (Type 3),2,28014,1.5,1.6666666666666667,14007,18676
54101,2024,All Issues (Census),2,28014,1.5,1.6666666666666667,14007,18676
54101,2025,Payment Months (Type 3),1,5592.48,1.3333333333333333,1.3333333333333333,1864.16,1864.16
54101,2025,All Issues (Census),1,5592.48,1.3333333333333333,1.3333333333333333,1864.16,1864.16
54103,2024,Payment Months (Type 3),2,74518,1.3333333333333333,1.5,24839.33,37259
54103,2024,All Issues (Census),2,74518,1.3333333333333333,1.5,24839.33,37259
54105,2024,Payment Months (Type 3),2,585374,1.6666666666666667,2,390249.33,585374
54105,2024,All Issues (Census),2,585374,1.6666666666666667,2,390249.33,585374
54107,2024,Threshold (Type 2),2,523529,1.25,1.25,130882.25,130882.25
54107,2024,Payment Months (Type 3),1,523529,2,2,523529,523529
54107,2024,All Issues (Census),2,523529,1.3333333333333333,2,174509.67,523529
55001,2012,Payment Months (Type 3),1,36819,1.5,1.5,18409.5,18409.5
55001,2012,All Issues (Census),1,36819,1.5,1.5,18409.5,18409.5
55001,2023,Payment Months (Type 3),3,64451,1.5,2,32225.5,64451
55001,2023,All Issues (Census),3,64451,1.5,2,32225.5,64451
55003,2023,Payment Months (Type 3),1,210105,2,2,210105,210105
55003,2023,All Issues (Census),1,210105,2,2,210105,210105
55005,2023,Payment Months (Type 3),1,717049,2,2,717049,717049
55005,2023,All Issues (Census),1,717049,2,2,717049,717049
55007,2023,Payment Months (Type 3),1,238757,2.5,2.5,358135.5,358135.5
55007,2023,All Issues (Census),1,238757,2.5,2.5,358135.5,358135.5
55013,2023,Payment Months (Type 3),1,136003,2,2,136003,136003
55013,2023,All Issues (Census),1,136003,2,2,136003,136003
55021,2012,Payment Months (Type 3),1,267054,3,3,534108,534108
55021,2012,All Issues (Census),1,267054,3,3,534108,534108
55021,2023,Payment Months (Type 3),2,269343,1.3333333333333333,1.5,89781,134671.5
55021,2023,All Issues (Census),2,269343,1.3333333333333333,1.5,89781,134671.5
55023,2012,Payment Months (Type 3),1,563909,3,3,1127818,1127818
55023,2012,All Issues (Census),1,563909,3,3,1127818,1127818
55023,2023,Payment Months (Type 3),2,1649013,1.3333333333333333,1.5,549671,824506.5
55023,2023,All Issues (Census),2,1649013,1.3333333333333333,1.5,549671,824506.5
55025,2012,Payment Months (Type 3),1,149074,4,4,447222,447222
55025,2012,All Issues (Census),1,149074,4,4,447222,447222
55025,2023,Payment Months (Type 3),2,276150,1.3333333333333333,1.5,92050,138075
55025,2023,All Issues (Census),2,276150,1.3333333333333333,1.5,92050,138075
55027,2012,Payment Months (Type 3),1,55354,3,3,110708,110708
55027,2012,All Issues (Census),1,55354,3,3,110708,110708
55027,2023,Payment Months (Type 3),2,97715,1.3333333333333333,1.5,32571.67,48857.5
55027,2023,All Issues (Census),2,97715,1.3333333333333333,1.5,32571.67,48857.5
55031,2023,Payment Months (Type 3),1,334061,2.5,2.5,501091.5,501091.5
55031,2023,All Issues (Census),1,334061,2.5,2.5,501091.5,501091.5
55039,2012,Payment Months (Type 3),1,56826,1.5,1.5,28413,28413
55039,2012,All Issues (Census),1,56826,1.5,1.5,28413,28413
55039,2023,Payment Months (Type 3),1,67178,1.3333333333333333,1.3333333333333333,22392.67,22392.67
55039,2023,All Issues (Census),1,67178,1.3333333333333333,1.3333333333333333,22392.67,22392.67
55043,2012,Payment Months (Type 3),1,4787086,4,4,14361258,14361258
55043,2012,All Issues (Census),1,4787086,4,4,14361258,14361258
55043,2023,Payment Months (Type 3),2,4537683,1.3333333333333333,1.5,1512561,2268841.5
55043,2023,All Issues (Census),2,4537683,1.3333333333333333,1.5,1512561,2268841.5
55045,2012,Payment Months (Type 3),1,715772,4,4,2147316,2147316
55045,2012,All Issues (Census),1,715772,4,4,2147316,2147316
55045,2023,Payment Months (Type 3),2,487690,1.3333333333333333,1.5,162563.33,243845
55045,2023,All Issues (Census),2,487690,1.3333333333333333,1.5,162563.33,243845
55047,2012,Payment Months (Type 3),1,12123,1.5,1.5,6061.5,6061.5
55047,2012,All Issues (Census),1,12123,1.5,1.5,6061.5,6061.5
55047,2023,Payment Months (Type 3),1,50289,2,2,50289,50289
55047,2023,All Issues (Census),1,50289,2,2,50289,50289
55049,2012,Payment Months (Type 3),1,1900009,4,4,5700027,5700027
55049,2012,All Issues (Census),1,1900009,4,4,5700027,5700027
55049,2023,Payment Months (Type 3),2,2744227.7,1.3333333333333333,1.5,914742.57,1372113.85
55049,2023,All Issues (Census),2,2744227.7,1.3333333333333333,1.5,914742.57,1372113.85
55053,2012,Payment Months (Type 3),1,283651,1.5,1.5,141825.5,141825.5
55053,2012,All Issues (Census),1,283651,1.5,1.5,141825.5,141825.5
55053,2023,Payment Months (Type 3),1,337360.77,1.5,1.5,168680.38,168680.38
55053,2023,All Issues (Census),1,337360.77,1.5,1.5,168680.38,168680.38
55055,2012,Payment Months (Type 3),1,130254,4,4,390762,390762
55055,2012,All Issues (Census),1,130254,4,4,390762,390762
55055,2023,Payment Months (Type 3),2,161095,1.3333333333333333,1.5,53698.33,80547.5
55055,2023,All Issues (Census),2,161095,1.3333333333333333,1.5,53698.33,80547.5
55057,2012,Payment Months (Type 3),1,181795,1.5,1.5,90897.5,90897.5
55057,2012,All Issues (Census),1,181795,1.5,1.5,90897.5,90897.5
55057,2023,Payment Months (Type 3),2,422386,1.5,2,211193,422386
55057,2023,All Issues (Census),2,422386,1.5,2,211193,422386
55059,2012,Payment Months (Type 3),1,45730,4,4,137190,137190
55059,2012,All Issues (Census),1,45730,4,4,137190,137190
55063,2023,Payment Months (Type 3),1,338990,1.3333333333333333,1.3333333333333333,112996.67,112996.67
55063,2023,All Issues (Census),1,338990,1.3333333333333333,1.3333333333333333,112996.67,112996.67
55065,2012,Payment Months (Type 3),1,2021996,4,4,6065988,6065988
55065,2012,All Issues (Census),1,2021996,4,4,6065988,6065988
55065,2023,Payment Months (Type 3),1,1360222,1.5,1.5,680111,680111
55065,2023,All Issues (Census),1,1360222,1.5,1.5,680111,680111
55067,2023,Payment Months (Type 3),1,120198,1.5,1.5,60099,60099
55067,2023,All Issues (Census),1,120198,1.5,1.5,60099,60099
55069,2023,Payment Months (Type 3),1,106672,1.5,1.5,53336,53336
55069,2023,All Issues (Census),1,106672,1.5,1.5,53336,53336
55077,2012,Payment Months (Type 3),1,29467,1.5,1.5,14733.5,14733.5
55077,2012,All Issues (Census),1,29467,1.5,1.5,14733.5,14733.5
55077,2023,Payment Months (Type 3),2,41371,1.5,2,20685.5,41371
55077,2023,All Issues (Census),2,41371,1.5,2,20685.5,41371
55079,2012,Payment Months (Type 3),1,240,4,4,720,720
55079,2012,All Issues (Census),1,240,4,4,720,720
55081,2012,Payment Months (Type 3),1,329467,1.5,1.5,164733.5,164733.5
55081,2012,All Issues (Census),1,329467,1.5,1.5,164733.5,164733.5
55081,2023,Payment Months (Type 3),2,1109071,1.5,2,554535.5,1109071
55081,2023,All Issues (Census),2,1109071,1.5,2,554535.5,1109071
55085,2023,Payment Months (Type 3),1,9709,1.5,1.5,4854.5,4854.5
55085,2023,All Issues (Census),1,9709,1.5,1.5,4854.5,4854.5
55089,2012,Payment Months (Type 3),1,10452,1.5,1.5,5226,5226
55089,2012,All Issues (Census),1,10452,1.5,1.5,5226,5226
55097,2023,Payment Months (Type 3),1,322315,2,2,322315,322315
55097,2023,All Issues (Census),1,322315,2,2,322315,322315
55099,2023,Payment Months (Type 3),1,166846,1.5,1.5,83423,83423
55099,2023,All Issues (Census),1,166846,1.5,1.5,83423,83423
55101,2012,Payment Months (Type 3),1,33516,4,4,100548,100548
55101,2012,All Issues (Census),1,33516,4,4,100548,100548
55103,2012,Payment Months (Type 3),1,541283,3,3,1082566,1082566
55103,2012,All Issues (Census),1,541283,3,3,1082566,1082566
55103,2023,Payment Months (Type 3),2,1068267,1.3333333333333333,1.5,356089,534133.5
55103,2023,All Issues (Census),2,1068267,1.3333333333333333,1.5,356089,534133.5
55105,2012,Payment Months (Type 3),1,228620,4,4,685860,685860
55105,2012,All Issues (Census),1,228620,4,4,685860,685860
55105,2023,Payment Months (Type 3),2,139111,1.3333333333333333,1.5,46370.33,69555.5
55105,2023,All Issues (Census),2,139111,1.3333333333333333,1.5,46370.33,69555.5
55107,2023,Payment Months (Type 3),1,189704,1.5,1.5,94852,94852
55107,2023,All Issues (Census),1,189704,1.5,1.5,94852,94852
55111,2012,Payment Months (Type 3),1,341284,3,3,682568,682568
55111,2012,All Issues (Census),1,341284,3,3,682568,682568
55111,2023,Payment Months (Type 3),2,819682,1.3333333333333333,1.5,273227.33,409841
55111,2023,All Issues (Census),2,819682,1.3333333333333333,1.5,273227.33,409841
55113,2023,Payment Months (Type 3),1,59902,2,2,59902,59902
55113,2023,All Issues (Census),1,59902,2,2,59902,59902
55119,2023,Payment Months (Type 3),1,358228,1.5,1.5,179114,179114
55119,2023,All Issues (Census),1,358228,1.5,1.5,179114,179114
55123,2023,Payment Months (Type 3),2,1780676,1.3333333333333333,1.5,593558.67,890338
55123,2023,All Issues (Census),2,1780676,1.3333333333333333,1.5,593558.67,890338
55127,2012,Payment Months (Type 3),1,115403,4,4,346209,346209
55127,2012,All Issues (Census),1,115403,4,4,346209,346209
55129,2023,Payment Months (Type 3),1,233403,2,2,233403,233403
55129,2023,All Issues (Census),1,233403,2,2,233403,233403
55131,2012,Payment Months (Type 3),1,6290,1.5,1.5,3145,3145
55131,2012,All Issues (Census),1,6290,1.5,1.5,3145,3145
55133,2012,Payment Months (Type 3),1,25241,4,4,75723,75723
55133,2012,All Issues (Census),1,25241,4,4,75723,75723
55135,2023,Payment Months (Type 3),1,192597,2,2,192597,192597
55135,2023,All Issues (Census),1,192597,2,2,192597,192597
55137,2023,Payment Months (Type 3),1,25791,2,2,25791,25791
55137,2023,All Issues (Census),1,25791,2,2,25791,25791
55139,2023,Payment Months (Type 3),1,29725,1.3333333333333333,1.3333333333333333,9908.33,9908.33
55139,2023,All Issues (Census),1,29725,1.3333333333333333,1.3333333333333333,9908.33,9908.33
55141,2012,Payment Months (Type 3),1,70692,1.5,1.5,35346,35346
55141,2012,All Issues (Census),1,70692,1.5,1.5,35346,35346
55141,2023,Payment Months (Type 3),1,137016,1.5,1.5,68508,68508
55141,2023,All Issues (Census),1,137016,1.5,1.5,68508,68508
56007,2021,Payment Months (Type 3),1,3413596,1.25,1.25,853399,853399
56007,2021,All Issues (Census),1,3413596,1.25,1.25,853399,853399
56013,2022,Threshold (Type 2),2,5948948,1.3333333333333333,1.3333333333333333,1982982.67,1982982.67
56013,2022,All Issues (Census),2,5948948,1.3333333333333333,1.3333333333333333,1982982.67,1982982.67
56041,2013,Threshold (Type 2),3,452985,4,4,1358955,1358955
56043,2021,Threshold (Type 2),2,1779645,1.3333333333333333,1.3333333333333333,593215,593215
56043,2021,All Issues (Census),2,1779645,1.3333333333333333,1.3333333333333333,593215,593215
72019,2015,Payment Months (Type 3),8,8329,4,4,24987,24987
72019,2015,All Issues (Census),8,8329,4,4,24987,24987
72025,2015,Payment Months (Type 3),12,707712.83,0.25,0.25,-530784.62,-530784.62
72025,2015,All Issues (Census),12,707712.83,0.25,0.25,-530784.62,-530784.62
72025,2016,Payment Months (Type 3),4,,0.25,0.25,,
72025,2016,All Issues (Census),4,,0.25,0.25,,
